,Date,SP500,SP500 Log Returns,SP500 30 Day Volatility,SPX Put Call Ratio,SPX Put Volume,SPX Call Volume,Total SPX Options Volume,VIX,DJIA,NASDAQ,10Y_Treasury,High_Yield_Bonds,RUSSELL,EMB_Yield,MSCI_World,Consumer_Sentiment,USD_Index,Gold,Oil,DJIA_log_returns,NASDAQ_log_returns,RUSSELL_log_returns,MSCI_World_log_returns,USD_Index_log_returns,Gold_log_returns,Oil_log_returns,SP500_put_log_change,SP500_call_log_change,SP500_total_opts_log_change,Consumer_Sentiment_log_change,mlvols
30,2010-08-19,1075.63,-0.0170804091580984,19.20831418405953,1.31,581072.0,442228.0,1023300.0,26.44,10271.21,2178.95,2.579,8.3,610.96,111.35,1106.900024,68.9,82.45,1235.4,74.45,-0.0139540857742499,-0.0167252712655265,-0.0275723681271919,-0.0114974114306756,0.0027934675358753,0.0032430707846886,-0.0125468810935922,-0.1758233803277917,0.20149439068269,-0.0298395979957852,0.0,1.1862854345653553
31,2010-08-20,1071.69,-0.0036696947092673,19.463018043966134,2.03,471009.0,232471.0,703480.0,25.49,10213.62,2179.76,2.612,8.34,610.78,111.57,1093.800049,68.9,83.06,1228.8,73.45,-0.0056227121948335,0.0003716696037709,-0.0002946617141166,-0.0119054203631296,0.0073711891969994,-0.0053567208683906,-0.0135228565101312,-0.2099974713283252,-0.643060100118511,-0.3747485312245455,0.0,1.1882928378981064
32,2010-08-23,1067.36,-0.0040485317447247,19.946456764841933,1.78,285260.0,160060.0,445320.0,25.66,10174.41,2159.63,2.607,8.33,602.67,111.7,1068.5,68.9,83.12,1228.5,72.71,-0.0038463793060401,-0.0092778682704466,-0.0133670456238439,-0.0234021209514212,0.0007221085883646,-0.0002441704321745,-0.010125975957921,-0.5014761570188355,-0.373216741126134,-0.4572463220076574,0.0,1.1776919071852794
33,2010-08-24,1051.87,-0.0146187774439505,21.591282641205225,0.87,253205.0,290972.0,544177.0,27.46,10040.45,2123.76,2.499,8.36,595.59,111.35,1079.0,68.9,83.15,1233.4,71.24,-0.0132538104131665,-0.0167488080818243,-0.0118172723650706,0.0097788904989322,0.0003608588479648,0.0039806705961593,-0.0204244682405043,-0.1192016077848414,0.5976782976718855,0.2004814367219207,0.0,1.1805037968560077
34,2010-08-25,1055.33,0.0032839816909078,22.813717694797965,1.97,414968.0,210619.0,625587.0,26.7,10060.06,2141.54,2.538,8.4,604.87,111.0,1073.800049,68.9,83.26,1241.3,72.07,0.0019511948922215,0.0083370937501614,0.0154610480315238,-0.004830881637333,0.0013220361278927,0.006384633964509,0.0115834105148886,0.4940019715135211,-0.3231762285567967,0.1394158473816151,0.0,1.1854985912128273
35,2010-08-26,1047.22,-0.0077144802463369,24.37393003606063,1.47,353615.0,240743.0,594358.0,27.37,9985.81,2118.69,2.499,8.38,599.76,110.46,1077.300049,68.9,82.93,1237.7,73.36,-0.007408043608402,-0.0107272232336548,-0.0084839837138144,0.003254151763425,-0.0039713633037168,-0.0029043989759252,0.0177409590118591,-0.1599926581457236,0.1336791603967597,-0.0512085775455517,0.0,1.111748987134549
36,2010-08-27,1064.59,0.0164507145333914,24.38539881574175,1.11,381093.0,343799.0,724892.0,24.45,10150.65,2153.63,2.652,8.38,616.76,110.14,1089.199951,68.9,82.92,1237.9,75.17,0.0163726575861122,0.0163568173731212,0.0279503941083456,0.0109854804282303,-0.0001205908955332,0.0001615769917879,0.0243733872411686,0.0748346891504461,0.3563272098259382,0.1985408468224783,0.0,1.137608966852561
37,2010-08-30,1048.92,-0.0148286851148196,25.382814371199757,3.04,361417.0,118995.0,480412.0,27.21,10009.73,2119.97,2.545,8.36,601.72,109.99,1083.599976,68.9,83.16,1239.2,74.69,-0.0139801229098512,-0.0157528528942956,-0.0246877484735295,-0.0051546277499117,0.002890175422233,0.0010496145648941,-0.0064060008204025,-0.0530110234852188,-1.0609757088546117,-0.4113786091631013,0.0,1.1149008075075693
38,2010-08-31,1049.33,0.0003908018636655,26.516052184455567,1.82,299674.0,164500.0,464174.0,26.05,10014.72,2114.03,2.477,8.42,602.06,109.99,1080.699951,68.9,83.2,1250.3,71.93,0.0004983907276638,-0.0028058591861395,0.0005648872867816,-0.002679875094409,0.0004808848373505,0.0089175123982947,-0.0376527904897106,-0.1873371992042241,0.3238290947833508,-0.0343845871465386,0.0,1.2228288927489073
39,2010-09-01,1080.29,0.0290776583480756,26.29182260879694,1.21,528544.0,438618.0,967162.0,23.89,10269.47,2176.84,2.582,8.37,624.99,110.21,1111.5,68.2,82.52,1248.1,73.97,0.0251194053235312,0.0292782054610176,0.0373785414919956,0.028101520436115,-0.0082066596241121,-0.0017611275765458,0.0279661817205116,0.5674308391994458,0.9807183046079384,0.7341065279291126,-0.0102116131701963,1.1621697699753306
40,2010-09-02,1090.1,0.0090399115421746,26.288171023249596,1.31,274573.0,210312.0,484885.0,23.19,10320.1,2200.01,2.628,8.32,632.26,110.13,1119.199951,68.2,82.46,1253.4,74.99,0.0049180339413776,0.0105876218932081,0.0115650523448662,0.006903646165747,-0.000727360924297,0.0042374638661675,0.0136951657135213,-0.6549088926751381,-0.7350367323917055,-0.6904542604408466,0.0,1.1779042132124404
41,2010-09-03,1104.51,0.0131323625554022,26.318507704970365,2.08,458007.0,220653.0,678660.0,21.31,10447.93,2233.75,2.706,8.29,643.36,110.245,1131.5,68.2,83.1,1251.1,74.52,0.0123104227358208,0.0152198816830146,0.0174037411956975,0.0109300855035936,0.007731374582649,-0.0018366944672205,-0.0062872255799097,0.5116673041766404,0.0479991893945346,0.3362085163517498,0.0,1.1625480086515558
42,2010-09-08,1098.87,0.0064180326297202,25.60404542390651,2.04,402237.0,197068.0,599305.0,23.25,10387.01,2228.87,2.654,8.22,634.25,108.8,1128.599976,68.2,82.58,1257.5,74.65,-0.0058478856776709,-0.002187056906111,-0.0142612446695729,-0.0025662808038369,-0.0062771814034583,0.0051024586505397,0.0017429782518112,-0.1298430007000028,-0.1130424849733362,-0.1243496152750971,0.0,1.1664043262841755
43,2010-09-09,1104.18,0.0048205989722323,25.56369750252304,1.88,491183.0,261832.0,753015.0,22.81,10415.24,2236.2,2.761,8.19,634.62,109.07,1136.699951,68.2,82.67,1250.9,74.25,0.0027141311473233,0.0032832661457415,0.000583196088626,0.007151379315669,0.0010892588066395,-0.0052623307531982,-0.00537274630239,0.1997752999733215,0.2841542298738417,0.2283144974239643,0.0,1.1629112079251511
44,2010-09-10,1109.55,0.0048515496768288,25.73228685488544,1.95,457802.0,234282.0,692084.0,21.99,10462.77,2242.48,2.795,8.12,636.46,108.88,1139.0,68.2,82.7,1246.5,76.4,0.0045531237998019,0.0028043995622981,0.0028951777783428,0.0020213998617579,0.0003628227650613,-0.0035236682570838,0.0285449184896657,-0.0703799908846125,-0.1111775587379764,-0.0843778123861458,0.0,1.1767157043651577
45,2010-09-13,1121.9,0.0110691488489322,26.30728517823099,0.92,446342.0,486545.0,932887.0,21.21,10544.13,2285.71,2.741,8.04,652.28,109.3,1154.5,68.2,81.91,1247.1,77.17,0.00774606503672,0.0190943018892815,0.0245523452467164,0.0135166653473683,-0.009598518502135,0.0004812319630893,0.010028084297037,-0.0253513019186151,0.7308038768003389,0.2985767432944861,0.0,1.1769409068888361
46,2010-09-14,1121.1,-0.0007133303913713,26.101556497835382,1.58,543980.0,344231.0,888211.0,21.56,10526.49,2289.77,2.666,7.98,649.23,109.16,1158.199951,68.2,81.08,1271.7,76.78,-0.0016743697262988,0.0017746776581137,-0.0046868722994348,0.0031996836901102,-0.0101847619437114,0.0195337320999993,-0.0050665908968605,0.1978270071639478,-0.346016451140807,-0.0490747514491758,0.0,1.107546373161162
47,2010-09-15,1125.07,0.0035349097654728,26.296519895628503,1.53,692490.0,453308.0,1145798.0,22.1,10572.73,2301.32,2.723,7.95,652.51,109.58,1159.199951,68.2,81.49,1268.7,75.92,0.004383107435137,0.0050314955126511,0.0050394194562688,0.00086303625128,0.0050439917483293,-0.0023618338801485,-0.0112640352709787,0.2413813160497948,0.2752588625093146,0.254647289088254,0.0,1.1038281733945905
48,2010-09-16,1124.66,-0.0003644881870616,26.176879453661613,1.03,519709.0,505167.0,1024876.0,21.72,10594.83,2303.25,2.759,7.91,647.81,109.55,1157.099976,68.2,81.24,1273.8,74.58,0.002088101607363,0.0008382976534289,-0.007229021268599,-0.001813215595158,-0.0030725766199442,0.0040118047907133,-0.0178077795509974,-0.2870247579762903,0.1083172615301943,-0.111529707823017,0.0,1.098359760367663
49,2010-09-17,1125.59,0.0008265748720805,26.1667111940561,2.4,398714.0,166039.0,564753.0,22.01,10607.85,2315.61,2.746,7.89,651.44,109.5,1156.099976,68.2,81.4,1277.5,73.63,0.0012281467848929,0.0053519827416366,0.0055878536775653,-0.0008646032189565,0.0019675362963109,0.0029004841405937,-0.0128198233700498,-0.2650246716560094,-1.1126663671562085,-0.5959384412256163,0.0,1.1324231667414812
50,2010-09-20,1142.71,0.0150952917076274,27.286902548478224,2.16,434344.0,200634.0,634978.0,21.5,10753.62,2355.83,2.706,7.87,669.98,109.48,1171.599976,68.2,81.33,1280.8,74.81,0.0136481490020816,0.0172199552404714,0.0280625640343243,0.0133180645469446,-0.000860320829811,0.0025798396046452,0.0158990145036881,0.0855924789741262,0.1892596521696372,0.1172018852042278,0.0,1.1311340329705823
51,2010-09-21,1139.78,-0.0025673730087767,27.91997131376408,2.01,479147.0,238532.0,717679.0,22.35,10761.03,2349.35,2.594,7.84,664.66,109.61,1169.5,68.2,80.44,1274.3,72.96,0.0006888329852436,-0.0027544128372838,-0.0079722294800994,-0.0017940084445369,-0.0110033872742327,-0.0050878744642712,-0.0250402201182371,0.0981705928169844,0.173021120544714,0.1224320412481674,0.0,1.1314361922041822
52,2010-09-22,1134.28,-0.0048371729190872,28.497396606248437,2.14,335991.0,157311.0,493302.0,22.51,10739.31,2334.55,2.548,7.85,656.71,109.95,1170.599976,68.2,79.83,1292.1,72.98,-0.002020433852552,-0.006319541089736,-0.0120331109786953,0.0009401103305801,-0.0076121912467437,0.0138717935099412,0.0002740852422258,-0.3549230657926525,-0.4162787355467383,-0.3749008313119226,0.0,1.136728407891453
53,2010-09-23,1124.83,-0.0083661752808277,29.10706104640417,1.7,238462.0,140564.0,379026.0,23.87,10662.42,2327.08,2.555,7.88,648.84,110.04,1163.300049,68.2,80.01,1296.3,73.4,-0.0071854313479953,-0.0032048903039907,-0.0120563675524918,-0.0062555814105431,0.0022522532043254,0.0032452508778222,0.005738504612168,-0.3428744053964756,-0.1125618366170577,-0.2635167582469115,0.0,1.0673732665068225
54,2010-09-24,1148.67,0.0209728382218434,30.735418110662565,1.57,325244.0,206797.0,532041.0,21.71,10860.26,2381.22,2.612,7.86,671.01,110.06,1183.0,68.2,79.39,1298.1,74.63,0.0183848454285282,0.0229986986303147,0.0335978868083746,0.0167927490341162,-0.007779211125011,0.0013876042929519,0.0166186355228257,0.3103657013805669,0.3860747346871118,0.3391157497286983,0.0,1.0680573929637445
55,2010-09-27,1142.16,-0.0056835448498535,31.71839665071995,1.73,285811.0,165309.0,451120.0,22.54,10812.04,2369.77,2.517,7.84,668.29,110.65,1179.300049,68.2,79.34,1298.6,76.51,-0.0044499272869433,-0.0048200573640864,-0.0040618289250335,-0.0031325013323915,-0.0006300006508377,0.0003851041754376,0.0248788801004646,-0.1292449166656961,-0.2239211859534187,-0.164987174542329,0.0,1.0636218720373445
56,2010-09-28,1147.7,0.0048387332056574,32.79907329957322,2.36,356450.0,151125.0,507575.0,22.6,10858.14,2379.59,2.456,7.79,675.43,110.83,1184.099976,68.2,79.01,1308.3,76.15,0.0042547011186506,0.0041352999115975,0.0106273140223507,0.0040618884223571,-0.0041679883515417,0.007441823442444,-0.0047163719025897,0.2208632243550674,-0.0897091408708483,0.1179111037493783,0.0,1.0665108375243268
57,2010-09-29,1144.73,-0.0025911383655898,33.76610542249015,1.42,273665.0,192207.0,465872.0,23.25,10835.28,2376.56,2.506,7.75,677.64,111.02,1184.0,68.2,78.69,1310.3,77.85,-0.0021075522865068,-0.0012741399703193,0.0032666483851393,-8.443562440163532e-05,-0.0040583441877499,0.001527534093709,0.0220788189388363,-0.2642892469318472,0.2404656073334514,-0.0857335649651886,0.0,1.0526265177655674
58,2010-09-30,1141.2,-0.0030884609816874,34.49210291760376,1.76,306815.0,174032.0,480847.0,23.7,10788.05,2368.62,2.517,7.78,676.14,111.31,1179.199951,68.2,78.72,1309.6,79.95,-0.004368436786418,-0.0033465568894319,-0.002216018280432,-0.0040623355624749,0.0003811701971052,-0.0005343715536145,0.0266175409999558,0.1143402294523259,-0.0993337259169138,0.0316382139040563,0.0,1.0539652202772447
59,2010-10-01,1146.24,0.0044066800929467,34.95277332821712,1.32,250192.0,189120.0,439312.0,22.5,10829.68,2370.75,2.526,7.73,679.29,111.0,1184.199951,67.7,78.09,1317.8,81.57,0.003851472977141,0.0008988537056229,0.0046479798602261,0.0042311988380534,-0.0080352450694141,0.0062419324227942,0.020060108032526,-0.2040163369829617,0.0831425438662396,-0.0903392653936805,-0.0073583849311873,1.0116552114475283
60,2010-10-04,1137.03,-0.0080674208055651,34.80605213756188,1.48,284004.0,191362.0,475366.0,23.53,10751.27,2344.52,2.479,7.7,669.45,110.96,1175.300049,67.7,78.45,1316.8,81.43,-0.0072666258926386,-0.0111256706670408,-0.0145916553091502,-0.0075439238892389,0.0045994715044583,-0.0007591285569139,-0.0017177918334487,0.1267596994679074,0.0117851879949331,0.0788751668539387,0.0,1.0629286533048257
61,2010-10-05,1160.75,0.0206467482733039,35.245367837821505,1.16,423086.0,364935.0,788021.0,21.76,10944.72,2399.83,2.474,7.63,689.35,111.72,1199.0,67.7,77.75,1340.3,82.83,0.0178332610592164,0.0233172113971091,0.0292926448742489,0.0199644001972236,-0.0089629281196987,0.0176889185616451,0.0170465591311321,0.3985871455052727,0.645552333319527,0.5054397056015425,0.0,1.057306866660907
62,2010-10-06,1159.97,-0.0006722052030152,34.52787962306251,1.43,291673.0,203528.0,495201.0,21.49,10967.65,2380.66,2.399,7.56,685.33,112.01,1205.300049,67.7,77.39,1347.7,83.21,0.0020928825471404,-0.0080201413475817,-0.00584865053575,0.0052406632205617,-0.0046409777769751,0.0055059662906629,0.0045772183021659,-0.3719421563348675,-0.583915667976882,-0.4645609984945196,0.0,1.0095473519796856
63,2010-10-07,1158.06,-0.0016479514348439,33.54393674077728,1.38,311060.0,225162.0,536222.0,21.56,10948.58,2383.67,2.396,7.52,684.23,112.07,1206.400024,67.7,77.39,1335.0,81.34,-0.0017402632489993,0.0012635566388032,-0.0016063556712149,0.0009121988995151,0.0,-0.0094681439407633,-0.0227296324332595,0.0643525078769471,0.101016555573457,0.0795845136723354,0.0,1.0108999066798836
64,2010-10-08,1165.15,0.0061036428141756,31.847259872390666,1.69,342152.0,202901.0,545053.0,20.71,11006.48,2401.91,2.381,7.49,693.82,112.47,1209.800049,67.7,77.33,1345.3,82.66,0.005274422773537,0.0076229373768104,0.013918442460719,0.0028143590277842,-0.000775594661424,0.0076857446571469,0.0160979086045074,0.0952692631544565,-0.1041019677729195,0.0163347832146243,0.0,0.9891742901701468
65,2010-10-12,1169.77,0.0038114208763415,28.400327268637923,1.79,391360.0,218347.0,609707.0,18.93,11020.4,2417.92,2.422,7.48,696.04,113.12,1207.800049,67.7,77.36,1346.7,81.67,0.0012639104451537,0.0066434122710985,0.0031945690759851,-0.0016545337319442,0.0003878725240946,0.0010401189644992,-0.0120490717134016,0.1343727697279373,0.0733673650721282,0.1120954762627075,0.0,0.9615014130317393
66,2010-10-13,1178.1,0.0070958229814692,25.498961639894954,1.27,719009.0,566538.0,1285547.0,19.07,11096.08,2441.23,2.431,7.41,706.47,113.6,1222.099976,67.7,77.07,1370.5,83.03,0.0068437920851955,0.0095943441999732,0.014873608430622,0.0117701073621958,-0.0037557513551371,0.017518481286844,0.0165152509037547,0.6082460225291548,0.9534586163429336,0.7459610737826257,0.0,0.9092604727945492
67,2010-10-14,1173.81,-0.0036481028252293,24.469067127541283,1.49,602603.0,404512.0,1007115.0,19.88,11094.57,2435.38,2.495,7.42,704.69,113.01,1226.099976,67.7,76.65,1377.6,82.71,-0.0001360933548433,-0.002399208797156,-0.0025227485813541,0.0032677098584548,-0.0054644944720783,0.0051672179306256,-0.0038614745701242,-0.1766152699173382,-0.3368627544577638,-0.2440945008927482,0.0,0.9076362270291535
68,2010-10-15,1176.19,0.0020255326074201,23.86998850574742,2.85,402112.0,140893.0,543005.0,19.03,11062.78,2468.77,2.576,7.43,703.16,113.06,1223.400024,67.7,77.04,1372.0,81.23,-0.0028694786888312,0.0136172490465868,-0.0021735278649552,-0.0022044932381577,0.005075162172047,-0.0040733253876359,-0.0180558766409522,-0.4045279483301431,-1.0546806652671918,-0.6177265587993279,0.0,0.7714554963416551
69,2010-10-18,1184.71,0.007217617846341,24.308080525839568,1.45,258230.0,178633.0,436863.0,19.09,11143.69,2480.66,2.491,7.43,710.13,112.41,1227.900024,67.7,76.93,1372.1,83.06,0.00728709768266,0.004804602902797,0.009863589934719,0.0036715252861085,-0.0014288500190264,7.288364129909297e-05,0.0222786011397442,-0.4428799961165843,0.237332684765219,-0.2174988831950024,0.0,0.8366528372566129
70,2010-10-19,1165.9,-0.0160046979413595,22.734298246959742,1.46,311205.0,213441.0,524646.0,20.63,10978.62,2436.95,2.475,7.43,694.15,112.23,1208.800049,67.7,78.18,1336.0,79.57,-0.0149236733083615,-0.0177773963996417,-0.0227599763855979,-0.0156772402174345,0.016117942893965,-0.0266623378305386,-0.0429261008131636,0.1866011983493152,0.17802702606253,0.1831041046448156,0.0,0.8258767966191969
71,2010-10-20,1178.17,0.0104690662541422,21.82595938300522,1.93,636058.0,330030.0,966088.0,19.79,11107.97,2457.39,2.47,7.45,702.11,112.17,1221.900024,67.7,77.17,1344.2,81.93,0.0117131235621954,0.0083525536980157,0.0114020114262913,0.0107788714694203,-0.0130030798952969,0.006118965439275,0.02922808676428,0.714837895137455,0.4358231115457496,0.610531177927415,0.0,0.8143980201912185
72,2010-10-21,1180.26,0.0017723659783044,21.05625858853362,1.7,395101.0,231824.0,626925.0,19.27,11146.57,2459.67,2.531,7.42,698.12,112.2,1224.900024,67.7,77.42,1325.6,80.03,0.0034689585772884,0.0009273835029093,-0.0056990791504665,0.0024521836230571,0.0032343646799901,-0.0139338534235129,-0.0234636597747686,-0.4761483257317174,-0.3532050963410871,-0.432428011118569,0.0,0.8131195788741783
73,2010-10-22,1183.08,0.0023864542032576,20.483825323535356,1.06,270423.0,255459.0,525882.0,18.78,11132.56,2479.39,2.563,7.4,703.43,112.4,1223.0,67.7,77.47,1325.1,81.15,-0.0012576794378134,0.0079853675755465,0.0075773613595444,-0.001552370899903,0.0006456194943087,-0.0003772588417625,0.0138977295816458,-0.3791540286958703,0.0970834640214395,-0.1757500632831519,0.0,0.8117183303799482
74,2010-10-25,1185.62,0.0021446371204074,20.534000648770636,1.91,366773.0,191817.0,558590.0,19.85,11164.05,2490.85,2.554,7.35,707.89,113.08,1229.699951,67.7,77.1,1338.9,82.0,0.0028246465213541,0.004611455506601,0.0063203452751627,0.0054633406441109,-0.0047874840745274,0.0103604530327432,0.0104199533036526,0.3047557283534008,-0.2865201345844852,0.0603388984830566,0.0,0.7949524815295452
75,2010-10-26,1185.64,1.6868668978098356e-05,20.309579487658908,1.97,324875.0,164611.0,489486.0,20.22,11169.46,2497.29,2.636,7.31,706.93,112.92,1223.800049,67.7,77.71,1338.6,82.6,0.0004844737890117,0.0025821262346923,-0.0013570632975641,-0.0048093852636217,0.0078806686518673,-0.0002240896367915,0.0072904332626793,-0.1213026351148265,-0.1529566778297102,-0.1320598905045447,0.0,0.7979856678935365
76,2010-10-27,1182.45,-0.0026941559903086,19.94572509437131,2.15,354334.0,164490.0,518824.0,20.71,11126.28,2503.26,2.712,7.3,704.23,112.55,1213.900024,67.7,78.15,1322.6,81.9,-0.0038733905209102,0.0023877384833248,-0.0038266437465912,-0.0081224753929181,0.0056461076463349,-0.0120247954259804,-0.0085106896679088,0.0867994781779586,-0.0007353366015436,0.0582088510249985,0.0,0.7973953856075771
77,2010-10-28,1183.78,0.0011241511941459,19.4087507962582,2.22,372243.0,167631.0,539874.0,20.88,11113.95,2507.37,2.661,7.27,701.03,112.65,1221.300049,67.7,77.31,1342.5,82.2,-0.0011088015963185,0.0016405126388345,-0.0045543252226147,0.006077568623481,-0.0108067435351024,0.0149340511424584,0.0036563112031107,0.0493068956808748,0.0189153570606244,0.0397710670248407,0.0,0.7974642679369468
78,2010-10-29,1183.26,-0.0004393673181404,18.6858020844759,3.37,412796.0,122416.0,535212.0,21.2,11118.49,2507.41,2.612,7.27,703.35,113.015,1222.199951,67.7,77.27,1357.6,81.45,0.000408412217741,1.5952843395616867e-05,0.0033039520791318,0.0007365680709519,-0.0005175313868903,0.0111848875369968,-0.0091659670140806,0.1034066573774374,-0.3143400546551955,-0.0086728489112051,0.0,0.7974207988105443
79,2010-11-01,1184.38,0.0009460898477318,18.727268056247244,2.57,332110.0,129011.0,461121.0,21.83,11124.62,2504.84,2.628,7.44,698.56,112.63,1223.300049,71.6,77.3,1350.6,82.94,0.000551181930513,-0.0010254876453581,-0.0068335608421259,0.0008996917392805,0.0003881736478836,-0.005169496779275,0.0181281197701812,-0.2174872848563378,0.0524725915546131,-0.1490024486456249,0.0560088940483707,0.7649286150668706
80,2010-11-02,1193.57,0.0077293851876092,18.9320448889736,1.21,237656.0,196660.0,434316.0,21.57,11188.72,2533.52,2.594,7.41,712.89,112.98,1234.0,71.6,76.72,1356.9,83.91,0.0057454577691942,0.0113847798787345,0.0203060574508286,0.0087087603568765,-0.0075315250181935,0.0046537480111652,0.0116273410637433,-0.3346419893879879,0.4215786773079006,-0.0598881016861412,0.0,0.7620309763667702
81,2010-11-03,1197.96,0.0036712940509602,18.881639637548265,1.97,340559.0,172666.0,513225.0,19.56,11215.13,2540.27,2.619,7.38,715.14,113.55,1233.900024,71.6,76.48,1337.6,84.45,0.0023576315886035,0.0026607344735287,0.0031511969102648,-8.102111032304293e-05,-0.0031331618320367,-0.0143257228214697,0.0064148473718308,0.359764135221841,-0.1301172567719515,0.1669419657511124,0.0,0.8161605602067562
82,2010-11-04,1221.06,0.0190992238161777,19.525444963800293,1.73,821214.0,474096.0,1295310.0,18.52,11434.84,2577.34,2.484,7.25,733.46,114.13,1263.400024,71.6,75.88,1383.1,86.49,0.019401075724069,0.0144874847338174,0.0252947353127144,0.0236266141059484,-0.0078761236763327,0.0334503933002245,0.0238691570646114,0.8801953480461329,1.0100507402538224,0.9257909822189934,0.0,0.7903797704405698
83,2010-11-05,1225.85,0.0039151469556095,21.49154118818776,1.62,457927.0,282470.0,740397.0,18.26,11444.08,2578.98,2.536,7.2,736.59,113.67,1264.699951,71.6,76.55,1397.7,86.85,0.0008077304787441,0.0006361125978608,0.0042583649942038,0.0010283826806052,0.0087909770368792,0.0105006718601989,0.0041536923686935,-0.5840739504573964,-0.5178374825767058,-0.5593187988983885,0.0,0.7153683278891027
84,2010-11-08,1223.25,-0.0021232297388884,22.50310733076884,1.25,267589.0,214469.0,482058.0,18.29,11406.84,2580.05,2.563,7.19,736.77,113.1,1261.699951,71.6,77.03,1403.2,87.07,-0.0032593902537545,0.0004148066653391,0.0002443394701847,-0.0023749220443596,0.0062508342611815,0.0039273141270577,0.0025299001534095,-0.5372575614835338,-0.2754071444779562,-0.4291220900657766,0.0,0.7255772011676201
85,2010-11-09,1213.4,-0.0080849146610351,22.83850918096562,1.59,328221.0,206254.0,534475.0,19.08,11346.75,2562.98,2.659,7.18,725.98,112.09,1258.800049,71.6,77.44,1410.1,87.04,-0.0052818161614993,-0.0066381345946551,-0.0147533012638048,-0.0023010539809922,0.0053084866034476,0.0049052812252652,-0.0003446097328909,0.2042349407031416,-0.0390567868130951,0.1032205179249725,0.0,0.7249960618837024
86,2010-11-10,1218.71,0.0043665857524342,23.08275438254485,1.61,332418.0,206909.0,539327.0,18.47,11357.04,2578.78,2.648,7.25,734.87,111.95,1253.699951,71.6,77.63,1399.3,87.77,0.0009064566492718,0.0061457748829933,0.0121711465850911,-0.0040597850785442,0.0024505074492671,-0.0076885122815166,0.008351973496393,0.0127060511559111,0.0031706641143198,0.0090371093024472,0.0,0.7292452126138417
87,2010-11-11,1213.54,-0.0042512141320765,22.58124299440203,1.64,264923.0,161571.0,426494.0,18.64,11283.1,2555.52,2.648,7.25,731.58,111.72,1247.5,71.6,78.22,1403.3,87.77,-0.0065317849520791,-0.0090606934263739,-0.0044870340208333,-0.0049575914119941,0.0075714189097793,0.0028544941954224,0.0,-0.2269539954136998,-0.2473344085430486,-0.2347237671514506,0.0,0.76655086707154
88,2010-11-12,1199.21,-0.0118787014823409,21.64590955757036,1.22,482395.0,394483.0,876878.0,20.61,11192.58,2518.21,2.756,7.36,719.27,110.82,1236.300049,71.6,78.08,1365.5,84.89,-0.0080549722571596,-0.0147073937846249,-0.0169697700120359,-0.0090184609784005,-0.001791427222531,-0.0273059438433298,-0.0333634558541495,0.5993240627908101,0.8926313722978456,0.7207695732536052,0.0,0.7665231708153212
89,2010-11-15,1197.75,-0.0012182098829827,19.76993479892663,1.46,282617.0,193520.0,476137.0,20.2,11201.97,2513.82,2.911,7.4,719.94,109.82,1234.599976,71.6,78.52,1368.5,84.88,0.0008385969399071,-0.0017448231086643,0.0009310664161601,-0.0013760761269727,0.0056194273034231,0.0021945875669739,-0.0001178064441491,-0.5346706563785624,-0.7121951805334685,-0.6106622441444305,0.0,0.8145592978172674
90,2010-11-16,1178.34,-0.0163381284080452,19.219098331853083,1.8,688513.0,382553.0,1071066.0,22.58,11023.5,2469.84,2.847,7.59,705.34,109.07,1210.5,71.6,79.21,1338.4,82.33,-0.016060298035958,-0.0176501373455666,-0.0204879191430986,-0.0197135141421878,0.0087491840679279,-0.02224037880812,-0.0305029329953923,0.8904415754789348,0.6814863394574822,0.8107040652522457,0.0,0.7252310166096197
91,2010-11-17,1178.59,0.0002121403698351,18.588284024844363,1.6,647764.0,405506.0,1053270.0,21.76,11007.88,2476.01,2.864,7.58,707.77,109.81,1214.099976,71.6,79.08,1336.9,80.43,-0.0014179776861205,0.0024950223725985,0.0034392260973667,0.0029695444040873,-0.0016425551737722,-0.0011213696835365,-0.0233483203943576,-0.0610077671317945,0.0582684642342172,-0.0167548036759939,0.0,0.7734822025112953
92,2010-11-18,1196.69,0.0152406035063403,17.750189019547193,1.19,559045.0,468464.0,1027509.0,18.75,11181.23,2514.4,2.902,7.52,720.84,110.21,1235.800049,71.6,78.62,1353.0,81.88,0.0156250995957378,0.0153858129148138,0.0182980164914496,0.0177155314951074,-0.0058338783087021,0.0119708481817104,0.0178675198771109,-0.1472964616758538,0.1443235877507298,-0.0247621840667786,0.0,0.7721909270847132
93,2010-11-19,1199.73,0.0025371192284318,17.233000849405844,1.09,354882.0,324830.0,679712.0,18.04,11203.55,2518.12,2.875,7.54,724.36,109.56,1235.300049,71.6,78.5,1352.3,81.65,0.0019942127996799,0.0014783848559138,0.0048713077230715,-0.0004046780680626,-0.0015274952053507,-0.0005175026914736,-0.0028129413766144,-0.4544446309555638,-0.3661572891899993,-0.4132235264116417,0.0,0.7680759642600979
94,2010-11-22,1197.84,-0.00157659663033,16.59892562995322,2.21,345343.0,156142.0,501485.0,18.37,11178.58,2532.02,2.813,7.56,727.33,110.06,1232.099976,71.6,78.68,1357.8,81.24,-0.0022312452263779,0.0055048117877536,0.0040917883898421,-0.0025938840575605,0.0022903687324955,0.0040588963882326,-0.0050340827042898,-0.0272472138164321,-0.7325361189265429,-0.3040954823589974,0.0,0.814260471809241
95,2010-11-23,1180.73,-0.0143870435833122,16.216107931206285,1.99,360070.0,181312.0,541382.0,20.63,11036.37,2494.95,2.762,7.66,719.93,109.06,1208.300049,71.6,79.68,1377.6,80.79,-0.0128032647046971,-0.0147487142223718,-0.0102263097014922,-0.01950555756558,0.0126296197554838,0.0144771118059194,-0.005554541220567,0.0417603309551957,0.1494534545803922,0.0765514328049743,0.0,0.8483987650597615
96,2010-11-24,1198.35,0.0148127193500089,16.035764754576338,2.0,301226.0,150502.0,451728.0,19.56,11187.28,2543.12,2.914,7.68,736.53,108.77,1221.099976,71.6,79.87,1373.0,83.21,0.0135812361700278,0.0191229847643343,0.0227959832091748,0.0105376185984615,0.0023816996529548,-0.0033447279054952,0.0295143374207214,-0.1784376434113248,-0.1862429310708737,-0.1810449007059098,0.0,0.8625473239080624
97,2010-11-29,1187.76,-0.0013797979607534,15.354472095551577,2.24,339116.0,151633.0,490749.0,21.53,11052.49,2525.22,2.822,7.71,731.95,108.2,1202.199951,71.6,80.83,1367.5,85.73,-0.0121216766579728,-0.007063486042143,-0.0062377626532459,-0.0155989013381141,0.0119478708164555,-0.0040138714718347,0.029835289778326,0.1184814181586872,0.0074867544829171,0.0828525666725514,0.0,0.8700133642261342
98,2010-11-30,1180.55,-0.0060887487487679,15.456278626023051,2.12,342442.0,161303.0,503745.0,23.54,11006.02,2498.23,2.797,7.93,727.01,107.6,1193.0,71.6,81.19,1386.1,84.12,-0.0042133461186377,-0.0107457065209146,-0.0067719730203181,-0.0076820277485358,0.0044439031286023,0.0135097929231706,-0.0189584718561652,0.0097600685563392,0.0618214562221783,0.0261373921962277,0.0,0.9465762283368946
99,2010-12-01,1206.07,0.0213867081574665,14.705076803363989,1.67,433978.0,260012.0,693990.0,21.36,11255.78,2549.43,2.964,7.88,743.14,107.58,1218.900024,74.5,80.71,1388.3,86.75,0.022439378663055,0.020287323648354,0.0219442196736654,0.0214776892537589,-0.0059296035380747,0.0015859288214494,0.0307860679924694,0.2368915412748897,0.4774431999543527,0.3203873635277681,0.0397040514189139,0.9184922290831381
100,2010-12-02,1221.53,0.0127370316430184,15.135416124576412,1.58,440526.0,279162.0,719688.0,19.39,11362.41,2579.35,3.0,7.82,751.2,108.28,1239.199951,74.5,80.3,1389.3,87.98,0.0094287641905541,0.0116676244351765,0.0107874756232853,0.0165171382093438,-0.0050928623835648,0.0007200461140595,0.0140790970936048,0.0149756258996252,0.071064474676854,0.0363602335796571,0.0,0.9031987462174182
101,2010-12-03,1224.71,0.0025999098954114,15.679171776146733,1.31,316799.0,241539.0,558338.0,18.01,11382.09,2591.46,3.017,7.79,756.42,108.91,1247.199951,74.5,79.38,1406.2,89.18,0.0017305286914517,0.0046839942449672,0.0069248495771798,0.0064350288945425,-0.011523173597796,0.0120910076102447,0.0135472832787568,-0.3297019641013143,-0.1447613077358394,-0.2538532709956627,0.0,0.9044206733136666
102,2010-12-06,1223.12,-0.00129911000651,16.08537946842964,1.32,343677.0,261073.0,604750.0,18.02,11362.19,2594.92,2.941,7.74,760.86,109.35,1245.300049,74.5,79.57,1416.1,89.33,-0.0017498909684547,0.0013342641739741,0.0058525950036303,-0.0015244953805106,0.0023906900345238,0.0070155834639527,0.0016805785144171,0.0814347594224358,0.0777691109647111,0.0798506357250534,0.0,0.9042389295512899
103,2010-12-07,1223.75,0.0005149435923614,16.485415849981365,1.29,446408.0,347344.0,793752.0,17.99,11359.16,2598.49,3.165,7.69,764.42,108.86,1246.099976,74.5,79.86,1409.0,88.69,-0.0002667095060786,0.0013748194586264,0.0046680038608535,0.0006421506136797,0.0036379642456321,-0.0050263813303335,-0.0071902343253862,0.2615310692614052,0.2855155816440486,0.2719559203986303,0.0,0.9052651465350895
104,2010-12-08,1228.28,0.0036949019006637,17.002087326206624,2.05,409138.0,199800.0,608938.0,17.74,11372.48,2609.16,3.236,7.71,764.04,107.75,1248.300049,74.5,80.0,1383.2,88.3,0.0011719349351402,0.004097823367938,-0.000497232518783,0.0017640102216587,0.0017515330388055,-0.0184805775295986,-0.0044070357784464,-0.0871808246070973,-0.5529987771319469,-0.2650546136012135,0.0,0.906208404957937
105,2010-12-09,1233.0,0.0038354074189603,17.516704618429905,1.33,344052.0,259315.0,603367.0,17.25,11370.06,2616.67,3.223,7.71,767.63,108.08,1253.099976,74.5,80.07,1392.8,88.35,-0.0002128170388306,0.002874186557916,0.0046877024085496,0.003837797108348,0.0008746174106608,0.006916454084898,0.0005660911557905,-0.1732596987062233,0.260726672709481,-0.0091908211476425,0.0,0.9067529098438192
106,2010-12-10,1240.4,0.0059836840619498,18.35216306583662,1.48,480090.0,324017.0,804107.0,17.61,11410.32,2637.54,3.296,7.7,776.83,107.78,1256.5,74.5,80.07,1384.9,87.81,0.0035346242613965,0.0079441475532151,0.0119136899853025,0.0027096159649095,0.0,-0.0056881746053072,-0.0061308093938006,0.3331807775858557,0.2227524446277407,0.2872067097612039,0.0,0.9071749388918194
107,2010-12-13,1240.46,4.837032320370582e-05,18.93898526210585,1.26,379467.0,301426.0,680893.0,17.55,11428.56,2624.91,3.283,7.69,772.1,107.29,1265.300049,74.5,79.28,1398.0,88.62,0.001597276563297,-0.0048000548224287,-0.0061074608960156,0.0069792089375644,-0.0099153620628094,0.0094147089450835,0.009182176399439,-0.2352059497930003,-0.0722714369789514,-0.1663271729761266,0.0,0.9064630477837411
108,2010-12-14,1241.59,0.0009105377233105,19.429038194723947,1.1,360020.0,326470.0,686490.0,17.61,11476.54,2627.72,3.455,7.66,771.66,107.29,1267.400024,74.5,79.37,1404.3,88.33,0.0041894661169106,0.0010699403034548,-0.0005700368087202,0.0016582899046104,0.0011345730810514,0.0044963141803791,-0.0032777650143032,-0.0526080510704485,0.0798135143081157,0.0081864865345533,0.0,0.9148091148068338
109,2010-12-15,1235.23,-0.0051356287324679,19.76133460578807,1.12,364332.0,325835.0,690167.0,17.94,11457.47,2617.22,3.52,7.69,768.36,106.52,1256.199951,74.5,80.26,1386.2,88.66,-0.0016630327095104,-0.0040038643061919,-0.0042856651873393,-0.0088763248120695,0.0111509017359869,-0.0129727674902504,0.0037290285598672,0.0119059543868402,-0.0019469426129958,0.0053419388329807,0.0,0.9115063088165603
110,2010-12-16,1242.87,0.0061660338211,20.46240972988348,1.1,332072.0,302961.0,635033.0,17.39,11499.25,2637.31,3.477,7.7,776.56,105.78,1262.199951,74.5,80.18,1371.0,87.71,0.0036398968256836,0.0076467725538424,0.0106155360852602,0.0047649393152804,-0.0009972576244097,-0.0110257899215699,-0.0107729113536176,-0.092713726975381,-0.0727870339139737,-0.0832566312462095,0.0,0.9105226288711556
111,2010-12-17,1243.91,0.0008364230536139,21.22025341641972,2.45,434691.0,177767.0,612458.0,16.11,11491.91,2642.97,3.33,7.68,779.51,105.97,1257.800049,74.5,80.37,1379.2,88.02,-0.000638506299758,0.0021438265272957,0.0037916077479422,-0.0034919892627209,0.0023668650102655,0.0059632203471142,0.003528143419655,0.2692836209726508,-0.5331303802999852,-0.0361965974071303,0.0,0.845462161946769
112,2010-12-20,1247.08,0.0025451741767312,22.009092384417016,1.92,251959.0,131482.0,383441.0,16.41,11478.13,2649.56,3.349,7.67,782.3,106.51,1259.800049,74.5,80.63,1386.1,88.68,-0.0011998239143782,0.0024903036565566,0.0035727815391215,0.0015888150165794,0.0032298164723041,0.0049904273098784,0.0074703233651653,-0.5453690579847663,-0.3016037439345567,-0.4682946058212511,0.0,0.8490674520755321
113,2010-12-21,1254.6,0.0060119780708571,23.19871832814376,1.54,259066.0,168290.0,427356.0,16.49,11533.16,2667.61,3.326,7.64,790.52,107.07,1270.599976,74.5,80.72,1388.8,89.3,0.0047828787438835,0.0067893519804567,0.0104526580811983,0.0085361938608281,0.0011155873484227,0.0019460166867784,0.0069671031343432,0.0278164796297666,0.2468187216056545,0.1084316267095761,0.0,0.8484636474419457
114,2010-12-22,1258.84,0.0033738653176369,24.56279801023348,2.75,426163.0,154970.0,581133.0,15.45,11559.49,2671.48,3.346,7.62,790.59,107.24,1273.900024,74.5,80.73,1387.4,89.83,0.0022803802430608,0.0014496854998746,8.854538905733733e-05,0.0025938690118056,0.0001238773615703,-0.0010085729548841,0.0059175073586619,0.4977390467018328,-0.0824571319257394,0.3073622567898617,0.0,0.8328338322303891
115,2010-12-23,1256.77,-0.0016457244701681,25.66124845556849,1.96,221915.0,113384.0,335299.0,16.47,11573.49,2665.6,3.393,7.6,788.96,107.34,1273.5,74.5,80.5,1380.5,90.84,0.0012103932748157,-0.0022034529664356,-0.0020638796854743,-0.0003140645360133,-0.0028530689824064,-0.0049857395809924,0.0111807219962418,-0.6525274765224722,-0.3124512619346387,-0.5499569752534512,0.0,0.8307238636735472
116,2010-12-27,1257.54,0.0006124941030121,26.67306521438037,2.06,109844.0,53326.0,163170.0,17.67,11555.03,2667.27,3.351,7.59,792.35,107.31,1272.900024,74.5,80.37,1382.9,90.99,-0.0015962978971355,0.0006263044306686,0.0042875909130009,-0.0004712346885389,-0.0016162121998908,0.0017369911004037,0.0016498931312423,-0.7032332482684112,-0.7543562707528793,-0.7202300689609391,0.0,0.824670213735137
117,2010-12-28,1258.51,0.0007710498980992,27.35796656126609,1.45,164714.0,113358.0,278072.0,17.52,11575.54,2662.88,3.481,7.58,789.46,106.71,1275.5,74.5,80.36,1405.6,91.48,0.0017734111502925,-0.0016472335647756,-0.0036540459544678,0.002040477850894,-0.000124432277893,0.0162815144022747,0.0053707587859808,0.4051494592042459,0.7541269352075108,0.5330874708605666,0.0,0.7870471702194197
118,2010-12-29,1259.78,0.0010086210147886,27.8946377164654,1.74,173045.0,99667.0,272712.0,17.28,11585.38,2666.93,3.341,7.55,790.26,106.53,1279.099976,74.5,79.8,1413.5,91.13,0.0008497072302855,0.0015197542799869,0.0010128378046605,0.0028184282602881,-0.0069930354909706,0.0056046402607581,-0.0038333106465451,0.0493410396736511,-0.1287163231206456,-0.019463779679727,0.0,0.7874332430521788
119,2010-12-30,1257.88,-0.0015093383226485,27.2899690720514,2.31,240358.0,103930.0,344288.0,17.52,11569.71,2662.98,3.369,7.5,789.74,106.61,1277.800049,74.5,79.52,1405.9,89.85,-0.0013534823135792,-0.0014822016593729,-0.0006582278718667,-0.0010167993267531,-0.0035149421074445,-0.0053912310477839,-0.0141454452784675,0.3285778022985379,0.0418829664017401,0.2330622231276802,0.0,0.7128681574040648
120,2010-12-31,1257.64,-0.0001908154184642,26.404488579139628,1.97,168654.0,85563.0,254217.0,17.75,11577.51,2652.87,3.305,7.6,783.65,107.08,1280.099976,74.5,79.03,1421.4,91.38,0.0006739470480887,-0.0038037236526804,-0.0077412852670661,0.0017982935981271,-0.0061810351314344,0.0109646343069336,0.0168850229055577,-0.354280199593985,-0.1944646488872177,-0.303290283417061,0.0,0.7307986695320093
121,2011-01-03,1271.87,0.0112513096344022,26.87869807541548,1.41,399556.0,284217.0,683773.0,17.61,11670.75,2691.52,3.342,7.52,798.56,107.53,1287.699951,74.2,79.13,1422.9,91.59,0.0080212884688624,0.0144640169677225,0.0188476136212223,0.0059194621138676,0.0012645424042174,0.0010547411588506,0.0022954592797708,0.862504651616657,1.2004850841911807,0.9894377582016016,-0.0040349752121793,0.6925769136691766
122,2011-01-04,1270.2,-0.0013138900504268,27.16026988506053,1.5,260938.0,174445.0,435383.0,17.38,11691.18,2681.25,3.346,7.48,785.83,108.19,1289.099976,74.2,79.44,1378.8,89.39,0.0017489997793802,-0.0038229860977452,-0.016069621672341,0.0010866386040229,0.0039099501158155,-0.0314834869089351,-0.0243132763151354,-0.4260710993907217,-0.4881285251898539,-0.4513998877145795,0.0,0.69468661627678
123,2011-01-05,1276.56,0.0049945917332978,27.446530957638625,1.81,378145.0,209030.0,587175.0,17.02,11722.89,2702.2,3.483,7.45,795.09,107.57,1285.699951,74.2,80.26,1373.7,90.3,0.002708629417027,0.007783152349531,0.0117148317450528,-0.0026410028527514,0.0102693451018538,-0.0037057263115514,0.0101286413231784,0.3709948887373233,0.1808682766192522,0.2990967979806278,0.0,0.695755122881532
124,2011-01-06,1273.85,-0.0021251493053444,26.26343141869418,0.86,317821.0,370381.0,688202.0,17.4,11697.31,2709.89,3.419,7.41,791.42,106.74,1283.0,74.2,80.79,1371.7,88.37,-0.0021844399425994,0.0028417876181716,-0.0046265154915525,-0.0021021933630311,0.0065818306528457,-0.0014569828467978,-0.0216049148930261,-0.1737893887336987,0.5720544232263247,0.1587594980290081,0.0,0.6287307898438429
125,2011-01-07,1271.5,-0.0018465049346536,25.775727789973725,1.79,348059.0,194346.0,542405.0,17.14,11674.76,2703.17,3.328,7.41,787.83,106.96,1281.400024,74.2,81.01,1368.9,88.07,-0.0019296542409126,-0.0024828852635083,-0.0045464697595551,-0.0012478366812009,0.0027194083507833,-0.0020433488828945,-0.0034005927125448,0.0908836744194108,-0.6448921298988477,-0.2380694446183131,0.0,0.5866087252329415
126,2011-01-10,1269.75,-0.0013772751808192,24.34517021183119,1.59,215179.0,135231.0,350410.0,17.54,11637.45,2707.8,3.304,7.42,791.58,106.69,1275.599976,74.2,80.88,1374.1,89.24,-0.0032009004599551,0.0017113386804892,0.0047486175808373,-0.0045366116132088,-0.0016060291301842,0.0037914737362623,0.013197416746963,-0.4809017657511258,-0.3626556483943979,-0.4369090574049856,0.0,0.5507075897399999
127,2011-01-11,1274.48,0.0037182215832851,22.536395177257997,1.9,391935.0,206034.0,597969.0,16.89,11671.88,2716.83,3.341,7.39,794.76,106.98,1282.199951,74.2,80.85,1384.3,91.11,0.00295418401471,0.0033292623978775,0.0040092341611481,0.005160677016363,-0.0003709886891005,0.0073956253559606,0.0207381981614354,0.599625769831972,0.4210567764474877,0.5344350156742408,0.0,0.5397518379594194
128,2011-01-12,1285.96,0.0089672688501121,19.92629309319932,1.29,386800.0,300364.0,687164.0,16.24,11755.44,2737.33,3.355,7.35,801.36,107.49,1301.099976,74.2,80.03,1385.8,91.85,0.0071335820187492,0.0075172332809341,0.0082701020186197,0.0146327277259104,-0.0101940216441605,0.0010829934995912,0.0080892439353679,-0.0131882461357459,0.3769538687812606,0.1390340696598624,0.0,0.4136475168446765
129,2011-01-13,1283.76,-0.0017122492236474,19.01299264173533,1.39,323465.0,232643.0,556108.0,16.39,11731.9,2735.29,3.301,7.31,800.65,107.7,1305.5,74.2,79.19,1387.0,91.39,-0.002004484788987,-0.0007455295980678,-0.000886386535023,0.003376067075683,-0.0105515361566341,0.0008655511215502,-0.0050207483770243,-0.1788168471451108,-0.2554899827727119,-0.2116104628100412,0.0,0.37516144336170615
130,2011-01-14,1293.24,0.0073574255056358,19.442846514180296,1.46,361425.0,247644.0,609069.0,15.46,11787.38,2755.3,3.333,7.27,807.57,107.84,1309.0,74.2,79.16,1360.5,91.53,0.0047178402490377,0.0072888664388166,0.0086058408777001,0.0026773777707171,-0.0003789074879554,-0.0192908620915304,0.0015307241125777,0.1109636347604769,0.0624871412771792,0.0909690417926327,0.0,0.4222645272212619
131,2011-01-19,1281.92,-0.0101671849924258,19.24269296753716,2.28,923136.0,404894.0,1328030.0,17.31,11825.29,2725.36,3.337,7.26,786.89,107.3,1307.699951,74.2,78.64,1370.2,90.85,0.0032109907581361,-0.0109258001172536,-0.0259412712810531,-0.0009936554678118,-0.0065906448954544,0.0071044353454983,-0.0074569925545082,0.9377220180661824,0.4916330734546381,0.7795203583581749,0.0,0.4222568271540924
132,2011-01-20,1280.26,-0.0012957717508257,18.364089160338608,1.65,544906.0,331153.0,876059.0,17.99,11822.8,2704.29,3.459,7.28,778.08,106.92,1296.800049,74.2,78.82,1346.5,88.56,-0.0002105878326084,-0.0077611285304639,-0.0112591207096564,-0.0083701022353048,0.0022862959279468,-0.0174480813171458,-0.0255295064417984,-0.5271632665375439,-0.2010448002260023,-0.4160184798761186,0.0,0.42210328425616545
133,2011-01-21,1283.35,0.0024106642558034,17.67618482264353,1.57,374895.0,239100.0,613995.0,18.47,11871.84,2689.54,3.416,7.27,773.18,106.81,1302.5,74.2,78.21,1341.0,88.22,0.0041393386876897,-0.0054692256772437,-0.0063174661845568,0.0043857654207384,-0.0077692551533372,-0.0040930289699749,-0.0038465937235878,-0.3739673159600531,-0.3256986297643429,-0.3554466554750384,0.0,0.42754100590490707
134,2011-01-24,1290.84,0.0058193226895379,17.414197484299105,2.06,288865.0,140098.0,428963.0,17.65,11980.52,2717.55,3.408,7.24,779.28,107.11,1311.5,74.2,78.05,1344.5,86.74,0.0091127881761714,0.0103605638345198,0.0078585359917813,0.0068860256794067,-0.0020478696520793,0.0026065924272407,-0.016918556269573,-0.2606865358166264,-0.5345396967407012,-0.3586161166692339,0.0,0.42624975608598953
135,2011-01-25,1291.18,0.0002633596966443,17.38954476476036,2.44,386234.0,158497.0,544731.0,17.59,11977.19,2719.25,3.319,7.2,779.96,107.03,1311.5,74.2,78.0,1332.3,85.08,-0.000277989843056,0.0006253678838294,0.0008722198546857,0.0,-0.0006408202718493,-0.0091154247427525,-0.019323148075184,0.2904839524592741,0.1233934879698352,0.2389214267096093,0.0,0.4210404520034102
136,2011-01-26,1296.63,0.0042120619810424,17.47038784939671,1.06,321204.0,303675.0,624879.0,16.64,11985.44,2739.5,3.428,7.19,793.72,107.01,1318.699951,74.2,77.9,1333.0,86.15,0.0006885721914464,0.0074193150045109,0.0174881178996653,0.0054748453489166,-0.0012828738128893,0.0005252692125425,0.0124979726419018,-0.1843669681105488,0.6502223848929205,0.1372659361616168,0.0,0.4203605652788666
137,2011-01-27,1299.54,0.0022417647678585,17.566830564762984,2.66,443392.0,166634.0,610026.0,16.15,11989.83,2755.28,3.385,7.15,795.43,106.64,1321.099976,74.2,77.73,1318.4,84.45,0.0003662106870176,0.0057436488380506,0.0021520947172897,0.0018183390617831,-0.0021846696345741,-0.0110131610235013,-0.019930319720129,0.3223778193246165,-0.6001582600427611,-0.0240564517836574,0.0,0.5499689246306554
138,2011-01-28,1276.34,-0.018013748586017,16.260564456251434,2.31,614933.0,266085.0,881018.0,20.04,11823.7,2686.89,3.329,7.14,775.4,105.85,1302.099976,74.2,78.13,1341.7,88.15,-0.0139527986973622,-0.0251346798879081,-0.0255038236975124,-0.0144863774147099,0.0051328227665248,0.0175185864412181,0.0428802655900701,0.327059064162551,0.4680160160654392,0.3675764778456543,0.0,0.5509439062857945
139,2011-01-31,1286.12,0.007633326949973,15.48238485888572,3.06,453935.0,148255.0,602190.0,19.53,11891.93,2700.08,3.378,7.24,781.25,105.97,1308.099976,74.2,77.73,1334.5,90.99,0.0057540270489262,0.0048970112544886,0.007516175813782,0.0045973570440409,-0.0051328227665248,-0.0053807767518474,0.0317097015247203,-0.3035593027972378,-0.5848820424870969,-0.3805050469245543,0.0,0.6126235552185745
140,2011-02-01,1307.59,0.0165558141807427,15.650439235847603,1.21,423162.0,350111.0,773273.0,17.63,12040.16,2751.19,3.443,7.21,798.89,106.0,1331.800049,77.5,77.07,1340.3,89.54,0.0123877100205191,0.0187521431507979,0.0223280631478788,0.0179557631218729,-0.0085271834522266,0.0043367796398721,-0.01606415755578,-0.0701989315330706,0.859316482939521,0.2500591455764187,0.0435137861859669,0.6178011043238196
141,2011-02-02,1304.03,-0.0027262788652278,15.52266153929306,2.35,275503.0,117182.0,392685.0,17.3,12041.97,2749.56,3.489,7.18,796.16,106.14,1332.900024,77.5,77.16,1332.1,89.78,0.0001503189297125,-0.0005926464746481,-0.0034230935277843,0.0008255901469915,0.0011670882476266,-0.0061368251270339,0.0026767805409662,-0.4291565666261725,-1.0945219653314435,-0.6776243919499478,0.0,0.6177077237375415
142,2011-02-03,1307.1,0.002351473434575,15.806576126715123,1.67,317349.0,190429.0,507778.0,16.69,12062.26,2753.88,3.541,7.16,798.63,105.87,1330.400024,77.5,77.75,1353.0,89.42,0.0016835223354778,0.0015699274952698,0.0030975889928859,-0.0018773706974188,0.007617363021815,0.0155677048133711,-0.0040178625479514,0.1414035968266329,0.485551139953511,0.2570365804312811,0.0,0.6125529805499651
143,2011-02-04,1310.87,0.0028800961095791,16.333484526599335,1.85,319476.0,172701.0,492177.0,15.93,12092.15,2769.3,3.652,7.12,800.11,105.23,1331.699951,77.5,78.04,1349.0,87.87,0.0024749116419577,0.0055837543096943,0.0018514585520774,0.0009766177946195,0.0037229646955676,-0.002960771963032,-0.0174859212980829,0.0066800389727372,-0.097717646159678,-0.0312059362955352,0.0,0.617813000652895
144,2011-02-07,1319.05,0.0062207416034443,17.087788487728055,1.85,371542.0,201266.0,572808.0,16.28,12161.63,2783.99,3.644,7.1,808.32,104.86,1340.0,77.5,78.03,1348.2,86.3,0.0057294318712131,0.0052905698296203,0.010208801506403,0.0062133292319321,-0.0001281476262411,-0.0005932077884169,-0.0180288514183697,0.1509797593240076,0.1530656407202322,0.1517121741361915,0.0,0.61649728728439
145,2011-02-08,1324.57,0.0041760979432012,17.991686614667127,1.37,327761.0,238876.0,566637.0,15.81,12233.15,2797.05,3.725,7.07,813.69,105.19,1345.400024,77.5,78.0,1364.1,85.85,0.0058635662968136,0.0046801398443765,0.0066214383634228,0.0040217704851093,-0.0003845414390779,0.0117245010797359,-0.0052280107458972,-0.1253772287023569,0.1713171725975169,-0.0108316949647946,0.0,0.6217993958492515
146,2011-02-09,1320.88,-0.0027896973241539,18.38690152214892,1.46,413857.0,284144.0,698001.0,15.87,12239.89,2789.07,3.642,7.07,809.27,104.69,1342.800049,77.5,77.64,1365.5,85.59,0.000550810211596,-0.0028570834240388,-0.0054468513429508,-0.001934361833273,-0.0046260683887817,0.0010257914146851,-0.003033133449966,0.233235819282406,0.1735365630706642,0.208501648361544,0.0,0.6218102667270586
147,2011-02-10,1321.87,0.0007492195980018,18.664063401163617,1.66,256436.0,154873.0,411309.0,16.09,12229.29,2790.45,3.708,7.09,812.7,104.43,1337.099976,77.5,78.25,1362.5,85.44,-0.000866396067467,0.000494666217933,0.0042294310166157,-0.0042539509254666,0.0078260711194531,-0.0021994143763608,-0.0017540786816336,-0.4786413827225093,-0.6068757256863471,-0.5288757785910523,0.0,0.625605135066617
148,2011-02-11,1329.15,0.0054922394398424,19.03763875049528,1.84,448735.0,243787.0,692522.0,15.69,12273.26,2809.44,3.646,7.09,822.11,104.58,1341.0,77.5,78.46,1360.4,84.39,0.0035890180571662,0.0067823020789141,0.0115121682952672,0.0029125326103516,0.0026801113611432,-0.0015424734043589,-0.0123654640420092,0.5595533922531839,0.4536894670041835,0.5209952496748897,0.0,0.6225208200119611
149,2011-02-14,1332.32,0.0023821433260877,19.29266813266369,2.09,456977.0,218383.0,675360.0,15.95,12268.19,2817.18,3.614,7.05,825.9,104.33,1345.699951,77.5,78.61,1365.1,83.66,-0.0004131785262995,0.0027512093875552,0.0045994947622443,0.0034986830535403,0.0019099770242592,0.0034489118758918,-0.008687945155823,0.0182005483401468,-0.1100444912167635,-0.0250941244757516,0.0,0.6285605732361758
150,2011-02-15,1328.01,-0.0032402023589988,19.75645916199586,1.79,349492.0,195773.0,545265.0,16.37,12226.64,2804.35,3.616,7.04,820.03,104.3,1343.5,77.5,78.57,1374.1,83.13,-0.003392555886398,-0.0045646015503635,-0.0071327758617467,-0.0016361382796725,-0.0005089706179353,0.0065712853287971,-0.0063553184710558,-0.2681523898308686,-0.1092945772374562,-0.213973967014482,0.0,0.6087297553298942
151,2011-02-16,1336.32,0.0062379862455994,20.43270120712365,1.88,788840.0,420641.0,1209481.0,16.72,12288.17,2825.56,3.621,7.02,828.37,104.51,1354.400024,77.5,78.22,1375.1,83.8,0.0050198332523407,0.0075347919758366,0.0101189895215636,0.0080804204834032,-0.0044645778603618,0.0007274843911702,0.0080273599450402,0.8140828403726115,0.7648239135326733,0.7966747059363399,0.0,0.6065908607350554
152,2011-02-17,1340.43,0.0030708906172796,21.383738318676745,1.22,471153.0,387277.0,858430.0,16.59,12318.14,2831.58,3.574,6.98,834.02,105.15,1360.699951,77.5,78.0,1385.1,85.05,0.0024359617366389,0.0021282847065293,0.0067974684100713,0.0046406676469858,-0.0028165426377766,0.0072458834521533,0.0148063113538334,-0.5153806299104566,-0.0826395390404943,-0.3428414815084046,0.0,0.6035977080607914
153,2011-02-18,1343.01,0.0019229055205078,22.123334924006965,2.75,489717.0,177837.0,667554.0,16.43,12391.25,2833.95,3.589,6.95,834.82,105.44,1362.599976,77.5,77.66,1388.6,85.03,0.0059176056832956,0.0008366384568585,0.000958749863714,0.0013953845402463,-0.0043685023860708,0.0025237061381204,-0.0002351834441691,0.0386447912060177,-0.7782727988501943,-0.2514848535689697,0.0,0.791923631562038
154,2011-02-23,1307.4,-0.0061307782273409,20.40531296599549,1.37,398733.0,291055.0,689788.0,22.13,12105.78,2722.99,3.487,6.99,799.65,104.69,1329.800049,77.5,77.41,1414.0,96.04,-0.0233075538674736,-0.039940956940546,-0.0430420008133936,-0.0243660299101815,-0.0032243530868987,0.0181265221373445,0.1217606359553515,-0.205535653276037,0.4926448523311801,0.0327640181259845,0.0,0.7910598723633342
155,2011-02-24,1306.1,-0.0009948345951542,19.543212773647973,2.59,472217.0,182365.0,654582.0,21.32,12068.5,2737.9,3.438,7.03,804.18,104.8,1327.400024,77.5,77.06,1415.8,95.83,-0.0030842721729786,0.0054606619250261,0.0056489927815803,-0.0018064320237174,-0.0045316320186108,0.0012721748835708,-0.0021889829973815,0.1691466057361719,-0.4675020794861684,-0.0523874400241695,0.0,0.8088609328414245
156,2011-02-25,1319.88,0.0104952257735506,19.28685096714112,1.88,423019.0,224422.0,647441.0,19.22,12130.45,2781.05,3.425,7.0,821.95,105.37,1341.300049,77.5,77.28,1409.3,96.52,0.0051200680471978,0.0156373510446172,0.0218564412370589,0.0104171696474839,0.0028508507062516,-0.0046016151426231,0.0071744524011601,-0.1100215304023528,0.2075180347958465,-0.0109691942495651,0.0,0.8114312532977045
157,2011-02-28,1327.22,0.0055457057245345,19.05428631896909,2.3,356714.0,155372.0,512086.0,18.35,12226.34,2782.27,3.414,7.09,823.45,105.45,1352.599976,77.5,76.89,1409.9,97.1,0.0078738204342663,0.0004385870377969,0.0018232653646981,0.0083893189574677,-0.0050593608601738,0.0004256526738499,0.0059911345404479,-0.170482755032225,-0.3677059665397308,-0.2345350900465845,0.0,0.8558390048318835
158,2011-03-01,1306.33,-0.0158648502246387,18.82495769710156,2.31,477889.0,206728.0,684617.0,21.01,12058.02,2737.41,3.414,7.06,807.08,105.05,1339.099976,67.5,77.05,1431.2,99.63,-0.0138626420902845,-0.0162549233823545,-0.0200800353737395,-0.0100309198181989,0.0020787327220359,0.0149944733231937,0.0257219487594859,0.2924441476885722,0.2855816780168592,0.2903669781221367,-0.1381503384808171,0.8549502155619991
159,2011-03-02,1308.44,0.0016139090306168,18.62429728363339,2.02,373438.0,184930.0,558368.0,20.7,12066.8,2748.07,3.464,7.06,810.9,105.2,1337.400024,67.5,76.67,1437.7,102.27,0.0007278811106274,0.0038866292171544,0.0047219460040341,-0.0012702800138901,-0.004944064195322,0.0045313612340374,0.026153050761156,-0.2466264944803899,-0.1114265444390412,-0.2038413145906545,0.0,0.8992860371674035
160,2011-03-03,1330.97,0.0170724118095284,18.216102652896577,1.6,429925.0,268639.0,698564.0,18.6,12258.2,2798.74,3.572,7.05,828.89,105.2,1352.699951,67.5,76.48,1416.4,101.92,0.0157372209794601,0.0182704687937791,0.0219427143927504,0.0113751103061536,-0.0024812288276567,-0.0149261731907976,-0.0034281829940683,0.1408587813990944,0.3733910957716748,0.2240085561944145,0.0,0.8944817788517598
161,2011-03-04,1321.15,-0.0074054302804427,17.28803360306936,1.98,440799.0,223184.0,663983.0,19.06,12169.88,2784.67,3.492,7.05,824.99,105.73,1348.400024,67.5,76.4,1428.6,104.34,-0.0072310541672049,-0.005039941463254,-0.0047161912941646,-0.0031838367125205,-0.0010465725706714,0.0085765024831232,0.0234666057703938,0.0249782143633279,-0.185371927518581,-0.0507702526711852,0.0,0.9099531177779989
162,2011-03-07,1310.13,-0.008376200503835,16.36734880120749,2.28,324997.0,142290.0,467287.0,20.66,12090.03,2745.63,3.497,7.05,812.25,105.98,1336.699951,67.5,76.5,1434.5,105.37,-0.0065829006253785,-0.0141188176122808,-0.0155630904998878,-0.0087148688387914,0.0013080446600151,0.0041214127005471,0.0098231680171894,-0.3047730377156874,-0.4501293147922798,-0.3513129168076077,0.0,0.9215962379259819
163,2011-03-08,1321.82,0.0088832058912231,15.826471818717405,1.55,482187.0,310874.0,793061.0,19.82,12214.38,2765.77,3.544,7.04,824.66,106.23,1341.0,67.5,76.8,1427.2,105.06,0.010232800142651,0.007308520393078,0.0151630056280636,0.0032117509616913,0.0039138993211365,-0.0051018735956738,-0.0029463500856206,0.3945160540980161,0.7815204568338157,0.5289565118219031,0.0,0.9180046763987878
164,2011-03-09,1320.02,-0.0013626868232279,15.19316286409305,2.27,365063.0,160827.0,525890.0,20.22,12213.09,2751.72,3.469,7.04,821.19,106.25,1339.099976,67.5,76.72,1429.6,104.39,-0.0001056187972956,-0.0050929065095566,-0.0042166724081482,-0.0014178757026428,-0.0010422095784434,0.0016802020194726,-0.0063977301056086,-0.2782620641878406,-0.6590584322941702,-0.4108080763607002,0.0,0.9857354177854686
165,2011-03-10,1295.11,-0.0190512543695788,15.262217525375146,1.35,432281.0,319583.0,751864.0,21.88,11984.61,2701.02,3.393,7.1,799.53,106.174,1313.699951,67.5,77.28,1412.5,102.73,-0.0188850006775123,-0.0185966912607566,-0.0267304527469454,-0.0191501824028046,0.00727275932908,-0.0120335008246215,-0.0160296981920344,0.1690058983196536,0.6866877678907954,0.3574633911378413,0.0,0.9911766333971189
166,2011-03-11,1304.28,0.0070555307518898,15.110720959960783,2.08,450596.0,217141.0,667737.0,20.08,12044.4,2715.61,3.393,7.13,802.83,106.24,1315.099976,67.5,76.78,1421.8,101.14,0.0049764949445734,0.0053871264180278,0.0041189304095645,0.0010651439221254,-0.0064910003316116,0.0065624904747858,-0.0155984915763358,0.0414953111581919,-0.386470108871185,-0.1186610730938344,0.0,0.996953947117577
167,2011-03-14,1296.39,-0.0060676857940746,13.667621777625753,1.8,606242.0,336106.0,942348.0,21.13,11993.16,2700.97,3.347,7.12,798.17,105.97,1301.300049,67.5,76.35,1424.9,101.2,-0.0042633343493747,-0.0054056381146443,-0.0058213780886999,-0.0105488876609927,-0.00561615790801,0.0021779613063612,0.0005930612015285,0.2967080953824137,0.4368796742846754,0.3444802496700436,0.0,0.9627645472540552
168,2011-03-15,1281.87,-0.0112635292863068,14.013523538096424,1.69,718903.0,424336.0,1143239.0,24.32,11855.42,2667.33,3.323,7.27,791.33,105.84,1271.900024,67.5,76.33,1392.8,97.23,-0.0115513402970197,-0.0125329956728119,-0.0086065331503277,-0.0228519381105165,-0.0002619858542622,-0.0227855263477643,-0.0400194510317994,0.1704471927349278,0.2330990078356549,0.193246107692639,0.0,1.0162614152262075
169,2011-03-16,1256.88,-0.0196874896433723,17.70809550560288,2.51,1177409.0,468162.0,1645571.0,29.4,11613.3,2616.82,3.212,7.24,781.9,105.38,1262.599976,67.5,76.68,1396.1,97.99,-0.0206341539312138,-0.0191181319430908,-0.011988219062248,-0.0073387964017177,0.0045748723670646,0.0023665255406228,0.0077861268261614,0.4933451015029515,0.0982887956291946,0.364221974632553,0.0,0.9984190432878439
170,2011-03-17,1273.72,0.0133092931177749,19.155278258777454,2.17,842651.0,388710.0,1231361.0,26.37,11774.59,2636.05,3.248,7.21,785.52,105.88,1279.699951,67.5,76.04,1404.2,101.47,0.013792826715349,0.0073217444584194,0.0046190637305665,0.0134525692281961,-0.0083814005572149,0.0057851105885466,0.0348977556432643,-0.3345186658725598,-0.1859808255575519,-0.2899673747247959,0.0,1.0020487863700456
171,2011-03-18,1279.2,0.0042931297626278,20.147915670382726,2.02,475254.0,234963.0,710217.0,24.44,11858.52,2643.67,3.277,7.16,794.66,105.92,1287.099976,67.5,75.72,1416.1,101.06,0.0071027768119797,0.0028865187134217,0.0115684313591604,0.005765969855437,-0.0042171912791069,0.0084388686458645,-0.0040487884272293,-0.5727034766977077,-0.5034055093692302,-0.5503047835654087,0.0,1.0406893730535796
172,2011-03-21,1298.38,0.014882450988372,20.320916645961645,2.0,474915.0,237775.0,712690.0,20.61,12036.53,2692.09,3.323,7.13,813.02,106.36,1307.400024,67.5,75.4,1426.4,102.36,0.0148995957859447,0.0181497403085799,0.0228413592710365,0.015648843526911,-0.0042350513272113,0.007247173319917,0.012781611427826,-0.0007135573027206,0.0118967934288516,0.0034759861185555,0.0,1.040807588914987
173,2011-03-22,1293.77,-0.0035568966767272,20.564546055810528,1.98,352837.0,178191.0,531028.0,20.21,12018.63,2683.87,3.332,7.12,808.66,106.35,1311.0,67.5,75.43,1427.6,104.53,-0.0014882464555512,-0.0030580608508765,-0.0053771527124117,0.0027497542280263,0.0003977988516288,0.0008409250670746,0.0209781002530276,-0.2971296467361739,-0.2884688396576695,-0.294231792711713,0.0,1.0352636735223955
174,2011-03-23,1297.54,0.0029097272498432,20.573450308225087,1.4,301774.0,215825.0,517599.0,19.17,12086.02,2698.3,3.348,7.13,811.24,106.48,1311.599976,67.5,75.79,1438.0,105.21,0.0055914668394798,0.0053621623156487,0.0031853845071108,0.0004575429085313,0.0047612839583983,0.0072585466649872,0.0064842412755803,-0.1563278010624689,0.1916118854108059,-0.0256139393575161,0.0,1.0475092406267423
175,2011-03-24,1309.66,0.0092973974423822,20.485704207943503,2.23,391567.0,175675.0,567242.0,18.0,12170.56,2736.42,3.404,7.12,817.1,106.57,1324.0,67.5,75.66,1434.9,105.04,0.0069705079860451,0.0140285516702904,0.0071975451047308,0.0094097098247223,-0.0017167386190548,-0.0021580989266309,-0.0016171228256558,0.2604782445879596,-0.2058321970433247,0.0915852092403621,0.0,1.0483164948088888
176,2011-03-25,1313.8,0.0031561399347577,20.382990102437024,1.99,431083.0,216323.0,647406.0,17.91,12220.59,2743.06,3.444,7.12,823.85,106.5,1325.800049,67.5,76.22,1426.2,104.89,0.0041023133524067,0.0024235888260051,0.0082269881127787,0.0013586302691539,0.0073742762408315,-0.0060815957601576,-0.0014290480210279,0.0961440095269718,0.2081369640233674,0.1321875888584216,0.0,1.0492537383260023
177,2011-03-28,1310.19,-0.002751536612255,20.065276680740556,1.82,308909.0,170187.0,479096.0,19.44,12197.88,2730.68,3.448,7.11,821.77,106.56,1321.599976,67.5,76.13,1419.9,103.54,-0.0018600679360964,-0.0045234231473516,-0.0025279239528801,-0.0031729821592003,-0.0011814901275934,-0.0044271180138917,-0.0129541704997571,-0.3332539118268141,-0.239874828608066,-0.3010726144232531,0.0,1.0525653951436986
178,2011-03-29,1319.44,0.0070352392937795,19.69512075637027,1.73,237514.0,137199.0,374713.0,18.16,12279.01,2756.89,3.491,7.12,829.49,106.46,1323.800049,67.5,76.25,1416.2,104.34,0.0066291344290441,0.0095525703757406,0.0093505035521781,0.001663320092569,0.0015750101694003,-0.0026092183626387,0.0076967861204915,-0.2628201660369154,-0.2154654058580778,-0.245740595246529,0.0,1.0591003428543324
179,2011-03-30,1328.26,0.0066624108659958,19.70345038046289,1.49,331270.0,222347.0,553617.0,17.71,12350.61,2776.79,3.455,7.11,840.37,106.46,1336.0,67.5,76.12,1424.9,103.8,0.0058141539901459,0.0071923514859468,0.0130312169439372,0.0091736493971144,-0.0017063730595721,0.0061244075840702,-0.0051888268624589,0.3327071837304949,0.4828067979882391,0.3903127123044516,0.0,1.057951854190961
180,2011-03-31,1325.83,-0.0018311366072705,19.29262334160683,2.1,324664.0,154341.0,479005.0,17.74,12319.73,2781.07,3.454,7.17,843.55,106.63,1334.900024,67.5,75.86,1439.9,106.19,-0.0025034122859484,0.00154016144561,0.0037769060053083,-0.0008236744560292,-0.0034215061671964,0.0104720309124815,0.0227639716839664,-0.0201429514479514,-0.365074784413494,-0.1447620761546648,0.0,1.055572710521179
181,2011-04-01,1332.41,0.0049506541464152,18.889943392666,2.22,550947.0,248062.0,799009.0,17.4,12376.72,2789.6,3.451,7.13,846.77,106.38,1341.400024,69.8,75.83,1428.9,107.55,0.0046152464147333,0.0030624706423854,0.0038099340894239,0.0048574619168304,-0.0003955435479081,-0.0076687492393006,0.0127259132979844,0.5288478143904172,0.4745142747099589,0.51166117401314,0.0335064118898422,1.0539664683554346
182,2011-04-04,1332.87,0.0003451794967634,18.33345820225934,2.15,351528.0,163851.0,515379.0,17.5,12400.03,2789.19,3.431,7.09,849.36,106.78,1345.599976,69.8,75.91,1433.0,108.14,0.0018816032673605,-0.0001469852784339,0.0030540135639096,0.0031261298253815,0.0010544353158321,0.0028652313532475,0.0054708282401199,-0.4493492490946327,-0.4147212366508714,-0.4384696574471594,0.0,1.053248679490296
183,2011-04-05,1332.63,-0.0001800787849539,18.83103768632099,1.69,357147.0,210989.0,568136.0,17.25,12393.9,2791.19,3.487,7.1,853.31,106.52,1343.599976,69.8,75.88,1452.5,107.82,-0.0004944758757403,0.0007167970946895,0.0046397799763333,-0.0014874315070949,-0.0003952829618629,0.0135160608978939,-0.0029635139303358,0.0158580950495839,0.2528485211463707,0.0974582743447207,0.0,0.9290485952039491
184,2011-04-06,1335.54,0.0021812711737263,19.453425609127077,1.48,245411.0,165849.0,411260.0,16.9,12426.75,2799.82,3.545,7.06,854.17,106.78,1348.900024,69.8,75.51,1458.5,108.38,0.0026469910482163,0.0030871012048976,0.0010073325283128,0.0039369023922306,-0.0048880472514793,0.0041223005817103,0.0051804001144448,-0.3752131056856136,-0.2407282635855736,-0.3231352087871251,0.0,0.9294387728121538
185,2011-04-07,1333.51,-0.0015211407740052,19.918530400913944,1.93,335297.0,173831.0,509128.0,17.11,12409.49,2796.14,3.555,7.03,849.44,106.52,1345.199951,69.8,75.58,1459.3,109.82,-0.0013899046537328,-0.0013152347516722,-0.0055529283746027,-0.002746798827605,0.000926600106009,0.0005483583659238,0.0131990917127584,0.3120823501726182,0.0470058270337236,0.2134738405204022,0.0,0.9142969726431646
186,2011-04-08,1328.17,-0.0040125087648394,20.10867326164572,1.73,393125.0,227537.0,620662.0,17.87,12380.05,2780.41,3.57,7.01,840.89,106.81,1351.400024,69.8,75.07,1474.1,112.27,-0.0023751964611378,-0.0056414958062545,-0.0101164540876741,0.0045984454371303,-0.0067706863364325,0.0100907653795321,0.0220640226199622,0.1591109212339994,0.2692292996657812,0.1980871919298685,0.0,0.9102741770743776
187,2011-04-11,1324.46,-0.0027972257111361,20.03738770051793,1.37,316288.0,230973.0,547261.0,16.59,12381.11,2771.51,3.57,7.01,833.86,106.5,1348.699951,69.8,75.06,1468.1,109.5,8.561795979211695e-05,-0.0032061008168886,-0.0083953321873995,-0.0019999806859054,-0.0001332178780355,-0.004078586307818,-0.0249821352141328,-0.2174744365286134,0.0149879580439264,-0.1258608136401697,0.0,0.8737612860424437
188,2011-04-12,1314.16,-0.0078071509476487,20.02870130240264,1.5,480351.0,321063.0,801414.0,17.09,12263.58,2744.79,3.5,7.03,822.27,106.34,1333.800049,69.8,74.85,1453.6,105.75,-0.0095380295725568,-0.0096877287228718,-0.0139967142843486,-0.0111090812561815,-0.0028016828412376,-0.0099258096634526,-0.0348467313301679,0.4178638957428333,0.3293365449819081,0.3814518307744823,0.0,0.8733730004544614
189,2011-04-13,1314.41,0.0001902174952572,20.03184109324457,1.68,401680.0,238448.0,640128.0,16.92,12270.99,2761.52,3.466,7.01,823.92,106.45,1338.800049,69.8,74.98,1455.6,106.6,0.0006040456568268,0.0060766834708108,0.0020046295416076,0.0037416790017639,0.0017353004421281,0.0013749486560428,0.008005693805356,-0.1788613349424732,-0.2974861083490179,-0.2247095111215724,0.0,0.8120335576649422
190,2011-04-14,1314.52,8.368423660165547e-05,19.694861562164437,1.58,603043.0,381694.0,984737.0,16.27,12285.15,2760.22,3.485,6.99,827.47,106.46,1336.5,69.8,74.69,1472.4,107.73,0.0011532758462404,-0.0004708660762799,0.0042994150000525,-0.0017194703581377,-0.0038751969387904,0.0114755357668618,0.0105445851743573,0.4063327525743752,0.4704679832700353,0.4307064440873613,0.0,0.8046452496901986
191,2011-04-15,1319.68,0.0039177029836832,19.669702955729036,2.14,423879.0,198100.0,621979.0,15.32,12341.83,2764.65,3.41,6.99,834.98,106.73,1338.0,69.8,74.83,1486.0,109.17,0.0046030897885174,0.001603657986303,0.0090349196505918,0.0011217051091998,0.0018726597232916,0.0091942237728384,0.0132782033860774,-0.3525404671552259,-0.6558472867719658,-0.459468270332394,0.0,0.8156156138350964
192,2011-04-18,1305.14,-0.01107896825226,19.695086159988623,1.81,341162.0,188450.0,529612.0,16.96,12201.59,2735.38,3.371,6.99,821.51,106.59,1316.900024,69.8,75.5,1492.9,106.7,-0.0114280345832025,-0.0106436787899495,-0.0162636622104228,-0.0158954537473805,0.0089137821627121,0.0046325907818403,-0.0228851419844708,-0.2170905993598992,-0.0499392339913615,-0.1607616671349827,0.0,0.8054659299398806
193,2011-04-19,1312.62,0.0057148251616441,19.583336465608717,1.17,263777.0,226306.0,490083.0,15.83,12266.75,2744.97,3.356,7.0,823.01,106.41,1324.400024,69.8,75.03,1495.1,107.18,0.0053260788458349,0.0034997800463694,0.0018242410137698,0.0056790368537118,-0.0062446226973413,0.0014725571603371,0.0044885057589967,-0.2572533885665944,0.183055346052555,-0.0775698984610802,0.0,0.8429957064211355
194,2011-04-20,1330.36,0.0134244424233322,19.852209002971204,2.17,563761.0,260028.0,823789.0,15.07,12453.54,2802.51,3.4,6.96,839.45,106.72,1350.199951,69.8,74.37,1498.9,110.84,0.0151125698819516,0.0207452982604285,0.0197785642108687,0.0192931485223448,-0.0088353988424287,0.0025384115166682,0.0335780559280731,0.7595263536025438,0.1389012517591208,0.5193396646420201,0.0,0.7654005955412836
195,2011-04-21,1337.38,0.0052628938377443,20.219385829745743,1.6,371682.0,232710.0,604392.0,14.69,12505.99,2820.16,3.4,6.95,845.64,106.94,1360.900024,69.8,74.0,1503.8,111.72,0.0042028096846902,0.0062781767287063,0.0073468216445249,0.0078935698848106,-0.0049875415110385,0.003263732207376,0.0079080210821986,-0.416591752841148,-0.1109962743539298,-0.3096914351136952,0.0,0.7583781187790045
196,2011-04-25,1335.25,-0.0015939358990673,20.603753881799555,1.3,118276.0,90837.0,209113.0,15.77,12479.88,2825.88,3.363,6.94,844.23,106.71,1357.5,69.8,73.99,1509.1,111.68,-0.0020899820181643,0.0020261995865942,-0.0016687678072431,-0.0025014903935698,-0.0001351442667107,0.0035182086805782,-0.0003581020629139,-1.145017773626913,-0.9407263515779488,-1.0613482183316272,0.0,0.7611357187124443
197,2011-04-26,1347.24,0.0089395150388087,21.276395125561063,1.15,333044.0,290054.0,623098.0,15.62,12595.37,2847.54,3.32,6.92,853.04,106.9,1366.699951,69.8,73.84,1503.5,111.72,0.0092115385994482,0.0076356431347921,0.0103814703902349,0.0067542663098798,-0.0020293587428623,-0.0037177231959208,0.0003581020629139,1.035253737030306,1.1610004209497775,1.091829034075376,0.0,0.7281876643862816
198,2011-04-27,1355.66,0.0062303653386326,21.621077189847057,1.21,278929.0,230735.0,509664.0,15.35,12690.96,2869.88,3.368,6.91,858.31,107.08,1371.400024,69.8,73.52,1517.1,112.31,0.0075606428732868,0.0078147534001553,0.0061588998842792,0.0034330942326583,-0.0043431121471657,0.0090048943254634,0.0052671638979688,-0.1773173442348703,-0.2287972466898189,-0.2009521247179897,0.0,0.6061050515944911
199,2011-04-28,1360.48,0.0035491580401618,19.875890079075877,1.96,358727.0,183078.0,541805.0,14.62,12763.31,2872.53,3.312,6.9,861.55,107.38,1384.900024,69.8,73.12,1531.2,112.38,0.0056847196826854,0.0009229574997657,0.0037677529949053,0.0097958188278148,-0.0054555509015363,0.0092511239446428,0.0006230807091069,0.2516043843713174,-0.2313575743132769,0.0611544730366411,0.0,0.5711747478228542
200,2011-04-29,1363.61,0.002298016128269,19.342263774691368,1.75,468509.0,267411.0,735920.0,14.75,12810.54,2873.54,3.296,6.87,865.29,107.99,1388.599976,69.8,72.93,1556.4,113.39,0.0036936209210498,0.0003515446245527,0.0043316182712631,0.0026680758571346,-0.0026018501497526,0.0163237204117088,0.0089472182996965,0.2669936582190839,0.3788745091557182,0.3062152590628884,0.0,0.5745123662662457
201,2011-05-02,1361.22,-0.0017542383289272,18.642961165897635,1.38,328867.0,238717.0,567584.0,15.99,12807.36,2864.08,3.286,6.93,854.77,107.45,1391.900024,74.3,72.95,1557.1,113.03,-0.0002482639104943,-0.0032975375058441,-0.0122322839601274,0.0023737094403948,0.0002741979726526,0.0004496547369798,-0.0031799337811087,-0.3539018980264128,-0.1135080507830395,-0.2597326611457244,0.0624769419553867,0.5282786209253982
202,2011-05-03,1356.62,-0.0033850442943172,18.670553744469075,1.84,350750.0,190184.0,540934.0,16.7,12807.51,2841.62,3.255,6.93,843.77,107.71,1383.0,74.3,73.14,1540.4,110.6,1.1711947006887158e-05,-0.0078728695899412,-0.0129524812907293,-0.0064146848112143,0.0026011377524399,-0.0107829939066252,-0.0217331811144054,0.0644203052695573,-0.2272867253163308,-0.0480914809219914,0.0,0.5423812161527692
203,2011-05-04,1347.32,-0.0068788779870612,17.803646843222868,2.08,292007.0,140614.0,432621.0,17.08,12723.58,2828.23,3.223,6.91,832.9,107.77,1371.400024,74.3,73.03,1515.3,108.79,-0.0065747527692128,-0.0047232377904489,-0.01296635866822,-0.00842291931413,-0.0015050970892165,-0.0164286837986367,-0.016500670655243,-0.1832959443988873,-0.3019734769190272,-0.2234352190711135,0.0,0.5738144154483227
204,2011-05-05,1335.1,-0.009111238759397,16.730633422297384,1.94,396330.0,204708.0,601038.0,18.2,12584.17,2814.72,3.168,6.9,829.24,107.71,1355.400024,74.3,74.19,1481.4,99.89,-0.0110172899714253,-0.0047882847846345,-0.0044039682763825,-0.0117355019416658,0.0157590545694166,-0.0226258525629274,-0.0853498378889332,0.3054694229746886,0.3755660258094391,0.3287961044597445,0.0,0.5545648639972893
205,2011-05-06,1340.2,0.0038126611430211,16.295029902975738,1.85,390609.0,211060.0,601669.0,18.4,12638.74,2827.56,3.157,6.89,833.34,107.76,1359.300049,74.3,74.84,1491.6,96.87,0.0043270253228904,0.0045513594379951,0.0049321034912708,0.002873265980205,0.0087231312044542,0.0068617827254762,-0.0306997071057644,-0.0145401379065894,0.0305578797565608,0.001049299717879,0.0,0.5571780818019886
206,2011-05-09,1346.29,0.0045338046535476,16.1037456947424,1.94,211882.0,109438.0,321320.0,17.16,12684.68,2843.25,3.142,6.88,842.8,108.13,1353.800049,74.3,74.74,1503.2,100.32,0.0036282658817299,0.0055336151402718,0.0112879597738508,-0.0040544081202451,-0.001337077348551,0.0077467997945896,0.034995203446317,-0.6116775437147393,-0.6567842743894925,-0.6272699489020841,0.0,0.5681420499991097
207,2011-05-10,1357.16,0.0080416198398705,16.05739713519115,1.54,280090.0,181972.0,462062.0,15.91,12760.36,2871.89,3.195,6.87,855.91,108.07,1366.400024,74.3,74.61,1516.9,103.39,0.005948524597402,0.0100225855344104,0.0154355484971757,0.0092640723297856,-0.0017408775739147,0.0090726094983715,0.030143168713991,0.2790814641565386,0.5084946502339651,0.3632615699064292,0.0,0.5994111305006941
208,2011-05-11,1342.08,-0.0111736317589876,15.835360025116431,2.2,443775.0,201536.0,645311.0,16.95,12630.03,2845.06,3.157,6.85,840.66,108.04,1357.300049,74.3,75.33,1501.4,97.88,-0.0102661790283136,-0.0093861926299849,-0.0179779328160147,-0.0066820931937066,0.0096039153541802,-0.0102707724587247,-0.0547660070241304,0.460206697137286,0.1021151963911428,0.3340332899195051,0.0,0.5939979628417486
209,2011-05-12,1348.65,0.0048834428253909,15.94344026456894,1.8,329366.0,182716.0,512082.0,16.03,12695.92,2863.04,3.23,6.87,847.53,108.07,1351.099976,74.3,75.24,1506.8,98.53,0.0052033703505358,0.0062998403902509,0.0081389392469963,-0.0045784107023925,-0.0011954574047736,0.0035901906789836,0.006618831759912,-0.2981480827867404,-0.0980349906690989,-0.2312476026656806,0.0,0.6131335281638133
210,2011-05-13,1337.77,-0.0081000435426883,15.820265807769976,1.81,337124.0,186281.0,523405.0,17.07,12595.75,2828.47,3.187,6.86,835.67,108.43,1343.199951,74.3,75.76,1493.6,99.21,-0.0079212265358723,-0.0121480679607106,-0.0140924385446901,-0.0058642674193265,0.0068874444449926,-0.0087988835903729,0.0068777453274275,0.0232812207525601,0.0193232515531374,0.0218707745077466,0.0,0.6178362937092805
211,2011-05-16,1329.47,-0.0062236820017318,15.857142561902396,1.88,434100.0,231165.0,665265.0,18.24,12548.37,2782.31,3.149,6.81,822.91,108.44,1336.699951,74.3,75.47,1490.6,96.91,-0.0037686788066491,-0.0164544114976132,-0.0153869596308169,-0.0048509369632956,-0.0038352225810456,-0.0020105897799194,-0.0234561029153521,0.2528241071088608,0.2158754548928527,0.2398299145443054,0.0,0.6178142195630463
212,2011-05-17,1328.98,-0.000368635863416,15.904970364557832,1.89,553411.0,292448.0,845859.0,17.55,12479.58,2783.21,3.121,6.82,820.36,108.55,1329.300049,74.3,75.4,1480.0,96.4,-0.005497068135682,0.0003234199168611,-0.003103570377152,-0.0055513285849277,-0.0009279512828666,-0.0071366356894326,-0.005276511129959,0.2428260219729683,0.2351551318343396,0.2401672215312071,0.0,0.6387260653019204
213,2011-05-18,1340.68,0.0087652172248233,15.904938367732491,1.15,524719.0,455723.0,980442.0,16.23,12560.18,2815.0,3.171,6.84,833.45,108.82,1342.0,74.3,75.47,1495.8,99.52,0.006437783618729,0.0113573237560231,0.0158304440835648,0.0095085137965682,0.0009279512828666,0.0106190929994065,0.0318524273743694,-0.0532380630731719,0.4435982957080124,0.1476508113445245,0.0,0.6387200826662951
214,2011-05-19,1343.6,0.0021756308222586,15.951085679865953,1.8,648881.0,360091.0,1008972.0,15.52,12605.32,2823.31,3.171,6.84,835.16,108.74,1345.699951,74.3,75.12,1492.4,97.99,0.0035874549213819,0.0029476939072381,0.0020496108720777,0.0027532488035912,-0.0046483913967696,-0.0022756184105645,-0.0154931963431419,0.2123864596725582,-0.2355283915127888,0.0286837793271459,0.0,0.6542547309249482
215,2011-05-20,1333.27,-0.0077180074323806,15.952987415210764,2.08,471665.0,227136.0,698801.0,17.43,12512.04,2803.32,3.152,6.84,829.06,108.82,1336.699951,74.3,75.44,1508.9,99.15,-0.0074275663401426,-0.0071055264360246,-0.0073307943878653,-0.0067104340152317,0.0042508034251946,0.0109953461726028,0.0117684223180782,-0.3189803530438233,-0.4608078202609835,-0.3673212604373024,0.0,0.6862359855339247
216,2011-05-23,1317.37,-0.0119972464853699,16.27885492946919,2.13,557752.0,262073.0,819825.0,18.27,12381.26,2758.9,3.134,6.88,814.04,108.38,1313.699951,74.3,76.1,1515.4,97.06,-0.0105073415915022,-0.0159723795008952,-0.0182830240289613,-0.0173563071437561,0.0087106265424381,0.0042985219776676,-0.0213045109887355,0.167645431308081,0.1430741338822621,0.1597248935645172,0.0,0.6846597517729904
217,2011-05-24,1316.28,-0.0008277486091436,16.556928406998544,1.84,298364.0,162275.0,460639.0,17.82,12356.21,2746.16,3.123,6.89,810.33,108.29,1315.800049,74.3,75.88,1523.3,99.13,-0.0020252684338633,-0.0046284773440676,-0.0045679327383201,0.0015973367153678,-0.0028951198008266,0.0051996036453818,0.0211027760677362,-0.6256002015221949,-0.4793306639867598,-0.5764762468791709,0.0,0.6718685003473963
218,2011-05-25,1320.47,0.0031781576006988,16.30253289673683,1.3,265495.0,203590.0,469085.0,17.07,12394.66,2761.38,3.129,6.9,820.87,108.45,1320.300049,74.3,75.93,1526.7,100.78,0.0031069639920158,0.005526982552805,0.0129231813251911,0.0034141377063336,0.0006587181583288,0.0022295091202417,0.016507803207646,-0.1167182095070185,0.2268157406370523,0.0181693327298333,0.0,0.6753885650949258
219,2011-05-26,1325.69,0.0039453447796793,15.897444759572746,1.76,397749.0,225802.0,623551.0,16.09,12402.76,2782.92,3.061,6.92,830.87,108.16,1327.0,74.3,75.55,1522.8,100.18,0.000653293793313,0.0077701814022717,0.0121085911600511,0.0050617347342747,-0.0050171745063938,-0.0025577977545543,-0.0059713553229814,0.4042251449597387,0.1035503415156764,0.28464656938743,0.0,0.6788668030952315
220,2011-05-27,1331.1,0.0040725894613515,15.368186216493244,1.2,271929.0,226106.0,498035.0,15.98,12441.58,2796.86,3.064,6.92,836.26,108.35,1338.5,74.3,74.95,1537.3,100.58,0.0031250604035388,0.0049966231652289,0.0064662249261573,0.0086288286281996,-0.0079734641701421,0.0094768854102111,0.0039848628143479,-0.3802801502625605,0.0013454067901257,-0.2247602024065536,0.0,0.7146629123943609
221,2011-06-01,1314.55,-0.0230482991430465,14.414793331165304,2.19,530877.0,242795.0,773672.0,18.3,12290.14,2769.19,2.966,7.01,821.4,108.62,1335.599976,71.5,74.68,1543.2,100.3,-0.0122467740041294,-0.0099425006742324,-0.0179293679949692,-0.0021689728603595,-0.0036089058750841,0.0038305516729657,-0.0027877357759287,0.6689893531814111,0.0712135500301904,0.440477655483372,-0.0384135020237517,0.6848418539394868
222,2011-06-02,1312.94,-0.0012255043417859,14.394916763194145,1.61,388469.0,242022.0,630491.0,18.09,12248.55,2773.31,3.03,7.06,820.69,108.66,1325.400024,71.5,74.33,1532.7,100.41,-0.0033897522503352,0.0014866940040976,-0.0008647516813873,-0.0076662923381798,-0.0046976799363198,-0.0068272965866578,0.0010961089234546,-0.3123169834473458,-0.0031888347769637,-0.2046491302452349,0.0,0.6999753208556653
223,2011-06-03,1300.16,-0.00978156358192,15.97040700432088,2.23,539584.0,242083.0,781667.0,17.95,12151.26,2732.78,2.997,7.11,808.13,108.64,1320.099976,71.5,73.78,1542.4,100.28,-0.0079746945244263,-0.0147221465839129,-0.0154225131724494,-0.0040068456555948,-0.0074269465686729,0.0063087588514196,-0.0012955306012516,0.3285850997560189,0.0002520114451325,0.2149299377337268,0.0,0.6746910570625152
224,2011-06-06,1286.17,-0.0108185238924676,18.53894613177284,1.46,487194.0,333513.0,820707.0,18.49,12089.96,2702.56,3.002,7.12,795.32,108.75,1309.800049,71.5,73.95,1547.2,99.07,-0.0050575120116125,-0.0111199341342649,-0.0159783872787411,-0.0078329819120286,0.002301496988279,0.0031072008427486,-0.0121396023051545,-0.1021360712512926,0.3204012025449572,0.0487373452521318,0.0,0.6638768214979367
225,2011-06-07,1284.94,-0.0009567852747123,20.754077070688933,1.4,450517.0,321605.0,772122.0,18.07,12070.81,2701.56,3.011,7.14,797.55,108.8,1311.900024,71.5,73.52,1544.0,99.18,-0.0015852147104737,-0.0003700880111523,0.0027999792285768,0.0016019951868173,-0.0058317111093773,-0.002070394114308,0.001109710076049,-0.0782665888634479,-0.0363577606580687,-0.061023595276282,0.0,0.6659426779802359
226,2011-06-08,1279.56,-0.0041957558140941,22.87393328707655,1.77,526274.0,296987.0,823261.0,18.79,12048.94,2675.38,2.962,7.19,788.04,108.97,1301.800049,71.5,73.93,1538.7,100.77,-0.001813452128939,-0.0097379576050178,-0.0119956786275752,-0.0077285266025848,0.0055612215215772,-0.0034385475213891,0.0159043112313232,0.1554261774719254,-0.0796357176466866,0.0641307142162279,0.0,0.6579284045386448
227,2011-06-09,1289.0,0.0073504551210987,23.726809902714997,1.43,392746.0,275428.0,668174.0,17.77,12124.36,2684.87,2.998,7.24,792.64,109.09,1307.900024,71.5,74.19,1542.7,101.95,0.0062399626629172,0.0035408833227377,0.0058202963101123,0.0046748560666571,0.0035106706324263,0.0025962239545611,0.0116418047281534,-0.2926588971693267,-0.0753621153767198,-0.2087246641837037,0.0,0.6795918098651154
228,2011-06-10,1270.98,-0.0140784675147669,25.31792405144104,1.77,598930.0,337467.0,936397.0,18.86,11951.91,2643.73,2.971,7.26,779.54,109.0,1288.5,71.5,74.8,1529.2,99.3,-0.0143255536836672,-0.0154415108844494,-0.0166651441742518,-0.0149440647527141,0.0081885147789968,-0.0087894051956363,-0.0263369259693373,0.4219816373628262,0.2031414763300194,0.3374909131927595,0.0,0.6732854438573295
229,2011-06-13,1271.83,0.0006685517452424,26.254542212354508,1.67,520904.0,312657.0,833561.0,19.61,11952.97,2639.69,2.991,7.32,777.2,108.98,1288.5,71.5,74.51,1515.6,97.2,8.868482089852137e-05,-0.0015293127509812,-0.0030062846234573,0.0,-0.0038845404147958,-0.0089333226778114,-0.0213748595847338,-0.1395789661121469,-0.0763609847384181,-0.1163326469766872,0.0,0.7217413341019341
230,2011-06-14,1287.87,0.012532882723673,26.06641045525258,1.5,585602.0,389228.0,974830.0,18.26,12076.11,2678.72,3.099,7.31,793.99,108.93,1305.800049,71.5,74.33,1524.4,99.37,0.0102493377170613,0.0146775824685203,0.0213731492061013,0.0133371661850016,-0.0024187058284335,0.0057894898552595,0.0220795457768785,0.1170746142030694,0.2190585471543293,0.1565562119453361,0.0,0.7755663059783356
231,2011-06-15,1265.42,-0.0175856080264908,27.111572072246524,2.86,1182448.0,413868.0,1596316.0,21.32,11897.27,2631.46,2.973,7.33,779.46,108.83,1284.0,71.5,75.6,1526.2,94.83,-0.0149201587457135,-0.0178002432494004,-0.01846949447369,-0.0168357120275146,0.016941644448285,0.001180095855827,-0.0467644423476354,0.702701766827337,0.0613817922349806,0.4931906565776085,0.0,0.7789880542970844
232,2011-06-16,1267.64,0.0017528211478534,28.060630898743728,1.92,789141.0,411952.0,1201093.0,22.73,11961.52,2623.7,2.909,7.42,781.54,108.18,1273.599976,71.5,75.75,1529.9,94.95,0.0053858687143275,-0.0029532899626936,0.0026649599372392,-0.0081326880040091,0.0019821612039914,0.0024213879178009,0.0012646223626591,-0.4043971326651796,-0.0046402446971995,-0.2844664988463492,0.0,0.7796855183633864
233,2011-06-17,1271.5,0.0030404018474756,28.931881940904603,2.03,457340.0,225314.0,682654.0,21.85,12004.36,2616.48,2.944,7.44,781.75,108.13,1280.599976,71.5,74.99,1539.1,93.02,0.0035750863835595,-0.0027556322755177,0.0002686641650146,0.005481182097589,-0.0100836730761812,0.0059954562125748,-0.0205359134623446,-0.5455179153330256,-0.6034118528305825,-0.5649991119208053,0.0,0.7785390629759498
234,2011-06-20,1278.36,0.0053807005489323,29.17043850026304,1.65,350213.0,211726.0,561939.0,19.99,12080.38,2629.66,2.963,7.48,788.48,108.09,1281.599976,71.5,75.03,1542.0,93.23,0.0063127318337912,0.0050246572641254,0.0085720451270949,0.000780579244016,0.0005332622443399,0.0018824451373662,0.0022550345126512,-0.2668855559634142,-0.0622019989730446,-0.1945948395542167,0.0,0.8194824449665695
235,2011-06-21,1295.52,0.0133341525266983,28.548536305232943,1.57,489171.0,310657.0,799828.0,18.86,12190.01,2687.26,2.985,7.47,806.37,108.82,1301.800049,71.5,74.54,1546.4,93.7,0.0090341148718362,0.0216675268744408,0.0224356527790803,0.0156386811909738,-0.0065521395065246,0.0028493737708465,0.0050286309357741,0.3341705807904365,0.3833964237492306,0.3530034014746821,0.0,0.8180055775304221
236,2011-06-22,1287.14,-0.0064894561490245,27.38210366340192,2.01,350585.0,174710.0,525295.0,18.52,12109.67,2669.19,2.993,7.44,799.87,108.89,1299.5,71.5,74.78,1553.4,94.96,-0.0066124568501226,-0.006747031541094,-0.0080934797807543,-0.0017683846969314,0.0032145754978545,0.004516428091426,0.0133575610570364,-0.3331089338252901,-0.57556195316719,-0.4204366950079521,0.0,0.7981460231297539
237,2011-06-23,1283.5,-0.002831981477585,26.913835370802072,2.41,543128.0,225471.0,768599.0,19.29,12050.0,2686.75,2.909,7.49,802.68,108.8,1281.599976,71.5,75.45,1520.5,90.7,-0.0049396470506017,0.0065572291397106,0.0035069144549453,-0.0138702964940424,0.0089197156648905,-0.0214068488681276,-0.0458983931803214,0.4377418318220538,0.2550640910820778,0.3806093675188613,0.0,0.8006847773508653
238,2011-06-24,1268.45,-0.0117950386825338,26.46137173573531,2.11,421362.0,199455.0,620817.0,21.1,11934.58,2652.89,2.871,7.49,797.79,108.61,1275.400024,71.5,75.67,1500.9,90.89,-0.0096245913809109,-0.0126826729384044,-0.0061107239953592,-0.0048494048887057,0.0029115954925726,-0.0129742999551503,0.0020926270095875,-0.2538526978958355,-0.1226029005916533,-0.2135330245483313,0.0,0.8168077192469175
239,2011-06-27,1280.1,0.0091425172334025,25.92620212797209,2.42,419974.0,173358.0,593332.0,20.56,12043.56,2688.28,2.927,7.53,805.14,108.87,1281.800049,71.5,75.39,1496.4,90.65,0.0090900086830139,0.0132519721018775,0.0091707704179642,0.005005504598821,-0.0037071404828203,-0.0030027046882779,-0.0026440469298183,-0.0032995170995686,-0.1402298265018853,-0.0452822450902061,0.0,0.8497901359442634
240,2011-06-28,1296.67,0.0128612397731018,25.36646955076973,1.43,462199.0,324349.0,786548.0,19.17,12188.69,2729.31,3.045,7.53,817.31,109.22,1296.400024,71.5,75.06,1500.2,92.9,0.0119783953442649,0.0151472460955517,0.0150022845155843,0.0113258324825791,-0.0043868465167351,0.0025362090615441,0.0245177086189327,0.0958027296730534,0.6264612760901631,0.2818996430908118,0.0,0.8603204681480584
241,2011-06-29,1307.41,0.0082486412827602,24.8113976427644,1.4,444858.0,317250.0,762108.0,17.27,12261.42,2740.49,3.108,7.47,819.92,109.15,1314.0,71.5,74.69,1510.4,94.85,0.0059492750352649,0.0040879065300591,0.0031883146668016,0.0134847092643584,-0.0049415793378999,0.0067760838557004,0.02077305056123,-0.0382404041533366,-0.0221299899705584,-0.031565472588257,0.0,0.8820000142638584
242,2011-06-30,1320.64,0.0100683866462913,23.90696113935048,1.38,582471.0,422853.0,1005324.0,16.52,12414.34,2773.52,3.158,7.44,827.43,109.32,1331.199951,71.5,74.3,1502.8,95.3,0.012394508430523,0.011980535064044,0.0091177370047779,0.0130048342134934,-0.0052352626452618,-0.0050444816914225,0.0047331142791335,0.2695242686737487,0.2873344943230034,0.2769768786699735,0.0,0.9072496002527403
243,2011-07-01,1339.67,0.0143068473949181,23.66049192556644,1.3,575081.0,441808.0,1016889.0,15.87,12582.77,2816.03,3.197,7.4,840.04,109.19,1343.800049,63.7,74.35,1482.6,94.81,0.013476161764057,0.015210820055886,0.0151249982231416,0.0094207036917595,0.0006727211824504,-0.013532731477194,-0.0051549217302886,-0.0127684983514129,0.0438507976456321,0.0114380889520742,-0.1155128871218442,0.9063431170920584
244,2011-07-06,1339.22,0.0010010833453426,24.8201538983766,2.04,403748.0,197464.0,601212.0,16.34,12626.02,2834.02,3.095,7.35,845.23,108.91,1342.0,63.7,75.12,1529.2,96.67,0.0034313461642501,0.0063681067584671,0.0061592699182586,-0.0013404194181809,0.0103031619938436,0.0309474195996379,0.0194282275466459,-0.353719979477157,-0.8053191093177112,-0.5255556277896272,0.0,0.9142429333336833
245,2011-07-07,1353.22,0.0103995826657694,26.552780532777508,1.15,605708.0,528489.0,1134197.0,15.95,12719.49,2872.66,3.149,7.29,858.11,109.21,1352.400024,63.7,74.96,1530.6,98.7,0.0073756987914261,0.0135422313921704,0.0151235167291066,0.0077197710483325,-0.0021321969698409,0.000915092553563,0.0207818299629218,0.4056071007941284,0.9844657022248012,0.6347325727808197,0.0,0.8952047344805032
246,2011-07-08,1343.8,-0.0069855160925431,27.48530788510625,1.65,440601.0,266881.0,707482.0,15.95,12657.2,2859.81,3.016,7.26,852.57,109.4,1343.099976,63.7,75.18,1541.6,96.2,-0.0049092395503365,-0.0044832407402575,-0.0064769791749297,-0.0069004525340394,0.0029306002058655,0.0071610227243361,-0.0256555887677754,-0.3182583177603675,-0.683219125304463,-0.4719680030426456,0.0,0.9586071066792795
247,2011-07-11,1319.49,-0.0182561231996567,27.31764538790057,2.88,727041.0,252068.0,979109.0,18.39,12505.76,2802.62,2.917,7.34,833.54,109.16,1314.800049,63.7,75.99,1549.2,95.16,-0.0120368850456777,-0.0202004950993597,-0.0225736257823969,-0.0212957569878309,0.0107165145456615,0.0049178305404407,-0.0108696722369039,0.5008431680938852,-0.057103973785102,0.3249307869353508,0.0,0.9603150009393844
248,2011-07-12,1313.64,-0.0044433883819259,26.835948057778385,2.24,659525.0,294216.0,953741.0,19.87,12446.88,2781.91,2.908,7.37,829.77,108.57,1307.300049,63.7,75.81,1562.3,97.41,-0.0047193490774919,-0.0074169518079516,-0.0045331374859935,-0.005720621008443,-0.0023715426134813,0.0084204257772597,0.0233691893481076,-0.0974629931472872,0.1546152990801452,-0.0262508283139677,0.0,0.9591972569275118
249,2011-07-13,1317.72,0.0031010604931553,25.69952830416033,1.86,506197.0,272384.0,778581.0,19.91,12491.61,2796.92,2.891,7.32,836.98,108.89,1320.300049,63.7,75.21,1585.5,98.04,0.0035872298576435,0.0053810695859164,0.0086516213861118,0.0098950415482859,-0.0079460092299008,0.0147407205605452,0.0064466838770478,-0.2645939573623828,-0.0771013560617888,-0.2029191140146249,0.0,0.9629983684174548
250,2011-07-14,1308.87,-0.0067388008717834,25.60557731313821,2.0,749008.0,373574.0,1122582.0,20.8,12437.12,2762.67,2.944,7.28,823.32,109.22,1310.800049,63.7,75.25,1589.3,95.75,-0.0043716696985445,-0.0123212083251287,-0.0164552288505843,-0.0072213453915219,0.0005317027906741,0.0023938527243716,-0.0236349305991563,0.3918237427858546,0.3159032753862067,0.3659136360688499,0.0,0.9420109340127778
251,2011-07-15,1316.14,0.0055390406798796,25.670894984577615,2.48,492180.0,198091.0,690271.0,19.53,12479.73,2789.8,2.908,7.26,828.78,109.06,1313.199951,63.7,75.13,1590.1,97.24,0.0034201788377199,0.0097723052640015,0.0066097934491233,0.0018291941075938,-0.0015959572479165,0.0005032396155773,0.0154415213871663,-0.4199051611253424,-0.6343895897129634,-0.4863023940662643,0.0,0.9536806779609227
252,2011-07-18,1305.44,-0.0081630615252281,25.69425390611624,1.99,502246.0,252767.0,755013.0,20.95,12385.16,2765.11,2.909,7.28,815.97,109.02,1297.0,63.7,75.48,1602.4,95.94,-0.0076067463805387,-0.0088894914912138,-0.0155771503575365,-0.0124129639975603,0.0046477741192809,0.0077055980332572,-0.0134591533740042,0.0202455362593418,0.2437415947049377,0.0896506935368552,0.0,0.9815258597914025
253,2011-07-19,1326.73,0.0161771194838955,26.028531129464,1.63,307003.0,188866.0,495869.0,19.21,12587.42,2826.52,2.891,7.28,834.62,108.84,1316.5,63.7,75.22,1601.1,97.49,0.0161989208017363,0.021965855812299,0.0225989418633094,0.0149227946199204,-0.0034505674581595,-0.0008116123435994,0.0160268125672624,-0.4922325199756336,-0.2914303468821568,-0.4204231887060867,0.0,0.9578283936624724
254,2011-07-20,1325.84,-0.0006710473490967,26.231653172451114,1.98,420963.0,213021.0,633984.0,19.09,12571.91,2814.23,2.933,7.23,832.34,109.29,1324.099976,63.7,74.79,1596.9,98.11,-0.0012329423688779,-0.0043575834587308,-0.0027355202545749,0.0057562652838276,-0.0057329668386145,-0.0026266431611876,0.0063394895341195,0.3156874243080114,0.1203529835038548,0.24571193858797,0.0,0.9835653918523614
255,2011-07-21,1343.8,0.0134552006707604,26.92351983997525,1.16,413207.0,355211.0,768418.0,17.56,12724.41,2834.43,3.01,7.2,841.26,109.32,1343.699951,63.7,74.02,1587.0,98.96,0.0120572357950941,0.007152169225395,0.0106597567699742,0.0146940011946981,-0.0103488592455658,-0.0062188083204119,0.0086264299089329,-0.0185962657837528,0.5113212267080769,0.1923101383936387,0.0,0.9777154374401831
256,2011-07-22,1345.02,0.0009074613278103,27.745178785887862,1.58,328293.0,208421.0,536714.0,17.52,12681.16,2858.83,2.964,7.16,841.82,109.88,1348.699951,63.7,74.2,1601.5,99.53,-0.0034047684646409,0.0085715914584083,0.000665446705641,0.0037141627766388,0.0024288232153244,0.0090952485228035,0.0057433781737392,-0.2300421757320698,-0.5331519065501684,-0.3588684917404752,0.0,0.980588038886392
257,2011-07-25,1337.43,-0.0056590208618958,27.478004921783427,1.65,317712.0,192577.0,510289.0,19.35,12592.8,2842.8,3.004,7.16,831.4,109.76,1340.900024,63.7,74.06,1612.2,98.97,-0.0069922054161644,-0.0056229682515525,-0.0124551878481993,-0.0058000810075062,-0.001888574687868,0.0066590158002872,-0.0056423323493719,-0.0327611902739342,-0.0790639988076353,-0.0504881322887698,0.0,0.9434808543594976
258,2011-07-26,1331.94,-0.0041133359112333,26.89483935668269,1.99,259020.0,130485.0,389505.0,20.23,12501.3,2839.96,2.951,7.13,824.83,110.01,1342.400024,63.7,73.47,1616.8,99.61,-0.0072925831578434,-0.0009995144037189,-0.0079337223233197,0.0011180264073455,-0.0079984158532804,0.0028491812399114,0.0064457872484737,-0.2042400332492366,-0.3892377961215523,-0.2701005296912271,0.0,1.024889429724778
259,2011-07-27,1304.89,-0.0205177800243783,26.57787790883061,2.92,602797.0,206723.0,809520.0,22.98,12302.55,2764.79,2.98,7.14,800.53,109.96,1319.0,63.7,74.09,1615.1,97.4,-0.016026080936303,-0.0268252848439738,-0.0299032961835381,-0.0175852008740537,0.0084034107963795,-0.0010520128449442,-0.0224363505085847,0.8446752111694664,0.4601214552452202,0.731564777222621,0.0,1.0030849013730094
260,2011-07-28,1300.67,-0.0032392297163754,25.233814532504507,1.6,388386.0,243443.0,631829.0,23.74,12240.11,2766.25,2.951,7.16,799.34,110.43,1312.599976,63.7,74.22,1616.2,97.48,-0.0050882939924257,0.0005279296602118,-0.0014876211435392,-0.0048639889620138,0.0017530852038856,0.0006808405548799,0.0008210181085166,-0.4395807995114946,0.1635030960050496,-0.2478226915054637,0.0,0.9547210865938304
261,2011-07-29,1292.28,-0.0064714161711867,24.106622202659363,2.3,719899.0,312336.0,1032235.0,25.25,12143.24,2756.38,2.805,7.17,797.03,111.02,1306.099976,63.7,73.9,1631.2,95.68,-0.0079456276221758,-0.0035743877494827,-0.0028940679320061,-0.0049643055471406,-0.0043208276782946,0.0092382254608978,-0.0186379385546837,0.6171112339390632,0.2491967025428536,0.4908628453810504,0.0,0.9586152146195075
262,2011-08-01,1286.94,-0.004140792666031,23.340513483081928,2.41,636053.0,263904.0,899957.0,23.66,12132.49,2744.61,2.74,7.25,792.85,111.59,1297.199951,55.8,74.26,1621.7,94.98,-0.0008856582852647,-0.0042792362687,-0.0052582706005566,-0.0068375215486637,0.0048596207947779,-0.0058409585349163,-0.0073429470813461,-0.1238290311910486,-0.1684941307697922,-0.1371346488919531,-0.1324106931908524,1.0688219775623247
263,2011-08-02,1254.05,-0.0258889936564825,24.97166248911008,2.1,872419.0,415921.0,1288340.0,24.79,11866.62,2669.24,2.624,7.32,767.0,111.96,1269.400024,55.8,74.51,1644.5,93.78,-0.0221575614665887,-0.0278452006663858,-0.0331472472683209,-0.0216636908805565,0.0033608958167015,0.0139614049037826,-0.0127147294595353,0.3159879198893467,0.4549099377301449,0.3587628625791286,0.0,1.0681341253635512
264,2011-08-03,1260.34,0.0050032120084813,26.585185575198413,1.51,764846.0,505187.0,1270033.0,23.38,11896.44,2693.07,2.599,7.39,772.78,111.92,1262.699951,55.8,74.04,1666.3,91.87,0.0025097790985668,0.0088880191090918,0.0075076012789772,-0.0052921201400391,-0.0063278568603388,0.0131692129154661,-0.0205770793780653,-0.1315953067187916,0.1944333193809484,-0.0143116836172456,0.0,1.3440858163386094
265,2011-08-04,1200.07,-0.049001637406655,33.26473339461609,2.24,1176255.0,526020.0,1702275.0,31.66,11383.68,2556.39,2.458,7.57,726.8,111.38,1208.400024,55.8,75.12,1659.0,86.75,-0.0440584449315188,-0.0520856997722063,-0.0613430661242171,-0.0439550562654105,0.0144813471947102,-0.0043905883541333,-0.0573441154564067,0.4304164353155979,0.0404105770665097,0.2929227073326217,0.0,1.3423297490801853
266,2011-08-05,1199.38,-0.0005751318168911,38.584660587369335,2.59,1552718.0,599925.0,2152643.0,32.0,11444.61,2532.41,2.558,7.75,714.63,109.89,1194.099976,55.8,74.6,1651.8,86.89,0.0053381260432807,-0.0094246885321505,-0.016886410285779,-0.0119044469329701,-0.0069463276902919,-0.0043494088138276,0.0016125320241462,0.2776712809418225,0.1314654125744461,0.2347307977742065,0.0,1.7843225342347206
267,2011-08-08,1119.46,-0.0689583304274545,51.125030045226254,2.04,1440873.0,704645.0,2145518.0,48.0,10809.85,2357.69,2.339,8.2,650.96,108.06,1132.900024,55.8,74.79,1713.2,81.27,-0.0570611212940601,-0.0714890923759066,-0.0933167298478352,-0.0526120053765062,0.0025436789938604,0.0364973643645996,-0.0668660060860011,-0.074757763754647,0.16088948248807,-0.0033153744247016,0.0,2.0125075836098434
268,2011-08-09,1172.53,0.0463173811832966,56.16243338457691,2.64,1448237.0,549192.0,1997429.0,35.06,11239.77,2482.52,2.182,8.41,696.16,107.87,1164.900024,55.8,74.61,1743.0,79.32,0.0390006261085886,0.0515918471721192,0.0671313225839682,0.0278545289443439,-0.0024096397201525,0.0172447997788047,-0.0242866411135187,0.0050977747109222,-0.2492460227457318,-0.0715201614709748,0.0,2.138142334409483
269,2011-08-10,1120.76,-0.0451567807548354,64.76280634107307,1.74,920441.0,529725.0,1450166.0,42.99,10719.94,2381.05,2.137,8.49,660.21,109.13,1130.300049,55.8,74.64,1784.3,83.05,-0.0473528230106623,-0.0417326064352554,-0.053021552742817,-0.0301521394603501,0.0004020100556649,0.0234184149173621,0.0459525324077088,-0.4532493305669725,-0.0360901031822376,-0.3201828209575836,0.0,2.3100835425324804
270,2011-08-11,1172.64,0.0452505905853222,68.20455467312922,1.38,875151.0,634528.0,1509679.0,39.0,11143.31,2492.68,2.336,8.67,695.89,107.9,1166.5,55.8,74.68,1751.5,85.48,0.038733759222028,0.0458168700320635,0.0526336356372736,0.0315246849134771,0.0005357621344339,-0.0185536177998413,0.028839594391643,-0.0504564601212553,0.1805234114532989,0.0402190128080004,0.0,2.3056112699095705
271,2011-08-12,1178.81,0.0052478378532745,70.6647271591828,1.79,762312.0,426792.0,1189104.0,36.36,11269.02,2507.98,2.237,8.52,697.5,108.44,1180.800049,55.8,74.61,1742.6,85.19,0.0112180499149125,0.0061192113609092,0.0023109118286939,0.0121844038820126,-0.0009377721900989,-0.0050943128403551,-0.0033983743961973,-0.138040522193199,-0.3965846403069246,-0.2386969631020594,0.0,2.3384276672184265
272,2011-08-15,1204.49,0.0215507857895644,71.18760799512785,2.1,738586.0,351876.0,1090462.0,31.87,11482.9,2555.2,2.285,8.35,718.63,109.57,1204.800049,55.8,73.84,1758.0,87.88,0.018801604481478,0.0186528502213922,0.0298441079555091,0.0201214023727818,-0.0103739562888263,0.0087985484479355,0.0310881914616603,-0.0316183732447434,-0.1930179343012579,-0.0865986226927297,0.0,2.318634645803318
273,2011-08-16,1192.76,-0.0097862914727224,71.89020789313798,1.4,671094.0,478242.0,1149336.0,32.85,11405.93,2523.45,2.214,8.31,704.76,110.34,1196.599976,55.8,74.01,1785.0,86.65,-0.0067255766357856,-0.0125034856274695,-0.0194893023286013,-0.0068294368171759,0.0022996290147778,0.015241615968617,-0.0140952313547941,-0.0958283308806535,0.3068380397193415,0.0525829246645965,0.0,2.3193761954817593
274,2011-08-17,1193.89,0.000946934057727,72.16631699418255,2.19,1003554.0,457332.0,1460886.0,31.58,11410.21,2511.48,2.165,8.25,704.03,110.96,1200.300049,55.8,73.67,1793.8,87.58,0.0003751730178898,-0.0047547920433919,-0.0010363504359576,0.0030873844553225,-0.0046045585146528,0.0049178594701633,0.0106756452116369,0.4023937618689377,-0.0447072763659779,0.2398587166604677,0.0,2.420248531104077
275,2011-08-18,1140.65,-0.0456186080664995,73.93468616627038,1.94,1268533.0,654950.0,1923483.0,42.67,10990.58,2380.43,2.083,8.36,662.51,110.45,1147.900024,55.8,74.24,1822.0,82.38,-0.0374700263393972,-0.0535910771747278,-0.0607853168003895,-0.0446373593752298,0.0077074277832229,0.015598524136001,-0.0612099723653178,0.2343134152314832,0.3591492926820834,0.2750945041388011,0.0,2.4264976149788673
276,2011-08-19,1123.53,-0.015122760800307,76.32859175655892,1.67,674209.0,403124.0,1077333.0,43.05,10817.65,2341.84,2.071,8.43,651.7,110.75,1131.699951,55.8,74.01,1852.2,82.33,-0.0158594828322762,-0.0163441984684542,-0.0164513187477464,-0.014213323304995,-0.0031028692685701,0.0164393229162653,-0.0006071276975996,-0.6320762418138592,-0.4853146899168532,-0.5796490625307786,0.0,2.417197536012738
277,2011-08-22,1123.82,0.0002580817421495,78.82967086896659,2.01,498034.0,248141.0,746175.0,42.44,10854.65,2345.38,2.088,8.47,651.34,110.68,1131.300049,55.8,74.07,1891.9,84.42,0.0034145001636183,0.0015104905138088,-0.0005525540415636,-0.0003534264287781,0.000810372815823,0.0212074933562043,0.0250687790440178,-0.3028718040788938,-0.4852470739371259,-0.3672836644233541,0.0,2.5217105758353116
278,2011-08-23,1162.35,0.0337102215973423,79.26752178322762,1.78,587142.0,330109.0,917251.0,36.27,11176.76,2446.06,2.137,8.63,683.07,110.45,1157.800049,55.8,73.89,1861.3,85.35,0.0292430629013136,0.0420311311303969,0.0475655640414123,0.0231542377211253,-0.0024330912246419,-0.0163064467880857,0.0109561088860967,0.1645983507933657,0.285425769963112,0.2064209963065817,0.0,2.537689663464133
279,2011-08-24,1177.6,0.0130346510965422,78.78528525018712,1.73,634390.0,367648.0,1002038.0,35.9,11320.71,2467.69,2.26,8.7,692.57,109.74,1168.599976,55.8,74.01,1757.3,84.99,0.0127971691503745,0.0088039235654715,0.0138119726472556,0.0092847356163927,0.0016227184088188,-0.0574966281034869,-0.0042268467299146,0.0773972086909164,0.1077030557181633,0.0884100516272887,0.0,2.5467728420130826
280,2011-08-25,1159.27,-0.0156879723178988,78.8424913414011,1.72,442292.0,256641.0,698933.0,39.76,11149.82,2419.63,2.222,8.64,674.42,109.95,1154.599976,55.8,74.28,1763.2,85.15,-0.0152104373781618,-0.0196678544568928,-0.0265562537470138,-0.0120524877425269,0.0036415172751302,0.0033517997577945,0.0018808045981622,-0.3606936098311823,-0.3594477374916689,-0.3602363186536372,0.0,2.5647149179919793
281,2011-08-26,1176.8,0.0150083936305147,77.84022520079029,1.65,599471.0,363738.0,963209.0,35.59,11284.54,2479.85,2.188,8.67,691.79,110.69,1163.0,55.8,73.81,1797.3,85.37,0.0120102930870924,0.0245834385593477,0.0254293791153576,0.0072489306782506,-0.0063475127025443,0.0191551987993934,0.0025803439135181,0.3040773022132015,0.3487556070715225,0.3207155319409569,0.0,2.626964916212765
282,2011-08-29,1210.08,0.027887582820492,76.49610641131599,2.26,670986.0,297343.0,968329.0,32.28,11539.25,2562.11,2.271,8.61,724.65,110.85,1190.900024,55.8,73.72,1791.6,87.27,0.0223206202682817,0.0326330632830229,0.0464063383147426,0.0237064704081113,-0.0012200909803388,-0.0031764634248432,0.0220120101530048,0.1127006727196757,-0.2015474736566247,0.0053014872001355,0.0,2.6053436645554564
283,2011-08-30,1212.92,0.0023442024767232,74.04060500522456,1.84,550027.0,299463.0,849490.0,32.89,11559.95,2576.11,2.176,8.55,728.08,110.87,1196.199951,55.8,73.95,1829.8,88.9,0.0017922703419266,0.0054493714340395,0.0047221526005749,0.0044404807206301,0.0031150563551864,0.0210975959122894,0.0185053813446387,-0.1987809044418096,0.0071045160976677,-0.13093573615253,0.0,2.608810325913493
284,2011-08-31,1218.89,0.0049099329252264,71.3356552398955,1.4,563966.0,401887.0,965853.0,31.62,11613.53,2579.46,2.218,8.51,726.81,111.17,1211.199951,55.8,74.12,1831.7,88.81,0.0046242597554204,0.0012995655073941,-0.0017458368984248,0.0124617385800309,0.0022962122603509,0.0010378261207364,-0.0010128862494456,0.0250265980622916,0.294180083885335,0.12837547930752,0.0,2.5962537439340743
285,2011-09-01,1204.42,-0.0119424852611533,67.23141865759017,1.78,616683.0,345739.0,962422.0,31.82,11493.57,2546.04,2.146,8.42,708.92,110.87,1203.199951,59.5,74.48,1829.1,88.93,-0.0103830491680732,-0.0130408637702679,-0.0249224101837368,-0.0066269297565968,0.004845231551652,-0.0014204547842906,0.0013502871411352,0.0893611495470061,-0.1504867994335779,-0.0035586248027836,0.0642024431643193,2.6254331083041595
286,2011-09-02,1173.97,-0.0256069558496658,62.71763505778056,1.88,623742.0,332355.0,956097.0,33.92,11240.26,2480.33,1.996,8.43,683.36,111.25,1175.300049,59.5,74.76,1876.9,86.45,-0.0222857726921006,-0.0261475950901663,-0.0367208780937824,-0.0234611576405496,0.0037523496185505,0.0257974370803237,-0.0282833312822488,0.0113817057921892,-0.03948048038826,-0.0065936515776847,0.0,2.6650943662456976
287,2011-09-07,1198.62,0.0282438206520581,52.55676785929417,1.98,679398.0,342755.0,1022153.0,33.38,11414.86,2548.94,2.036,8.54,709.47,111.25,1173.400024,59.5,75.47,1817.6,89.34,0.0154140394717696,0.0272859706336134,0.0374964053148803,-0.0016179378851477,0.0094522437094148,-0.0321045301353724,0.0328831037946732,0.0854702906160564,0.0308122314727228,0.0668070936773013,0.0,2.6684183201920946
288,2011-09-08,1185.9,-0.0106689150479457,48.4421788534397,1.26,486617.0,384749.0,871366.0,34.32,11295.81,2529.14,1.986,8.51,694.92,111.26,1169.599976,59.5,76.25,1857.5,89.05,-0.0104841548462673,-0.0077982624697447,-0.0207214813823375,-0.0032437484694645,0.010282189190744,0.0217145480650824,-0.0032513061883019,-0.3337297459164254,0.1155752673972223,-0.1596043707672603,0.0,2.6848043839521893
289,2011-09-09,1154.23,-0.0270685250025595,44.40452295099521,1.8,972308.0,540561.0,1512869.0,38.52,10992.13,2467.99,1.915,8.54,673.96,110.42,1134.699951,59.5,77.19,1859.5,87.24,-0.0272522983029386,-0.0244752698335153,-0.0306259690555146,-0.0302935338619558,0.0122524994742416,0.0010761367732108,-0.0205350684022427,0.6921952606631514,0.3400163155503168,0.5517010318426294,0.0,2.69190278719232
290,2011-09-12,1162.27,0.0069415344561685,39.98995292785629,2.2,795196.0,360948.0,1156144.0,38.59,11061.12,2495.09,1.93,8.71,679.76,109.94,1122.699951,59.5,77.58,1813.3,88.19,0.0062566945967628,0.0109207465261107,0.0085690327251013,-0.0106318007937744,0.0050397470500582,-0.0251592447051454,0.010830636566661,-0.2010840015463326,-0.4038735855394382,-0.2689175181435637,0.0,2.700794169933638
291,2011-09-13,1172.87,0.0090787471478863,34.92301913354682,1.71,714627.0,418285.0,1132912.0,36.91,11105.85,2532.15,1.994,8.73,691.74,110.26,1134.699951,59.5,76.92,1830.1,90.21,0.0040357397254116,0.0147439435361844,0.0174703677776317,0.0106318007937744,-0.0085437412912421,0.0092222204912566,0.022646707768458,-0.1068278968977747,0.1474291147379851,-0.0202990208398574,0.0,2.717050332029795
292,2011-09-14,1188.68,0.0133897111697365,32.048558925405665,1.49,782607.0,523922.0,1306529.0,34.6,11246.73,2572.55,2.011,8.67,704.12,109.56,1145.099976,59.5,76.83,1826.5,88.91,0.0126054232166712,0.0158288806497806,0.0177386337048544,0.0091236928467033,-0.0011707318410349,-0.0019690429158991,-0.0145156635354997,0.0908699260292866,0.2251797999050531,0.1425826933144574,0.0,2.7028361863396047
293,2011-09-15,1209.11,0.0170411040185252,28.67360123756423,1.28,770832.0,602171.0,1373003.0,31.97,11433.18,2607.07,2.085,8.65,713.51,109.74,1169.5,59.5,76.24,1781.4,89.4,0.0164422346031187,0.0133293604940822,0.0132476560578629,0.021084358563808,-0.0077089295335976,-0.0250019952375684,0.0054960600464211,-0.0151602032928934,0.1391986398502975,0.0496263093388549,0.0,2.7033834196582034
294,2011-09-16,1216.01,0.0056904554160022,29.27885703950952,1.76,536185.0,305377.0,841562.0,30.98,11509.09,2622.31,2.076,8.61,714.31,109.76,1176.0,59.5,76.6,1814.7,87.96,0.0066175035876234,0.0058286233341213,0.0011205895473018,0.0055425424343384,0.0047108174005989,0.0185205927832097,-0.0162385164929084,-0.3629912002130115,-0.678994379248449,-0.4894959018891374,0.0,2.560892901338368
295,2011-09-19,1204.09,-0.009850912270882,29.41863387124527,2.33,352373.0,151291.0,503664.0,32.73,11401.01,2612.83,1.94,8.66,702.23,109.32,1156.5,59.5,77.15,1778.9,85.7,-0.0094352099555212,-0.0036216836081193,-0.0170560560902242,-0.0167206467870784,0.0071545020626251,-0.0199249690497547,-0.0260293400828262,-0.4197889771276131,-0.7023419443239636,-0.5133503097891392,0.0,2.561116803733144
296,2011-09-20,1202.09,-0.0016623864054956,27.707073724368616,1.91,399160.0,208669.0,607829.0,32.86,11408.66,2590.24,1.947,8.64,689.95,109.37,1161.900024,59.5,77.03,1809.1,86.92,0.0006707681686624,-0.0086833895921767,-0.0176418544951486,0.0046584141731447,-0.0015566224442959,0.0168342882959917,0.0141353297844952,0.1246720653694932,0.3215441299209995,0.1879842133243023,0.0,2.3021739059588717
297,2011-09-21,1166.76,-0.0298310318905654,27.775700485695182,2.66,919674.0,345973.0,1265647.0,37.32,11124.84,2538.19,1.875,8.66,664.58,108.81,1137.199951,59.5,77.34,1808.1,85.77,-0.0251922702094926,-0.020299306924751,-0.0374638690190787,-0.0214875591560819,0.0040163298142763,-0.0005529138701074,-0.0133188603858993,0.8346569204048606,0.505611472852685,0.7334451404519076,0.0,2.211966356689452
298,2011-09-22,1129.56,-0.0324025002624361,27.17818990360768,2.75,840713.0,305208.0,1145921.0,41.35,10733.83,2455.67,1.715,8.9,643.42,106.9,1089.300049,59.5,78.45,1741.7,80.29,-0.0357800098228064,-0.03305159215002,-0.0323575629950108,-0.0430337246171408,0.0142501929998912,-0.0374149224193685,-0.0660242148057372,-0.0897689180948884,-0.125367225944224,-0.09937477338892,0.0,2.0589304531202606
299,2011-09-23,1136.43,0.0060635934396788,28.27131877720051,1.31,475432.0,363289.0,838721.0,41.25,10771.48,2483.23,1.808,9.03,652.43,105.18,1094.900024,59.5,78.5,1639.8,79.58,0.0035014643794042,0.0111604956830646,0.0139061545650092,0.0051277237277735,0.0006371456093212,-0.0602873645756618,-0.0088822751978101,-0.5700264769278398,0.1742051493750551,-0.3120858470436065,0.0,1.9216178033664526
300,2011-09-26,1162.95,0.0230681105462693,28.40755032587353,1.86,373691.0,201220.0,574911.0,39.02,11043.86,2516.69,1.904,9.09,665.62,103.61,1109.400024,59.5,78.36,1594.8,79.97,0.0249727169380911,0.0133844139536698,0.0200150833840035,0.0131562934552595,-0.0017850317120231,-0.027825946654878,0.0048887593450155,-0.2407946116862493,-0.5907998238977061,-0.377662866218758,0.0,1.9293746928651823
301,2011-09-27,1175.38,0.0106316192166167,27.953566761907997,1.82,532471.0,292619.0,825090.0,37.71,11190.69,2546.83,2.016,9.09,680.23,105.44,1140.199951,59.5,77.51,1652.5,84.18,0.0132075652000924,0.011904902506318,0.0217120391431207,0.0273842923681151,-0.0109066327829197,0.0355409562186412,0.0513057989986265,0.3540991832946822,0.3744725846788643,0.3612772250851996,0.0,1.9204652884911095
302,2011-09-28,1151.06,-0.0209082426026192,28.163664011888237,2.45,412611.0,168726.0,581337.0,41.08,11010.9,2491.58,2.002,9.18,651.97,105.53,1119.5,59.5,77.85,1618.1,80.94,-0.0161964913582401,-0.0219324011843244,-0.0424324276774905,-0.0183214855837547,0.0043769379865867,-0.0210366713200782,-0.0392492238947053,-0.2550231755213161,-0.5505953241268919,-0.3501618481734176,0.0,1.9211779927625443
303,2011-09-29,1160.4,0.0080815163001739,28.06555467464036,2.2,476797.0,217102.0,693899.0,38.84,11153.98,2480.76,1.957,9.29,662.8,106.31,1129.699951,59.5,78.03,1617.3,81.87,0.0129106936240876,-0.004352082551926,0.0164747369542901,0.0090699103197255,0.0023094698486625,-0.0004945292800302,0.0114244839406376,0.1445855632996746,0.2520911917704769,0.1769957936542461,0.0,1.970986784945717
304,2011-09-30,1131.42,-0.0252912922803627,28.493339080456163,1.49,449586.0,300953.0,750539.0,42.96,10913.38,2415.4,1.924,9.54,644.16,105.43,1104.099976,59.5,78.55,1622.3,78.93,-0.0218068255064576,-0.0267000599839519,-0.0285261431009811,-0.0229215656506056,0.0066419965729602,0.0030868032906203,-0.0365712396680457,-0.0587636644804128,0.3265868171910355,0.0784651983051745,0.0,1.86896148175511
305,2011-10-03,1099.23,-0.0288635462948176,30.264680784510848,2.29,688758.0,301073.0,989831.0,45.45,10655.3,2335.83,1.785,9.75,609.49,104.15,1072.699951,60.8,79.43,1657.7,77.34,-0.0239321384309665,-0.0334976165139142,-0.0553246005555889,-0.0288517127836742,0.011140765943411,0.0215862040144676,-0.0203500975411605,0.4265628163400539,0.0003986538840159,0.2767426064060245,0.0216134764205371,1.8976443939439736
306,2011-10-04,1123.95,0.0222393318063609,30.257392798543485,1.98,885824.0,448183.0,1334007.0,40.82,10808.71,2404.82,1.781,10.13,648.64,103.21,1074.5,60.8,79.6,1616.0,75.4,0.0142948696305946,0.0291077683366998,0.0622553213677976,0.0016766481583099,0.0021379622052961,-0.0254771393497801,-0.0254040111652402,0.2516283096295595,0.3978488708903178,0.2984082523522957,0.0,1.9249048898764347
307,2011-10-05,1144.03,0.0177078498937,30.6636649724078,1.91,588192.0,308355.0,896547.0,37.81,10939.95,2460.51,1.905,10.09,658.11,104.08,1096.199951,60.8,78.92,1641.6,79.41,0.0120689360192702,0.0228935888483041,0.0144942273420705,0.0199941718295777,-0.0085794116959228,0.01571741589541,0.0518170298932094,-0.4094648600628829,-0.3739499145059781,-0.3973917560656197,0.0,1.8496083274969364
308,2011-10-06,1164.97,0.0181382192231458,30.67756423066016,1.7,646717.0,381298.0,1028015.0,36.27,11123.33,2506.82,1.986,9.89,673.8,105.32,1123.800049,60.8,78.63,1653.2,82.32,0.016623477825286,0.0186463721053558,0.0235612403667468,0.0248662343680186,-0.0036813751509896,0.007041427661127,0.035989786618674,0.0948553702004666,0.212329504990274,0.1368343195758505,0.0,1.839295294495589
309,2011-10-07,1155.46,-0.0081968025289205,30.740132533233545,2.16,559075.0,258329.0,817404.0,36.2,11103.12,2479.35,2.068,9.78,656.21,105.06,1126.199951,60.8,78.73,1635.8,82.7,-0.0018185545212823,-0.0110185885862481,-0.0264524713052427,0.0021332470312103,0.0012709711929508,-0.0105808223367036,0.0046055105038513,-0.145625163099039,-0.3893472552850188,-0.2292515726651789,0.0,1.9205940596916824
310,2011-10-10,1194.89,0.0335555978531703,31.015227509581536,1.96,509134.0,260065.0,769199.0,33.02,11433.18,2566.05,2.076,9.79,684.9,106.57,1156.5,60.8,77.49,1670.8,85.14,0.0292935044316546,0.0343713225349384,0.0427919825366496,0.0265491123601222,-0.0158753814205168,0.0211705723221466,0.0290773583703609,-0.0935723891127739,0.0066976334197335,-0.060783751021388,0.0,1.902481648805002
311,2011-10-11,1195.54,0.0005438352229685,30.517816699295462,1.9,486149.0,255436.0,741585.0,32.86,11416.3,2583.03,2.16,9.64,688.97,106.27,1159.300049,60.8,77.58,1661.0,85.54,-0.0014774955990883,0.0065953768638413,0.0059248864975502,0.0024182142717465,0.0011607662359622,-0.0058827230097255,0.0046871423987564,-0.0461960819247551,-0.0179597107414348,-0.0365599261519076,0.0,1.8389567023088955
312,2011-10-12,1207.25,0.0097470796111576,30.27251395679276,1.7,747380.0,438982.0,1186362.0,31.26,11518.85,2604.73,2.226,9.4,700.38,107.11,1175.699951,60.8,76.99,1682.6,85.3,0.0089426651598216,0.0083658945524973,0.0164253161912171,0.0140472562531552,-0.0076341187218629,0.0129203855034178,-0.0028096483011292,0.4300585959853915,0.5414865209273518,0.4698569731313018,0.0,1.8392666508430473
313,2011-10-13,1203.66,-0.0029781307915994,29.57625053758366,1.4,412365.0,294270.0,706635.0,30.7,11478.13,2620.24,2.169,9.33,698.82,107.42,1169.199951,60.8,77.0,1668.5,83.96,-0.003541338258854,0.0059368936305244,-0.0022298465500112,-0.0055439608683034,0.000129878563726,-0.0084151969252843,-0.0158339595452012,-0.5946648777785875,-0.3999606967123164,-0.5181324939680358,0.0,1.8648627071933945
314,2011-10-14,1224.58,0.0172310130849702,30.56605306544897,1.71,502700.0,293517.0,796217.0,28.24,11644.49,2667.85,2.232,9.19,712.46,107.76,1186.400024,60.8,76.62,1683.0,86.8,0.0143896211197933,0.0180069879526749,0.0193305718733842,0.0146038197248952,-0.0049472825811811,0.0086528959993774,0.0332661267138725,0.1980846912164722,-0.0025621540181433,0.1193574950843832,0.0,1.886669459861802
315,2011-10-17,1200.86,-0.0195599612871895,31.01616102473802,2.05,573795.0,279826.0,853621.0,33.39,11397.0,2614.92,2.155,9.13,688.6,108.05,1171.800049,60.8,77.15,1676.6,86.38,-0.0214829438832122,-0.0200394002691179,-0.0340632193115766,-0.0123824621262906,0.0068934395366673,-0.0038099819870494,-0.0048504541337495,0.1322786189731957,-0.0477675777951347,0.0696155396143805,0.0,1.8591788792925819
316,2011-10-18,1225.38,0.0202130331972894,32.41488305999144,1.64,539476.0,329739.0,869215.0,31.56,11577.05,2657.43,2.151,9.11,709.34,108.25,1177.5,60.8,77.14,1652.8,88.34,0.0156745272488478,0.0161259860267284,0.0296744093410774,0.004852476963876,-0.0001296260290883,-0.0142971138383822,0.0224368386358255,-0.0616738915978967,0.1641334510049521,0.018103204109515,0.0,1.839495535859939
317,2011-10-19,1209.88,-0.0127298188380757,32.76208779117404,1.78,872288.0,490057.0,1362345.0,34.44,11504.62,2604.04,2.159,8.94,694.37,108.24,1172.599976,60.8,77.11,1647.0,86.11,-0.0062759962983651,-0.0202954051299748,-0.0213300005976035,-0.0041700618277955,-0.0003889789352129,-0.0035153681877337,-0.0255674574603066,0.4805213465356512,0.3962202784338693,0.449372253116767,0.0,1.8287813614098707
318,2011-10-20,1215.39,0.0045438318044084,33.52474803148441,1.4,666036.0,474937.0,1140973.0,34.78,11541.78,2598.62,2.18,8.89,696.42,107.98,1166.900024,60.8,76.97,1612.9,86.07,0.0032248014616858,-0.0020835503226299,0.0029479669606891,-0.0048728046834005,-0.0018172382986429,-0.0209216502545039,-0.0004646300466912,-0.2697759214759028,-0.0313395472105302,-0.1773260724692011,0.0,1.779295512392429
319,2011-10-21,1238.25,0.018634079544892,35.092111108748426,2.12,606638.0,286048.0,892686.0,31.32,11808.79,2637.46,2.203,8.73,712.42,108.09,1194.300049,60.8,76.39,1636.1,87.19,0.0228706741284288,0.0148357979215871,0.0227146985285155,0.0232096003232209,-0.0075639379929572,0.0142815600658945,0.0129287267783411,-0.0934114855945438,-0.5070225347539061,-0.245401790826806,0.0,1.787658856355489
320,2011-10-24,1254.19,0.0127908533987728,37.50380427599531,2.24,719191.0,321049.0,1040240.0,29.26,11913.62,2699.44,2.234,8.61,736.03,108.76,1211.900024,60.8,76.03,1652.3,91.12,0.0088381140343489,0.0232280112805804,0.0326032536306382,0.0146291150754578,-0.0047237983129235,0.0098528956679144,0.0440876736992033,0.1701947316357408,0.1154341305501347,0.1529718394408892,0.0,1.8303086597129488
321,2011-10-25,1229.05,-0.0202484326461291,38.41626993087734,1.94,341674.0,176088.0,517762.0,32.22,11706.62,2638.42,2.128,8.51,713.65,109.01,1195.800049,60.8,76.12,1700.4,92.98,-0.0175277896902574,-0.0228640909447896,-0.0308782326919621,-0.0133739373545003,0.0011830431876038,0.02869526082769,0.0202070971235119,-0.7442699030860762,-0.6006098893757734,-0.69769105752688,0.0,1.8245695815496084
322,2011-10-26,1242.0,0.0104814702724338,39.84627223510622,1.63,290404.0,178656.0,469060.0,29.86,11869.04,2650.67,2.203,8.48,727.15,109.36,1200.400024,60.8,76.25,1723.5,90.2,0.0137788354342553,0.004632185084449,0.0187401375479412,0.0038393961359926,0.0017063730595721,0.0134935894722847,-0.030354989193861,-0.1625840091282349,0.0144782990481466,-0.0987849851827533,0.0,1.9000380565797934
323,2011-10-27,1284.59,0.0337166177756023,43.57757371669711,1.6,821580.0,511936.0,1333516.0,25.46,12208.55,2738.63,2.395,8.23,765.43,110.57,1250.800049,60.8,74.88,1747.7,93.96,0.0282031967593692,0.0326453571276523,0.0513049837918275,0.0411285311990656,-0.0181305833181841,0.0139435308153954,0.0408397327221337,1.0399562586117348,1.0527374480984069,1.044843650016844,0.0,1.899129429595302
324,2011-10-28,1285.09,0.0003891535181894,46.797860688894055,1.54,429693.0,278463.0,708156.0,24.53,12231.11,2737.15,2.306,8.18,761.0,110.61,1254.199951,60.8,75.07,1747.2,93.32,0.0018461800538762,-0.0005405622709604,-0.0058044095538605,0.0027144942815775,0.0025341794155737,-0.0002861312217294,-0.0068347126374828,-0.6481583153591259,-0.6089144212630657,-0.6329099336445729,0.0,1.9500759013395879
325,2011-10-31,1253.3,-0.0250486821697393,48.1300306389887,3.02,526876.0,174573.0,701449.0,29.96,11955.01,2684.41,2.175,8.29,741.06,110.4,1217.300049,60.8,76.17,1725.2,93.19,-0.0228322686257538,-0.0194562685650891,-0.0265517641837078,-0.0298625483716223,0.0145466727997858,-0.0126715207768981,-0.0013940273556647,0.2038942265246408,-0.4669422036909161,-0.0095162128602979,0.0,2.0225452044024683
326,2011-11-01,1218.28,-0.0283400447096839,48.3344656736129,2.29,760626.0,331572.0,1092198.0,34.77,11657.96,2606.96,2.001,8.53,713.89,109.92,1174.800049,63.7,77.26,1711.8,92.19,-0.0251612288828226,-0.0292761729950745,-0.037352704831755,-0.035537369634877,0.0142086728534387,-0.0077975373261791,-0.0107887549870611,0.3671765517115144,0.6415019883403517,0.4427992630045203,0.0465947736059959,1.9591478955577109
327,2011-11-02,1237.9,0.015976367629972,48.75649266047898,2.29,441762.0,193119.0,634881.0,32.74,11836.04,2639.98,2.006,8.45,733.26,110.12,1189.300049,63.7,77.02,1729.6,92.51,0.0151599055551496,0.0125865498447801,0.0267714568317405,0.0122669779002135,-0.0031112288513721,0.0103447194374348,0.0034650819727239,-0.5433705029324649,-0.5405384014045005,-0.5425098787939042,0.0,1.871996336728296
328,2011-11-03,1261.15,0.0186076075645189,48.56980099660845,1.55,505289.0,325189.0,830478.0,30.5,12044.47,2697.97,2.066,8.38,751.53,110.79,1206.800049,63.7,76.67,1765.1,94.07,0.0174565193859326,0.0217282970041257,0.024610782877958,0.0146073289542485,-0.00455463081596,0.0203171781012896,0.0167224392006328,0.134359267298155,0.5210999725550867,0.2685638588802366,0.0,1.8804989588428132
329,2011-11-04,1253.23,-0.0062997845938888,48.01376609231305,1.57,336525.0,214469.0,550994.0,30.16,11983.24,2686.15,2.05,8.37,746.49,110.89,1203.099976,63.7,76.96,1756.1,94.26,-0.0050966265649492,-0.0043906967114537,-0.0067289075136889,-0.003070729797141,0.0037753087866478,-0.0051119048044245,0.0020177355117247,-0.4064581022847591,-0.4162413459840941,-0.4102775188348264,0.0,1.8436964808282699
330,2011-11-07,1261.12,0.0062759964982435,48.50165575559233,2.3,350127.0,152519.0,502646.0,29.85,12068.39,2695.25,1.994,8.38,745.11,110.97,1205.900024,63.7,76.96,1791.1,95.52,0.0070806307723554,0.0033820227724659,-0.0018503625552988,0.002324656920682,0.0,0.0197345150494037,0.0132787281487072,0.0396235052794278,-0.3408760273285285,-0.0918377748051995,0.0,1.84532640706243
331,2011-11-08,1275.92,0.0116672720078607,49.71997911984303,1.91,458585.0,240253.0,698838.0,27.48,12170.18,2727.49,2.065,8.36,755.27,111.18,1217.0,63.7,76.59,1799.2,96.8,0.0083990597127225,0.0118908079201407,0.0135434427268075,0.0091626179758321,-0.004819286435949,0.0045121654138933,0.0133113446382395,0.2698497158368163,0.4544033563144651,0.329532810720508,0.0,1.9367581342806477
332,2011-11-09,1229.1,-0.037385292793564,48.55412278622352,2.17,711870.0,328508.0,1040378.0,36.16,11780.94,2621.65,1.955,8.54,718.86,110.4,1177.300049,63.7,77.93,1791.6,95.74,-0.032505726053678,-0.0395778818143917,-0.0494086773338784,-0.0331650912827194,0.0173444679339676,-0.0042330463119606,-0.0110108103181687,0.4397496488253747,0.3128686559832214,0.3979204319209977,0.0,1.937292861371333
333,2011-11-10,1239.69,0.0085791541229385,47.7623996598138,1.96,416434.0,211948.0,628382.0,32.81,11893.79,2625.15,2.056,8.58,725.5,110.49,1180.099976,63.7,77.74,1759.6,97.78,0.0095334438628,0.0013341467252994,0.0091944484443793,0.0023754375896363,-0.0024410624313926,-0.0180225648585805,0.0210838731861366,-0.5361673248068808,-0.4382202291820309,-0.5041911258422065,0.0,1.8902554117140815
334,2011-11-11,1263.85,0.0193012694349068,45.82189121459445,1.48,430765.0,290576.0,721341.0,30.04,12153.68,2678.75,2.056,8.57,744.64,110.93,1205.5,63.7,76.94,1788.1,98.99,0.0216155894183618,0.0202122305375107,0.0260398077896848,0.0212952583267824,-0.0103440280999276,0.0160670931065922,0.0122987777812166,0.0338347121200062,0.3155241984097969,0.1379637179120543,0.0,1.808547824174572
335,2011-11-14,1251.78,-0.0095960794089426,40.09565367708103,1.2,446063.0,372538.0,818601.0,31.13,12078.98,2657.22,2.043,8.53,732.89,110.43,1193.800049,63.7,77.57,1778.4,98.14,-0.0061652527303408,-0.0080698043051707,-0.0159052577014611,-0.0097528808412761,0.0081548571786314,-0.00543951993117,-0.0086238042699591,0.0348974998649094,0.2484738860632749,0.1264848059478218,0.0,1.7764305739933595
336,2011-11-15,1257.81,0.0048055750975297,35.69066874571719,1.59,467814.0,294739.0,762553.0,31.22,12096.16,2686.2,2.057,8.6,743.08,109.91,1191.5,63.7,77.87,1782.2,99.37,0.0014212950073559,0.0108470919923586,0.0138080881107374,-0.0019285202411527,0.0038600150861141,0.0021344725286329,0.0124552265815145,0.0476105833718225,-0.2342488270808473,-0.0709247713927005,0.0,1.794486129011194
337,2011-11-16,1236.91,-0.0167557793911354,31.864632577664946,2.54,951672.0,373980.0,1325652.0,33.51,11905.59,2639.61,2.024,8.63,729.86,109.79,1175.800049,63.7,78.02,1774.3,102.59,-0.0158800091432826,-0.0174963765200883,-0.017950975594978,-0.0132642088968895,0.0019244344896156,-0.0044425772490859,0.0318902048563494,0.7101496565878165,0.2381121010902447,0.552987678599882,0.0,1.8040680884480287
338,2011-11-17,1216.13,-0.0169426483696248,29.40743779752524,2.14,1044452.0,488053.0,1532505.0,34.51,11770.73,2587.99,1.958,8.68,718.75,109.14,1160.199951,63.7,78.28,1720.2,98.82,-0.0113920962806837,-0.0197496663291953,-0.0153391428166651,-0.0133564468440425,0.0033269384493648,-0.0309654158121546,-0.037440448682017,0.0930271873288131,0.2662216864644442,0.144999237585198,0.0,1.7951372863405475
339,2011-11-18,1215.65,-0.0003947725585646,25.675431693408424,1.05,414503.0,394695.0,809198.0,32.0,11796.16,2572.5,2.012,8.72,719.42,109.24,1157.5,63.7,78.06,1725.1,97.67,0.0021581133420589,-0.0060033239174863,0.000931739708756,-0.0023298548374759,-0.0028143807754057,0.0028444566823191,-0.0117055639582179,-0.9241674127534,-0.2123106917736947,-0.6386152967341161,0.0,1.7251677276565711
340,2011-11-21,1192.98,-0.0188245346499975,25.783234883033728,1.81,517185.0,285296.0,802481.0,32.91,11547.31,2523.14,1.962,8.87,701.9,108.26,1131.0,63.7,78.3,1678.6,96.73,-0.0213215453716291,-0.0193740311100008,-0.0246543880839409,-0.0231603098442683,0.0030698412442884,-0.0273249071509713,-0.00967085726493,0.221320431972078,-0.3245860769478739,-0.0083354550022409,0.0,1.7268630566623528
341,2011-11-22,1188.04,-0.0041494881086077,26.22187217465669,1.66,461933.0,279092.0,741025.0,31.97,11493.72,2521.28,1.939,8.96,696.26,107.57,1127.5,63.7,78.27,1702.4,97.76,-0.0046517101564891,-0.0007374485408808,-0.0080677899409318,-0.0030994047392871,-0.0003832151800109,0.0140789074985985,0.0105919032288293,-0.1129807852368802,-0.0219857612216696,-0.0796738157928285,0.0,1.7618726998562197
342,2011-11-23,1161.79,-0.0223429712014961,29.08400497526984,2.16,727227.0,336919.0,1064146.0,33.98,11257.55,2460.08,1.879,9.05,674.34,106.58,1103.199951,63.7,79.14,1695.9,96.16,-0.0207617845857139,-0.0245728393344855,-0.031988719037213,-0.0217877893139863,0.0110540481405312,-0.003825446797971,-0.016502024636388,0.4538188119668263,0.1883010688091015,0.3618935156145682,0.0,1.8318883825735437
343,2011-11-28,1192.55,0.0288210760216856,32.5655790021669,2.71,390236.0,144260.0,534496.0,32.13,11523.01,2527.34,1.958,9.01,697.9,107.64,1131.699951,63.7,79.26,1710.8,98.21,0.0233068911938776,0.026973496508285,0.0343413912648751,0.0255058806113535,0.0015151518050107,0.0087475240033993,0.0210945723827853,-0.6224869865743106,-0.8482253183035962,-0.6886036317256305,0.0,1.8025438402309637
344,2011-11-29,1195.19,0.0022112969383298,32.7664759012585,2.07,414480.0,200642.0,615122.0,30.64,11555.63,2515.51,1.996,9.03,696.1,107.78,1138.900024,63.7,79.01,1718.9,99.79,0.0028268582310353,-0.0046917999548385,-0.0025824978484845,0.0063420216790692,-0.0031591610276464,0.0047234539813576,0.0159599347265384,0.0602730381939569,0.329904998421421,0.140496375309203,0.0,1.9364354076197896
345,2011-11-30,1246.96,0.0424034206377799,32.86432493346813,2.33,706361.0,303182.0,1009543.0,27.8,12045.68,2620.34,2.068,8.94,737.42,108.54,1185.0,63.7,78.38,1750.3,100.36,0.0415333253417831,0.0408285140516984,0.0576642795792903,0.039679869215961,-0.0080056339631573,0.0181026504626782,0.0056957436020006,0.533101715746092,0.412811059754377,0.4954324100732261,0.0,1.9035953641086074
346,2011-12-01,1244.58,-0.0019104655946868,32.66115458537566,1.54,477368.0,308980.0,786348.0,27.41,12020.03,2626.2,2.117,8.87,730.75,108.58,1184.400024,69.9,78.33,1739.8,100.2,-0.0021316644896636,0.0022338540969224,-0.009086203762556,-0.0005064370783705,-0.0006381213923374,-0.0060170377233497,-0.0015955328474577,-0.391838756338938,0.0189432646325791,-0.2498535896531724,0.0928810866616469,1.8870138532044873
347,2011-12-02,1244.28,-0.0002410742279215,32.53837476423911,1.67,465757.0,279463.0,745220.0,27.52,12019.42,2626.93,2.042,8.78,735.02,109.27,1187.599976,69.9,78.63,1751.3,100.97,-5.074991317499666e-05,0.0002779295409398,0.0058263057356251,0.0026981061899196,0.0038226346242771,0.0065882052051788,0.0076552543654653,-0.0246236430226556,-0.100406645300314,-0.0537199657368692,0.0,1.8935170189805957
348,2011-12-05,1257.08,0.0102345218027553,32.79709989280343,1.52,446912.0,294585.0,741497.0,27.84,12097.83,2655.76,2.054,8.69,747.03,109.24,1197.199951,69.9,78.57,1734.5,100.94,0.0065024226455481,0.0109150021018553,0.0162076352419902,0.008051012368929,-0.0007633588156945,-0.0096391818688141,-0.000297162104113,-0.0413023316674614,0.0526976816517059,-0.0050083610831226,0.0,1.8644254202892288
349,2011-12-06,1258.47,0.0011051262280359,32.89279480196647,1.4,379354.0,271701.0,651055.0,28.13,12150.13,2649.56,2.093,8.66,746.78,109.61,1195.0,69.9,78.5,1731.8,101.25,0.0043137716412076,-0.0023372776090724,-0.0003347145919949,-0.0018392706840986,-0.0008913223993669,-0.0015578573961043,0.0030664250745324,-0.1638919011428967,-0.0808653892797703,-0.1300769916698581,0.0,1.850483209909831
350,2011-12-07,1261.01,0.0020162897586128,33.20600371556063,1.17,392427.0,336097.0,728524.0,28.67,12196.37,2649.21,2.017,8.63,746.14,109.36,1198.099976,69.9,78.48,1744.8,100.45,0.003798497163709,-0.0001321061304819,-0.0008573802202471,0.0025907632485253,-0.0002548095312553,0.007478605873719,-0.0079326147257052,0.0338807265828684,0.2126976118207917,0.112426445451975,0.0,1.8547548413268
351,2011-12-08,1234.35,-0.0213684714277597,33.1890585158968,1.23,413714.0,335544.0,749258.0,30.59,11997.7,2596.38,1.972,8.62,722.68,108.82,1173.5,69.9,78.83,1713.4,98.35,-0.0164234017305719,-0.0201433151718477,-0.031946726251002,-0.0207462123230577,0.0044498198147087,-0.0181602353574756,-0.0211275464258751,0.0528243811787785,-0.0016467134226836,0.0280628139848619,0.0,1.8703764828439176
352,2011-12-09,1255.19,0.0167424398093842,32.11904180623918,1.61,556758.0,346567.0,903325.0,26.38,12184.26,2646.85,2.052,8.64,745.4,109.02,1187.300049,69.9,78.63,1716.8,99.4,0.0154299900758356,0.0192520865391623,0.0309544631394311,0.0116911266507759,-0.0025403290683918,0.0019823923464903,0.0106195688274599,0.2969557612983422,0.0323230667776268,0.1869990165870536,0.0,1.777462338342897
353,2011-12-12,1236.47,-0.0150264098919956,30.69616843249352,1.66,474128.0,286346.0,760474.0,25.67,12021.39,2612.26,2.009,8.68,733.15,109.01,1166.900024,69.9,79.53,1668.2,97.77,-0.013457391806563,-0.0131545066710438,-0.0165706676220693,-0.0173311825624775,0.0113810029656189,-0.0287168920689229,-0.0165343321449489,-0.1606533477063241,-0.1908752923081156,-0.1721404769900996,0.0,1.7825219684539952
354,2011-12-13,1225.73,-0.0087239607798874,30.489198961805656,1.57,705256.0,450524.0,1155780.0,25.41,11954.94,2579.27,1.962,8.66,718.06,109.19,1157.5,69.9,80.24,1663.1,100.24,-0.0055429809430869,-0.012709333881884,-0.0207971884066529,-0.0080881734189874,0.0088878346846366,-0.0030618701314173,0.0249495290702332,0.3970835300329884,0.4532104799460761,0.4185887966213872,0.0,1.738345349958876
355,2011-12-14,1211.82,-0.0114132231089811,30.614880875706877,1.74,658207.0,378966.0,1037173.0,26.04,11823.48,2539.31,1.901,8.66,708.46,109.06,1139.699951,69.9,80.59,1586.9,94.92,-0.0110571971874673,-0.0156140225777647,-0.0134595307836375,-0.0154974800924705,0.0043524286827398,-0.0469009031072973,-0.0545328790202495,-0.0690413859493102,-0.1729648584734882,-0.1082766980000435,0.0,1.663141953572491
356,2011-12-15,1215.75,0.0032378085355437,30.739017896862176,1.8,612975.0,339758.0,952733.0,25.11,11868.81,2541.01,1.913,8.66,716.01,108.84,1144.099976,69.9,80.32,1577.2,93.84,0.0038265659682892,0.0006692492061333,0.0106005331107645,0.0038532538617923,-0.0033559163930014,-0.0061313045653248,-0.011443227222343,-0.0711953194477139,-0.1092128918161652,-0.0849193251931037,0.0,1.6367142029567827
357,2011-12-16,1219.66,0.0032109610779533,30.286318378416286,1.36,411954.0,303356.0,715310.0,24.29,11866.39,2555.33,1.854,8.64,722.05,109.1,1146.5,69.9,80.26,1597.9,93.55,-0.0002039165465959,0.0056197340393815,0.0084002552290112,0.0020955425682478,-0.0007472911046475,0.0130391441418709,-0.0030951516251214,-0.3974124594395931,-0.1133265661538498,-0.2866186813441693,0.0,1.6081872098749495
358,2011-12-19,1205.35,-0.0118021501798608,30.28471925293602,1.6,291189.0,182087.0,473276.0,24.92,11766.26,2523.14,1.813,8.63,708.56,108.96,1134.699951,69.9,80.25,1596.7,93.86,-0.0084739205439596,-0.0126772162120785,-0.0188596470712463,-0.0103455676842365,-0.0001246028286461,-0.0007512677996865,0.0033082576461724,-0.3469391517469358,-0.5104224384870086,-0.4130372873346104,0.0,1.7026022750363954
359,2011-12-20,1241.3,0.0293892363399139,29.75935881770058,1.25,264452.0,212281.0,476733.0,23.22,12103.58,2603.73,1.925,8.58,738.22,109.52,1164.0,69.9,79.88,1617.6,97.16,0.0282651628436703,0.0314408747184806,0.0410071416563093,0.0254940936776604,-0.0046212534625107,0.0130045699205512,0.0345547937677004,-0.0963127805340562,0.1534262738692646,0.0072778579128378,0.0,1.698747557856458
360,2011-12-21,1243.72,0.0019476710569792,28.51886438388472,2.53,513548.0,203292.0,716840.0,21.43,12107.74,2577.97,1.967,8.56,740.45,109.62,1163.699951,69.9,80.02,1613.6,98.54,0.0003436409118489,-0.009942764813112,0.0030162263258759,-0.0002578072844245,0.0017510948814747,-0.0024758616262055,0.0141034529818453,0.6636837407943812,-0.0432674995611641,0.4078960779321541,0.0,1.691418471041973
361,2011-12-22,1254.0,0.0082315536139851,28.949348480933736,3.06,453426.0,148270.0,601696.0,21.16,12169.65,2599.45,1.951,8.53,745.51,109.7,1173.699951,69.9,79.96,1610.6,99.42,0.0051002298189359,0.008297616667046,0.0068104384475464,0.0085565683508015,-0.0007500937968893,-0.0018609272785576,0.008890743550709,-0.1245114202066428,-0.3156084331168749,-0.1751003293021238,0.0,1.5538841351975003
362,2011-12-23,1265.33,0.0089945155134234,29.688886383829107,1.84,234703.0,127814.0,362517.0,20.73,12294.0,2618.64,2.03,8.51,747.98,109.64,1182.199951,69.9,79.93,1606.0,99.72,0.0101661911429786,0.0073552148443347,0.0033076917180379,0.0072159575843606,-0.0003752579942721,-0.002860164854737,0.0030129579888313,-0.6585111958869252,-0.1484588539203581,-0.5066809646262183,0.0,1.547419569649934
363,2011-12-27,1265.43,7.902764391065631e-05,29.75524429000526,1.38,129409.0,94024.0,223433.0,21.91,12291.35,2625.2,2.009,8.5,751.31,109.52,1183.5,69.9,79.8,1595.5,101.29,-0.0002155755366715,0.0025019845846143,0.0044421098996494,0.0010990820119181,-0.0016277471821641,-0.0065594487884084,0.015621431043348,-0.5953429536249093,-0.3070260132790228,-0.4839597769214681,0.0,1.5241783692977415
364,2011-12-28,1249.64,-0.0125564755338176,29.69993924680046,2.19,205176.0,93786.0,298962.0,23.52,12151.41,2589.98,1.908,8.47,735.21,109.37,1167.0,69.9,80.5,1564.1,99.44,-0.0114505505120821,-0.0135069299435208,-0.021662176858749,-0.0140397966674825,0.0087336799687545,-0.0198765880381026,-0.0184332424962496,0.4608902159664207,-0.0025344776891635,0.2912048821876496,0.0,1.5264971536622307
365,2011-12-29,1263.02,0.0106501687214786,29.89248113088288,2.8,262557.0,93854.0,356411.0,22.65,12287.04,2613.74,1.897,8.41,744.98,109.58,1178.599976,69.9,80.49,1540.9,99.68,0.011099835917335,0.0091319921588652,0.0132011996916272,0.0098909197541141,-0.0001242313188756,-0.0149439173923884,0.002410607836687,0.2466000539246806,0.0007247921869186,0.1757680843048685,0.0,1.5264868716604816
366,2011-12-30,1257.6,-0.0043005358629191,30.32708899475544,1.49,182902.0,122837.0,305739.0,23.4,12217.56,2605.15,1.871,8.41,740.92,109.75,1182.599976,69.9,80.18,1566.8,98.83,-0.0056707872149495,-0.0032918907113037,-0.0054647151271023,0.0033881110517919,-0.0038588458912807,0.0166686615038686,-0.0085638526510507,-0.3615177110425644,0.2691178899337174,-0.1533527625032835,0.0,1.5176750204310978
367,2012-01-03,1277.06,0.0153554183752087,31.437499829288157,1.88,347027.0,184834.0,531861.0,22.97,12397.38,2648.72,1.96,8.17,752.28,108.74,1206.599976,75.0,79.61,1600.5,102.96,0.0146108988250155,0.0165862493175437,0.015215937819355,0.0200910830235976,-0.0071343941138746,0.0212807576182418,0.0409393608997792,0.640452096443946,0.4085998517068017,0.5536503801924493,0.0704224642965458,1.4795046526527702
368,2012-01-04,1277.3,0.0001879139985803,32.3807725621761,1.99,278923.0,139835.0,418758.0,22.22,12418.42,2648.36,1.995,8.13,747.28,109.04,1203.800049,75.0,80.13,1612.7,103.22,0.0016956942787658,-0.000135923943211,-0.0066686475092838,-0.0023232062979543,0.0065106026894925,0.0075937125765515,0.0025220694327101,-0.2184668286508735,-0.2789949688495738,-0.2390889895726609,0.0,1.479097520862273
369,2012-01-05,1281.06,0.002939385158613,32.58721972881996,1.69,293902.0,173680.0,467582.0,21.48,12415.7,2669.86,1.993,8.12,752.29,108.88,1197.099976,75.0,80.94,1620.1,101.81,-0.0002190534644164,0.0080854560846912,0.0066819403437818,-0.0055813156092314,0.0100578236577399,0.0045780827299024,-0.0137543016014767,0.0523106203702123,0.2167513694507832,0.1102815469828915,0.0,1.4305429620374277
370,2012-01-06,1277.81,-0.0025401851188711,32.12309371059131,1.45,337757.0,233240.0,570997.0,20.63,12359.92,2674.22,1.961,8.09,749.71,108.4,1191.699951,75.0,81.25,1616.8,101.56,-0.0045028212611253,0.0016317124621521,-0.0034354228195176,-0.0045211272298448,0.0038226817621271,-0.0020389886269605,-0.0024585742826275,0.1390803235766977,0.2948534407839176,0.1998092212844611,0.0,1.425229183628156
371,2012-01-09,1280.7,0.0022591283435531,29.45851631442854,1.89,339113.0,179158.0,518271.0,21.07,12392.69,2676.56,1.96,8.07,753.51,108.24,1193.900024,75.0,81.05,1608.1,101.31,0.0026478031323158,0.0008746388934603,0.0050558242897604,0.0018444614744996,-0.0024645730281616,-0.0053955292294327,-0.0024646337708915,0.0040066831564296,-0.2637998682832361,-0.0968856842227356,0.0,1.3503683768368624
372,2012-01-10,1292.08,0.0088465194982312,26.13451610548997,1.44,376699.0,261146.0,637845.0,20.69,12462.47,2702.5,1.972,8.02,764.75,108.21,1207.800049,75.0,80.81,1631.5,102.24,0.0056149454143898,0.0096448825951185,0.0148066936523942,0.0115752839899023,-0.0029655279363289,0.0144464791733964,0.0091378675636386,0.1051130748915678,0.3768115398265852,0.2075970356409762,0.0,1.2804523958373764
373,2012-01-11,1292.48,0.0003095304447908,25.21742126331602,1.94,342948.0,176744.0,519692.0,21.05,12449.45,2710.76,1.904,8.02,767.24,108.18,1204.900024,75.0,81.35,1639.6,100.89,-0.0010452828353244,0.0030517678480785,0.0032506768224749,-0.0024039675955345,0.0066601134196906,0.0049524725968073,-0.0132921762089361,-0.0938676278877128,-0.3903772799485772,-0.2048589787203258,0.0,1.2804361468304215
374,2012-01-12,1295.5,0.002333867627116,24.189562964962622,1.58,349105.0,221225.0,570330.0,20.47,12471.02,2724.7,1.933,8.0,770.49,108.27,1208.099976,75.0,80.77,1647.7,99.03,0.0017311074298849,0.0051292919322429,0.0042270162371265,0.0026522618117166,-0.0071552242108419,0.0049280664332034,-0.0186079798870766,0.0177939043776813,0.2244779252046882,0.0929788122719781,0.0,1.0326466687402507
375,2012-01-13,1289.09,-0.0049601779332828,24.956070839041136,1.72,392713.0,228687.0,621400.0,20.91,12422.06,2710.67,1.853,8.04,764.2,108.23,1201.099976,75.0,81.52,1630.8,98.69,-0.0039336283924349,-0.0051624935045246,-0.0081971410778143,-0.0058110740808521,0.0092427794602647,-0.0103096841182876,-0.0034392103492955,0.1177063286346769,0.0331739732338967,0.0857598562873018,0.0,1.0597954988281106
376,2012-01-18,1308.04,0.01104669323633,27.259915561788887,1.61,815717.0,505971.0,1321688.0,20.89,12578.95,2769.71,1.897,7.96,779.26,108.9,1223.900024,75.0,80.61,1659.9,100.61,0.0125508577045483,0.0215467847707202,0.0195152164044074,0.0188047174189769,-0.0112256776189596,0.0176866676270757,0.0192680321200429,0.7309884158980449,0.7941250990047806,0.7546899895474368,0.0,1.0607208014511582
377,2012-01-19,1314.5,0.0049265315806277,29.040109442559757,1.15,581422.0,505041.0,1086463.0,19.87,12623.98,2788.33,1.972,7.85,782.37,109.18,1234.400024,75.0,80.22,1654.5,100.32,0.0035733978482905,0.0067002287349575,0.0039830230099848,0.008542540493857,-0.0048498509536027,-0.0032585112105074,-0.0028865794193482,-0.3385906539786738,-0.0018397412934962,-0.1959822416925689,0.0,1.0489221610593626
378,2012-01-20,1315.38,0.0006692320811927,30.653525840200448,2.19,455866.0,208625.0,664491.0,18.28,12720.48,2786.7,2.028,7.82,784.62,109.48,1235.599976,75.0,80.22,1664.0,98.15,0.0076151132306936,-0.0005847502332532,0.002871749719274,0.0009716211290697,0.0,0.0057254940194875,-0.0218681561621405,-0.2432779204260988,-0.8841012321165955,-0.4916614107702948,0.0,1.0490819370263473
379,2012-01-23,1316.0,0.0004712356341336,32.118829656523765,2.23,367067.0,164730.0,531797.0,18.67,12708.82,2784.17,2.067,7.76,783.05,109.76,1242.199951,75.0,79.78,1678.3,99.47,-0.0009170524408581,-0.0009082962531659,-0.0020029732340232,0.0053272990583934,-0.0055000138646459,0.0085570339329796,0.013359170441852,-0.2166545139798721,-0.2362306120231085,-0.2227594964690151,0.0,1.0500792260596312
380,2012-01-24,1314.65,-0.0010263623959936,32.80075363759847,1.9,247426.0,129967.0,377393.0,18.91,12675.75,2786.64,2.064,7.76,788.27,109.42,1238.900024,75.0,79.87,1664.5,98.84,-0.0026055212838844,0.0008867651784418,0.0066441198518045,-0.002660053185342,0.0011274664520364,-0.0082565982990541,-0.0063537100439132,-0.3944328452968193,-0.2370271978815434,-0.342974752771795,0.0,0.9667405465201497
381,2012-01-25,1326.05,0.0086341279362818,34.37179572357807,1.68,276773.0,164588.0,441361.0,18.31,12756.96,2818.31,2.007,7.7,795.64,109.74,1247.900024,75.0,79.58,1700.1,99.23,0.0063862856934946,0.0113008455186598,0.0093061514726127,0.0072382492524027,-0.0036375079305148,0.0211622948286036,0.0039380068057415,0.1120861282298868,0.2361648094982751,0.1565760498830233,0.0,0.9379872069820617
382,2012-01-26,1318.43,-0.0057629636748623,34.85173375029272,1.98,474526.0,240072.0,714598.0,18.57,12734.63,2805.28,1.931,7.59,792.91,110.47,1249.5,75.0,79.39,1726.7,99.76,-0.0017519507972245,-0.0046340587837025,-0.00343710010715,0.0012813135288878,-0.0023903892617607,0.0155249995747013,0.0053269134456304,0.539118735436114,0.3774934967753669,0.4818570121311172,0.0,0.8868491388171645
383,2012-01-27,1316.33,-0.0015940734220096,34.54395252060917,1.75,361037.0,205849.0,566886.0,18.53,12660.46,2816.55,1.898,7.57,798.85,110.34,1246.0,75.0,78.9,1735.4,99.47,-0.0058413032515343,0.0040093759851123,0.0074634713438701,-0.0028050509276082,-0.006191187885193,0.0050258619410046,-0.0029112102074586,-0.2733359649137483,-0.153795988053119,-0.231561921505067,0.0,0.8678731943111805
384,2012-01-30,1313.01,-0.0025253499086552,32.96970466573937,1.93,299306.0,155123.0,454429.0,19.4,12653.72,2811.94,1.837,7.61,792.38,110.56,1239.5,75.0,79.17,1734.4,98.75,-0.0005325078797167,-0.0016380951306143,-0.0081321187456033,-0.0052303478721533,0.0034162113315137,-0.0005764021140617,-0.007264687383091,-0.1875139847220879,-0.2829245396845774,-0.2211165395187428,0.0,0.830656557093622
385,2012-01-31,1312.41,-0.0004570697339438,31.218482073724115,1.59,235677.0,147843.0,383520.0,19.44,12632.91,2813.84,1.799,7.57,792.82,111.0,1240.599976,75.0,79.29,1740.4,98.46,-0.001645929465333,0.0006754619171873,0.0005551350129957,0.0008870417182942,0.0015145781009646,0.0034534396011975,-0.0029410294511764,-0.2390042379244619,-0.0480674507180118,-0.1696499151069659,0.0,0.8383288877028562
386,2012-02-01,1324.09,0.0088602893314373,29.75150969025738,1.59,425766.0,268494.0,694260.0,18.55,12716.46,2848.27,1.846,7.52,809.66,110.34,1257.400024,75.3,78.92,1749.5,97.63,0.0065919036680313,0.0121616939155941,0.0210181967181046,0.0134510018424265,-0.0046773361298928,0.005215060961218,-0.0084655510924749,0.5914276760674628,0.5966776674352392,0.5934547594302266,0.0039920212695374,0.8389326333947608
387,2012-02-02,1325.54,0.0010944925478257,26.417491845388625,1.97,276368.0,139944.0,416312.0,17.98,12705.41,2859.68,1.825,7.51,812.89,111.04,1259.099976,75.3,78.99,1759.3,96.36,-0.0008693302810467,0.0039979380329713,0.0039813925816662,0.0013510449104545,0.0008865810219136,0.0055859698372575,-0.0130936454909091,-0.4321565886256024,-0.651586224742557,-0.5114115509644925,0.0,0.8190459204441851
388,2012-02-03,1344.9,0.0144997372641606,26.597096626593835,1.25,614365.0,491489.0,1105854.0,17.1,12862.23,2905.66,1.949,7.47,831.11,111.1,1273.699951,75.3,78.92,1740.3,97.8,0.0122672226752236,0.0159508285314373,0.0221663576922708,0.0115288511786948,-0.0008865810219136,-0.010858490504872,0.0148333992941012,0.7988559031140685,1.2561972162808566,0.9769381869834765,0.0,0.6562219828124674
389,2012-02-06,1344.33,-0.0004239131710832,26.44721244461849,1.68,249977.0,148690.0,398667.0,17.76,12845.13,2901.99,1.901,7.46,828.37,111.19,1274.199951,75.3,79.07,1724.9,96.89,-0.0013303585060508,-0.0012638504346895,-0.0033022422565265,0.0003924801017705,0.0018988549284211,-0.0088884343695454,-0.0093482626438587,-0.8992203004350099,-1.1955759571596882,-1.0202466841727666,0.0,0.6561949752633535
390,2012-02-07,1347.05,0.0020212685879013,26.703956820738483,2.63,332697.0,126655.0,459352.0,17.65,12878.2,2904.08,1.966,7.43,827.37,111.43,1278.699951,75.3,78.58,1748.4,98.55,0.0025712081771001,0.0007199362357912,-0.0012079192646048,0.0035254062700671,-0.0062163219525217,0.0135320062185764,0.0169877192018157,0.2858632522212385,-0.1603967471619185,0.141690318723926,0.0,0.6477021115408351
391,2012-02-08,1349.96,0.002157946117558,27.382202435682068,1.43,329159.0,229612.0,558771.0,18.16,12883.95,2915.86,1.975,7.37,828.39,111.19,1280.400024,75.3,78.64,1731.3,98.8,0.0004463913218035,0.00404815722744,0.0012320627736235,0.0013286493428976,0.000763261708597,-0.0098285126041295,0.0025335711550935,-0.0106912491545401,0.5949240733408026,0.1959229284276951,0.0,0.635923454725528
392,2012-02-09,1351.95,0.0014730323066487,27.86579954032822,1.54,422001.0,274182.0,696183.0,18.63,12890.46,2927.23,2.047,7.37,824.99,111.32,1282.599976,75.3,78.57,1741.2,99.88,0.0005051522140302,0.0038917813522623,-0.004112792936409,0.0017167011629206,-0.0008905286511806,0.0057019592931126,0.0108718606577502,0.248466767004766,0.1774011915712137,0.2198728276944557,0.0,0.6564289839110699
393,2012-02-10,1342.64,-0.0069101696706042,26.5619735560848,1.56,552782.0,354634.0,907416.0,20.79,12801.23,2903.88,1.969,7.4,813.33,110.98,1269.699951,75.3,79.11,1725.3,98.68,-0.0069462428342248,-0.008008809577463,-0.0142343337990133,-0.0101086355188195,0.0068493418455748,-0.0091735822903249,-0.0120871737504169,0.2699560267168071,0.2572941522691412,0.2649884430628137,0.0,0.6019415091059624
394,2012-02-13,1351.77,0.0067770197880232,26.232896553905714,2.27,471351.0,207225.0,678576.0,19.04,12874.04,2931.39,1.99,7.35,824.81,111.57,1277.0,75.3,78.95,1724.9,100.39,0.0056716206041738,0.0094289394712427,0.0140161255304782,0.0057329635485876,-0.0020245483316534,-0.0002318706172346,0.0171803090422795,-0.1593606710126334,-0.5372811122507812,-0.2906045150786234,0.0,0.5854468631400439
395,2012-02-14,1350.5,-0.0009399505552769,25.08288136299262,1.79,457109.0,255852.0,712961.0,19.54,12878.28,2931.83,1.924,7.31,820.65,111.75,1274.099976,75.3,79.58,1717.7,100.82,0.0003292907231902,0.0001500881770857,-0.0050563476026175,-0.0022735488820302,0.007948064297131,-0.0041828911276038,0.0042741479510493,-0.0306811649158813,0.2107939928232785,0.0494302356682716,0.0,0.5899764218098105
396,2012-02-15,1343.23,-0.0053977329957062,24.552653027490432,2.41,925228.0,384411.0,1309639.0,21.14,12780.95,2915.83,1.931,7.31,813.98,111.9,1273.199951,75.3,79.67,1728.1,101.82,-0.0075863903012614,-0.0054722880358628,-0.0081609135018227,-0.0007066502282775,0.0011302983934919,0.0060363524169666,0.0098697998197057,0.7051183191363659,0.4071131404108126,0.6080800852379724,0.0,0.5603501180921885
397,2012-02-16,1358.04,0.0109653225288868,24.47420985771712,1.65,659238.0,399437.0,1058675.0,19.22,12904.08,2959.85,1.993,7.36,829.96,111.77,1282.699951,75.3,79.35,1728.4,102.33,0.009587759346747,0.0149840779690624,0.0194417111821278,0.0074338151829023,-0.0040246564198564,0.0001735859978317,0.0049963366244734,-0.3389555710612253,0.0383437629377478,-0.2127334004945691,0.0,0.5592396878057446
398,2012-02-17,1361.23,0.0023462189950569,24.48578500120169,2.12,434173.0,204608.0,638781.0,17.78,12949.87,2951.78,2.01,7.31,828.68,111.529,1288.099976,75.3,79.33,1725.9,103.27,0.0035422090534087,-0.0027302131604507,-0.0015434334805624,0.0042010526648139,-0.0002520796585061,-0.0014474715204206,0.0091440325846487,-0.4176415503798125,-0.6689601022120524,-0.5052117325745726,0.0,0.5656735153909398
399,2012-02-22,1357.66,-0.0033457512634136,23.213391636358573,2.11,476652.0,226385.0,703037.0,18.19,12938.67,2933.17,2.005,7.25,816.5,112.34,1288.900024,75.3,79.21,1771.3,105.99,-0.000865247765903,-0.0063246287682083,-0.0148071609671678,0.0006209142613151,-0.0015138138377235,0.025965086721194,0.0259978323558511,0.0933435926966197,0.1011411362797698,0.0958478493747314,0.0,0.5606746112166969
400,2012-02-23,1363.46,0.0042629570055847,23.08825381804329,2.13,478566.0,224322.0,702888.0,16.8,12984.69,2956.98,1.984,7.2,829.23,112.61,1296.300049,75.3,78.82,1786.3,107.44,0.0035504694100882,0.0080847277881188,0.0154706469467162,0.0057249303746251,-0.0049357817093307,0.0084327011962876,0.0135878021758184,0.0040074675341905,-0.009154570076145,-0.0002119600982393,0.0,0.5607483060646726
401,2012-02-24,1365.74,0.0016708196763968,22.84100090401918,2.24,469397.0,209678.0,679075.0,17.31,12982.95,2963.75,1.977,7.11,826.92,112.86,1300.599976,75.3,78.35,1776.4,109.39,-0.0001340129486226,0.0022868811617806,-0.0027896042001192,0.0033115875761415,-0.005980802964828,-0.0055575970368915,0.0179869259167171,-0.0193452401570048,-0.0675094990154843,-0.0344659838938046,0.0,0.5462728019897233
402,2012-02-27,1367.59,0.001353660394094,22.59643091792196,2.06,331661.0,161307.0,492968.0,18.19,12981.51,2966.16,1.922,7.11,826.66,112.87,1298.5,75.3,78.57,1774.9,108.49,-0.0001109208511547,0.0008128285699742,-0.000314469214846,-0.0016159258792267,0.0028039783857005,-0.0008447611236466,-0.0082614752973402,-0.3473355293414872,-0.2622636390398369,-0.3202873147986569,0.0,0.5460280613264769
403,2012-02-28,1372.18,0.0033506493568946,21.85761237759252,1.21,291743.0,241785.0,533528.0,17.96,13005.12,2986.76,1.929,7.06,823.8,113.21,1304.800049,75.3,78.27,1788.4,106.59,0.0018170887488153,0.0069210008630058,-0.0034657039402903,0.0048400577576481,-0.0038255593709832,0.0075772820655251,-0.0176683041333136,-0.1282400851833802,0.4047395199313239,0.079067289749549,0.0,0.5596753291155057
404,2012-02-29,1365.68,-0.004748242943255,20.77705947850184,2.36,439058.0,186038.0,625096.0,18.43,12952.07,2966.89,1.977,7.09,810.94,113.3,1295.800049,75.3,78.74,1711.3,107.08,-0.0040875051468916,-0.0066749216950627,-0.0157337133607864,-0.0069215070301176,0.0059868976988441,-0.0440680497764196,0.0045865199511068,0.4087582450653126,-0.2620979475951568,0.1583936849776606,0.0,0.5503244712698742
405,2012-03-01,1374.09,0.0061392207480288,20.756495507324868,2.35,424793.0,180588.0,605381.0,17.26,12980.3,2988.97,2.037,7.09,815.22,113.12,1304.199951,76.2,78.79,1722.2,108.76,0.0021772025581423,0.0074145803144292,0.005263946823093,0.0064614855578426,0.0006347997420057,0.0063492276786583,0.0155674011121176,-0.0330295313501114,-0.0297327603292654,-0.032047226054793,0.0118813278867531,0.5048002564809642
406,2012-03-02,1369.63,-0.0032510634673341,20.645638154972143,2.08,343214.0,165103.0,508317.0,17.29,12977.57,2976.19,1.986,7.08,802.42,113.66,1298.5,76.2,79.4,1709.8,106.68,-0.000210340833826,-0.0042848874309049,-0.0158258539028626,-0.0043800362853732,0.0077122829954934,-0.0072261386699308,-0.019309920450456,-0.2132478321266031,-0.0896486720260139,-0.1747527431766897,0.0,0.5099832650994832
407,2012-03-05,1364.33,-0.0038771647275828,20.220051832040287,2.09,332238.0,158717.0,490955.0,18.05,12962.81,2950.48,2.005,7.14,803.65,113.71,1291.400024,76.2,79.3,1703.9,106.7,-0.0011379942462586,-0.0086760900389242,0.0015316894537251,-0.0054828323259545,-0.0012602396122876,-0.0034566633709403,0.0001874589938939,-0.0325025797629905,-0.0394467794183128,-0.0347527948097159,0.0,0.5935490932022034
408,2012-03-06,1343.36,-0.0154895274333952,19.430144857767694,1.65,524728.0,318875.0,843603.0,20.87,12759.15,2910.32,1.944,7.33,787.09,112.7,1265.300049,76.2,79.87,1672.1,104.71,-0.0158358271317684,-0.0137048282066327,-0.020821250813416,-0.0204176328556373,0.0071621842884947,-0.0188394197525703,-0.0188265340083368,0.4570284535361999,0.6976764343137205,0.5413295308861326,0.0,0.6041369454546596
409,2012-03-07,1352.63,0.0068769072088006,18.481707439613945,1.77,356837.0,201100.0,557937.0,19.07,12837.33,2935.69,1.972,7.29,795.95,113.2,1271.800049,76.2,79.71,1683.9,106.16,0.0061086714355038,0.0086794785732671,0.0111937695994113,0.0051239714401658,-0.0020052644894654,0.0070322101476403,0.0137527657245817,-0.3856009382148198,-0.4609968796833694,-0.4134359520046065,0.0,0.6241206810594551
410,2012-03-08,1365.91,0.0097700277612062,18.280933714383337,1.0,374323.0,374402.0,748725.0,17.95,12907.94,2970.42,2.014,7.25,806.34,113.71,1290.800049,76.2,79.14,1698.7,106.65,0.0054852931855293,0.0117608376113551,0.0129691199858825,0.0148289607773834,-0.0071766124825538,0.0087507210090018,0.0046050548934069,0.0478399661778681,0.621527789690905,0.2941257071091421,0.0,0.6102068974959125
411,2012-03-09,1370.87,0.0036247016059478,17.723109778712193,1.46,378303.0,259019.0,637322.0,17.11,12922.02,2988.34,2.038,7.24,817.0,113.86,1291.900024,76.2,80.04,1711.5,107.4,0.0010902069840277,0.006014692326449,0.0131336050729755,0.0008518024047843,0.0113080737582542,0.0075069263449751,0.0070077371574051,0.0105764007627904,-0.3684286683872599,-0.1610967375322491,0.0,0.5966440808404704
412,2012-03-12,1371.09,0.0001604691537968,16.81781115223996,1.41,322989.0,228277.0,551266.0,15.64,12959.71,2983.66,2.031,7.22,814.29,114.19,1289.599976,76.2,79.89,1699.8,106.34,0.0029124812477565,-0.0015673144534584,-0.0033225269486303,-0.0017819474016027,-0.0018758212215814,-0.0068595819057142,-0.0099186739985723,-0.158077194906463,-0.1263416142558355,-0.1450575710751973,0.0,0.6678298617736389
413,2012-03-13,1395.95,0.0179691431400108,16.85093979433744,1.35,582414.0,430649.0,1013063.0,14.8,13177.68,3039.88,2.107,7.17,831.23,114.48,1308.599976,76.2,80.19,1694.2,106.7,0.0166791751704984,0.018667306123838,0.0205899636188648,0.0146257709534856,0.0037481303249862,-0.0032999440670753,0.0033796502315155,0.5895632681399032,0.6347335693347826,0.6085162425420858,0.0,0.6651804891477026
414,2012-03-14,1394.28,-0.0011970340792055,16.221514977315156,1.03,426959.0,415293.0,842252.0,15.31,13194.1,3040.73,2.274,7.15,823.4,113.87,1305.699951,76.2,80.56,1642.9,105.49,0.0012452706735679,0.0002795772152914,-0.0094644221944335,-0.0022185872091986,0.0046034295913699,-0.0307476800851596,-0.0114049966139901,-0.3104935451719282,-0.0363090779518788,-0.1846544369495273,0.0,0.6672515703598257
415,2012-03-15,1402.6,0.0059495041200392,16.81806076259718,1.22,523453.0,429411.0,952864.0,15.42,13252.76,3056.37,2.281,7.19,831.46,113.44,1314.400024,76.2,80.15,1659.5,105.19,0.004436072652572,0.0051303191038183,0.0097410823072232,0.0066410480961112,-0.0051023693547449,0.0100533792477381,-0.0028479229425348,0.2037592560721925,0.0334302070474432,0.1233929293545514,0.0,0.6554883317920546
416,2012-03-16,1404.17,0.0011187237741205,17.221297096225328,2.07,446854.0,215532.0,662386.0,14.47,13232.62,3055.26,2.298,7.19,830.18,113.54,1321.0,76.2,79.79,1655.8,107.03,-0.0015208393371661,-0.0003632418887296,-0.0015406468948544,0.005008719539985,-0.0045016957353727,-0.002232076455324,0.0173409302451013,-0.1582153266182864,-0.689305111857438,-0.3636237186482649,0.0,0.6562549421828165
417,2012-03-19,1409.75,0.0039660028103609,18.787481635524664,1.39,415041.0,298022.0,713063.0,15.04,13239.13,3078.32,2.379,7.19,837.77,113.24,1325.699951,76.2,79.45,1667.3,108.09,0.0004918450900479,0.0075192982403873,0.0091010550548862,0.003551559320873,-0.0042702903374642,0.0069212758617078,0.0098550444318279,-0.0738546088055756,0.324057918884467,0.0737213079751519,0.0,0.617949077307241
418,2012-03-20,1405.52,-0.0030050426304928,19.677147901525068,2.19,422389.0,192814.0,615203.0,15.58,13170.19,3074.15,2.372,7.21,829.24,112.85,1316.699951,76.2,79.59,1647.0,105.68,-0.0052208960015427,-0.0013555533431421,-0.0102339811381471,-0.0068120156951483,0.0017605638350328,-0.0122501003887727,-0.0225485532140421,0.0175493798547972,-0.4354413156357388,-0.1476174809146648,0.0,0.6200554876262129
419,2012-03-21,1402.89,-0.0018729464492865,20.2751247540268,2.78,570743.0,205561.0,776304.0,15.13,13124.62,3075.32,2.294,7.2,829.92,112.74,1312.400024,76.2,79.66,1650.3,106.87,-0.0034660867009304,0.0003805206023024,0.0008196919381777,-0.0032710287739963,0.0008791209357399,0.0020016383718814,0.0111974823227356,0.3010123303842302,0.0640168332238246,0.2325919014030493,0.0,0.6396545963166043
420,2012-03-22,1392.78,-0.0072326448201014,20.34486899358288,2.41,454250.0,188344.0,642594.0,15.57,13046.14,3063.32,2.275,7.24,821.44,112.69,1304.300049,76.2,79.74,1642.5,104.98,-0.0059975511026593,-0.0039096657518555,-0.0102704129203141,-0.0061910044297723,0.0010037641997113,-0.0047376181907567,-0.0178432867126518,-0.2282913134942443,-0.0874727488292279,-0.1890310864755253,0.0,0.6404138469516341
421,2012-03-23,1397.11,0.0031040675271878,20.54693206112915,2.49,393347.0,157917.0,551264.0,14.82,13080.73,3067.92,2.237,7.23,830.03,112.7,1308.300049,76.2,79.34,1662.4,106.43,0.0026478502943163,0.0015005124128535,0.0104029470329818,0.0030620860257322,-0.0050289268670251,0.0120428699861978,0.0137176362288,-0.1439555333255882,-0.1762004994984085,-0.1532992863060496,0.0,0.6812690429643599
422,2012-03-26,1416.51,0.0137902825851305,21.243519969342508,1.73,381006.0,219938.0,600944.0,14.26,13241.63,3122.57,2.244,7.2,846.13,112.46,1323.400024,76.2,78.98,1685.6,107.07,0.0122254998444422,0.0176565731549249,0.0192111673879162,0.0114755787430524,-0.0045477592276803,0.0138592421450161,0.0059953341172249,-0.0318770509164956,0.3312761099080958,0.0862879288933005,0.0,0.6677502853247486
423,2012-03-27,1412.52,-0.0028207566873392,21.831050198210843,2.49,459758.0,184327.0,644085.0,15.59,13197.73,3120.35,2.187,7.17,839.98,112.5,1322.300049,76.2,79.05,1684.9,107.32,-0.0033208096068335,-0.0007112056837428,-0.0072949300735754,-0.000831519093646,0.0008859077969773,-0.0004153686456396,0.0023321993872444,0.187885141060125,-0.1766343342353789,0.069328952815141,0.0,0.6713135358965355
424,2012-03-28,1405.54,-0.0049537726478607,21.82980406234704,2.57,492669.0,191562.0,684231.0,15.47,13126.21,3104.96,2.196,7.18,834.45,112.58,1312.400024,76.2,79.13,1657.9,105.4,-0.0054338504022748,-0.0049443421621244,-0.006605256840686,-0.0075151412453662,0.0010115059656206,-0.0161544735989203,-0.0180523894501609,0.0691372848644054,0.038500161795973,0.0604648749340697,0.0,0.672200608262692
425,2012-03-29,1403.28,-0.0016092170290038,21.18498188503854,1.7,449344.0,264193.0,713537.0,15.48,13145.82,3095.36,2.159,7.24,832.22,112.44,1305.400024,76.2,79.19,1654.9,102.79,0.0014928426651366,-0.0030966168427521,-0.0026759962449007,-0.0053480147877671,0.0007579586012189,-0.0018111572205219,-0.0250745640824314,-0.0920488075639447,0.3214683806448075,0.0419387127086388,0.0,0.661425989548272
426,2012-03-30,1408.47,0.0036916552995434,21.30458388154877,2.44,412520.0,169010.0,581530.0,15.5,13212.04,3091.57,2.216,7.21,830.3,112.71,1312.0,76.2,79.0,1671.9,103.03,0.0050246977049379,-0.0012251635218358,-0.0023097476765263,0.0050431649177475,-0.0024021757552992,0.0102201202187028,0.0023321359321464,-0.0855040519469145,-0.4467220118876014,-0.2045717312734716,0.0,0.6470983826271527
427,2012-04-02,1419.04,0.0074765777930734,21.907722419441715,1.65,405147.0,245589.0,650736.0,15.64,13264.49,3119.7,2.193,7.26,840.63,112.74,1324.300049,76.4,78.82,1679.7,105.25,0.0039620047348396,0.0090577908619504,0.0123645294599201,0.0093313644295633,-0.0022810807001638,0.0046545017793571,0.0213182646055143,-0.0180347252334875,0.3737015222262094,0.1124414686635066,0.002621233479874,0.6544862520820833
428,2012-04-03,1413.38,-0.0039965877474346,22.09864657265068,1.74,380053.0,218337.0,598390.0,15.66,13199.55,3113.57,2.284,7.26,834.8,112.43,1316.900024,76.4,79.48,1672.0,104.02,-0.004907801707386,-0.0019668655380531,-0.0069594355248598,-0.0056035469928046,0.0083386459167584,-0.0045946913783101,-0.0117552842175649,-0.0639392475352895,-0.1176196662770898,-0.083861314714456,0.0,0.6840150207048918
429,2012-04-04,1398.96,-0.0102548954753034,21.53429557914628,1.8,376078.0,209045.0,585123.0,16.44,13074.75,3068.09,2.243,7.29,820.38,112.41,1291.800049,76.4,79.78,1614.1,101.53,-0.0094998487928279,-0.0147147596676528,-0.0174245276540006,-0.0192438754108525,0.0037674287936448,-0.0352429888654128,-0.0242288670317947,-0.0105141479947992,-0.0434902009257491,-0.0224206337493555,0.0,0.6818342291082152
430,2012-04-05,1398.08,-0.0006292366423323,21.117215183932544,2.27,436801.0,192337.0,629138.0,16.7,13060.14,3080.5,2.175,7.31,818.18,112.14,1290.099976,76.4,80.08,1630.1,103.29,-0.0011180457634925,0.0040367033260348,-0.00268528625375,-0.0013169164020583,0.0037532885297038,0.0098638368330101,0.0171862447054103,0.1496811451210717,-0.0833004980104519,0.0725285469618093,0.0,0.717067229348957
431,2012-04-09,1382.2,-0.0114234341057777,20.70732728604545,2.39,435601.0,182457.0,618058.0,18.81,12929.59,3047.08,2.037,7.39,803.46,112.5,1280.099976,76.4,79.73,1643.9,102.45,-0.0100463604681895,-0.0109081664804673,-0.0181549595597649,-0.0077815350143533,-0.0043802084925603,0.00843010490322,-0.0081656913336329,-0.002751027065079,-0.0527345129607788,-0.0177683243165063,0.0,0.7846352175488922
432,2012-04-10,1358.59,-0.0172290354453616,21.09495992804652,1.56,688311.0,440298.0,1128609.0,20.39,12715.93,2991.22,1.988,7.43,784.15,112.02,1259.300049,76.4,79.89,1660.7,101.12,-0.0166629449199575,-0.0185024240538531,-0.0243270731550957,-0.0163821311912224,0.0020047619795464,0.0101677326972433,-0.0130669442863613,0.45751408393979,0.8809372415716314,0.602158875798267,0.0,0.794509810170974
433,2012-04-11,1368.71,0.0074212931815651,21.199881738943727,1.97,448562.0,227469.0,676031.0,20.02,12805.39,3016.46,2.028,7.43,796.59,112.4,1266.599976,76.4,79.8,1660.3,102.66,0.0070106378828214,0.0084026274714634,0.0157397887365711,0.0057800762116579,-0.0011271840381876,-0.0002408912989668,0.0151146267336095,-0.4281938601622741,-0.6604378050239124,-0.5125022470052176,0.0,0.828087215059964
434,2012-04-12,1387.57,0.0136853254049613,20.74384004670119,1.93,481092.0,248738.0,729830.0,17.2,12986.58,3055.55,2.049,7.38,808.59,112.94,1284.300049,76.4,79.28,1680.6,103.69,0.014050340532183,0.0128756507432044,0.0149518727590249,0.0138777348381244,-0.0065376144340305,0.0121525635803765,0.0099831214380294,0.0700116094898,0.0893861682990326,0.0765726973304321,0.0,0.8541455063993313
435,2012-04-13,1370.26,-0.0125535129605305,20.854461845097862,2.15,432839.0,201372.0,634211.0,19.55,12849.59,3011.33,1.998,7.37,796.29,112.9,1268.300049,76.4,79.89,1660.2,102.84,-0.0106046123552463,-0.0145777675185243,-0.0153285489726098,-0.0125364012643132,0.0076647984722182,-0.0122127954731823,-0.0082312961724975,-0.1056926856293429,-0.2112461898620026,-0.1404299236700676,0.0,0.8520809864421257
436,2012-04-16,1369.57,-0.0005036808959584,20.85643916661499,1.56,402489.0,258127.0,660616.0,19.55,12921.41,2988.4,1.974,7.32,798.08,112.92,1266.900024,76.4,79.56,1649.7,102.92,0.0055737213093873,-0.0076437145148027,0.0022454019481967,-0.001104469155889,-0.0041392345081794,-0.0063446238390563,0.0007776050158545,-0.0726980670856356,0.2482977680622742,0.0407910264290229,0.0,0.8937699654704429
437,2012-04-17,1390.78,0.0153679188755129,20.306197233603665,1.47,432215.0,294270.0,726485.0,18.46,13115.54,3042.82,2.009,7.27,810.63,113.21,1287.099976,76.4,79.48,1651.1,104.23,0.014912161172381,0.0180465898932862,0.0156028800802534,0.0158186164568761,-0.0010060363021553,0.0008482792559076,0.0126480083376874,0.0712553823324775,0.1310460013750347,0.0950451027907437,0.0,0.8463236696426378
438,2012-04-18,1385.14,-0.004063523272098,18.30168406604204,2.66,621828.0,233555.0,855383.0,18.64,13032.75,3031.45,1.982,7.26,803.32,113.19,1283.900024,76.4,79.54,1639.6,102.65,-0.0063323664108487,-0.00374366410424,-0.0090585829633935,-0.0024892677186798,0.0007546220959282,-0.0069894228076039,-0.0152748522862884,0.3637403775421575,-0.2310801178334518,0.163331485992229,0.0,0.8481989721027433
439,2012-04-19,1376.92,-0.0059520968174426,16.999810695304735,1.7,659809.0,389110.0,1048919.0,18.36,12964.1,3007.56,1.952,7.25,798.9,113.2,1277.699951,76.4,79.56,1641.4,102.38,-0.0052814213701637,-0.007911934116171,-0.005517358680481,-0.0048407910429659,0.000251414206227,0.0010972265654283,-0.0026337624355052,0.0592868720313131,0.5104444845834806,0.2039660671663448,0.0,0.8303984459337279
440,2012-04-20,1378.53,0.0011685932847402,16.46390319771649,1.52,351092.0,230312.0,581404.0,17.44,13029.26,3000.45,1.97,7.23,804.05,113.62,1281.699951,76.4,79.19,1642.8,103.58,0.0050135985874355,-0.0023668413731492,0.0064256748120374,0.0031257352581857,-0.0046614257634507,0.0008525668867926,0.0116528799663084,-0.6309021018149661,-0.5244271685764286,-0.5900695209723192,0.0,0.8429384383080324
441,2012-04-23,1366.94,-0.0084430489857263,16.660807548223843,1.06,298679.0,280950.0,579629.0,18.97,12927.17,2970.45,1.933,7.26,791.85,113.33,1264.199951,76.4,79.42,1632.6,102.68,-0.0078662995205611,-0.0100488209303728,-0.0152894763622981,-0.0137478112267945,0.0029001974807849,-0.0062282670651478,-0.0087269049928062,-0.1616788792865264,0.1987418061402728,-0.0030576243446702,0.0,0.8457021777097514
442,2012-04-24,1371.97,0.0036729981306002,16.621805471261823,2.57,304053.0,118499.0,422552.0,18.1,13001.56,2961.6,1.961,7.22,798.05,113.45,1271.800049,76.4,79.22,1643.8,103.1,0.0057380522770653,-0.002983793651766,0.0077992721908319,0.0059937860828691,-0.0025214335093348,0.0068367986971438,0.0040820350199748,0.0178326102185888,-0.8632721958371938,-0.3160757275544377,0.0,0.816081446900499
443,2012-04-25,1390.69,0.0135523636777294,16.61663231639505,1.47,313709.0,213322.0,527031.0,16.82,13090.72,3029.63,1.984,7.14,812.12,113.81,1285.5,76.4,79.01,1642.3,103.72,0.0068342319667511,0.0227108370166586,0.0174768603654733,0.0107144893445676,-0.0026543654591284,-0.0009129363708844,0.0059955696475491,0.0312637763004701,0.5878982395534109,0.2209468541937767,0.0,0.8250325920823146
444,2012-04-26,1399.98,0.006657923951737,16.66714258510005,1.19,367636.0,309175.0,676811.0,16.24,13204.62,3050.61,1.959,7.13,818.33,113.86,1293.400024,76.4,78.92,1660.5,104.56,0.0086631861277499,0.0069010707682313,0.0076175657384194,0.0061266808622919,-0.001139745580228,0.0110210634732865,0.0080661086455027,0.1586275136056816,0.3711046983536956,0.2501326907742793,0.0,0.8189498689026439
445,2012-04-27,1403.36,0.002411410416049,16.68288871104638,1.82,375948.0,206153.0,582101.0,16.32,13228.31,3069.2,1.933,7.07,825.47,113.95,1298.699951,76.4,78.71,1664.8,104.86,0.0017924616259215,0.0060753706993867,0.0086872428562054,0.00408929781777,-0.0026644690000559,0.0025862342626226,0.0028650578284201,0.0223575177317041,-0.405288848070791,-0.1507480889209205,0.0,0.8217870005323168
446,2012-04-30,1397.91,-0.0038910971640513,16.576830267640805,2.07,238740.0,115367.0,354107.0,17.15,13213.63,3046.36,1.915,7.11,816.88,114.27,1294.0,76.4,78.78,1664.2,104.89,-0.0011103573722834,-0.0074695060447673,-0.0104607158413827,-0.0036255303251611,0.0008889453884011,-0.0003604686130946,0.0002860548291261,-0.4540757422866299,-0.5805002602499734,-0.497044844844634,0.0,0.8252464250540852
447,2012-05-01,1405.82,0.0056424983763747,16.45304260714469,1.66,319161.0,191694.0,510855.0,16.6,13279.32,3050.44,1.956,7.06,815.89,113.88,1297.0,79.3,78.86,1662.4,106.17,0.004959065307748,0.0013384072329927,-0.0012126632916098,0.0023157092555985,0.0010149709067217,-0.0010821861213665,0.0121294010519692,0.2903205839929939,0.5077819993498842,0.3664866652489582,0.0372554324683278,0.8246785381473257
448,2012-05-02,1402.31,-0.0024998855665208,16.376610981500907,2.33,378016.0,162057.0,540073.0,16.88,13268.57,3059.85,1.922,7.04,818.6,114.08,1291.5,79.3,79.13,1654.0,105.25,-0.0008098572494876,0.0030800526453482,0.0033160221026298,-0.0042495717805488,0.0034179411716204,-0.0050657447613264,-0.0087031104629904,0.1692408451062235,-0.1679522254583521,0.0556185230083894,0.0,0.835796512238229
449,2012-05-03,1391.57,-0.0076882707224044,16.259597586539506,1.03,301964.0,293618.0,595582.0,17.56,13206.59,3024.3,1.924,7.0,806.59,114.53,1284.400024,79.3,79.22,1634.8,102.56,-0.0046821332319808,-0.011686235409078,-0.0147800794147068,-0.0055126316347688,0.001136722572669,-0.0116761238935145,-0.0258904793901315,-0.2246287177947703,0.5943314775641273,0.0978347631211082,0.0,0.8764585651340661
450,2012-05-04,1369.1,-0.0162790164867594,16.793943178101827,1.75,560798.0,319568.0,880366.0,19.16,13038.27,2956.34,1.88,6.98,791.84,114.49,1265.0,79.3,79.5,1645.2,98.49,-0.0128270684509512,-0.0227276429765401,-0.0184561334400195,-0.0152195797395053,0.0035282294665153,0.0063414846661471,-0.0404929729907488,0.6190529644088727,0.0846904809598001,0.39079865136903,0.0,0.8739481275167725
451,2012-05-07,1369.58,0.0003505338374072,17.215790853478147,1.34,285072.0,212171.0,497243.0,18.94,13008.53,2957.76,1.877,6.99,793.81,114.48,1260.900024,79.3,79.6,1639.1,97.86,-0.0022835828527032,0.0004802083249479,0.0024847866976847,-0.0032463514484168,0.001257071190051,-0.0037146466609545,-0.0064171343206336,-0.6766189894385981,-0.4095775304072191,-0.5712588898877975,0.0,0.8318487268422996
452,2012-05-08,1363.72,-0.0042878637386198,17.15730710920146,2.02,508453.0,252015.0,760468.0,19.05,12932.09,2946.27,1.837,7.01,793.06,114.28,1250.599976,79.3,79.74,1604.5,97.13,-0.0058934768135472,-0.0038922615589127,-0.0009452570857657,-0.0082023537707947,0.0017572491028721,-0.0213351291454033,-0.0074875984467377,0.5786310025633057,0.1720960562338795,0.4248551930243707,0.0,0.8374078845716963
453,2012-05-09,1354.58,-0.0067248165728184,17.635908721550933,1.67,443306.0,265736.0,709042.0,20.08,12835.06,2934.71,1.835,7.06,788.92,113.7,1240.800049,79.3,80.08,1594.2,96.8,-0.0075313302895825,-0.0039313226328268,-0.0052339592801926,-0.0078670445894299,0.0042547930537555,-0.0064401385560879,-0.0034032931317078,-0.1371125059932634,0.0530147251936323,-0.0700192700920254,0.0,0.8374842480200103
454,2012-05-10,1357.99,0.0025142221555993,18.021632849795356,1.53,459189.0,299926.0,759115.0,18.83,12855.04,2933.64,1.884,7.03,791.75,113.73,1245.0,79.3,80.11,1595.5,97.1,0.0015554633129823,-0.0003646680964353,0.0035807638834466,0.0033791575458286,0.0003745552200609,0.0008151237244753,0.0030943810147476,0.0352016135029487,0.1210324428191995,0.0682385179283873,0.0,0.8384766950165806
455,2012-05-11,1353.39,-0.003393109349032,18.585584789081828,2.46,436861.0,177609.0,614470.0,19.89,12820.6,2933.82,1.841,7.03,790.06,113.38,1242.400024,79.3,80.26,1584.0,96.03,-0.0026827000733025,6.135533946771687e-05,-0.0021367934746008,-0.0020905177468808,0.0018706746117453,-0.0072338733439272,-0.0110807326473976,-0.049846823319692,-0.5239512726125319,-0.211393173434546,0.0,0.8523018238874235
456,2012-05-14,1338.35,-0.0111750440369116,19.712534867887754,2.61,700412.0,268605.0,969017.0,21.87,12695.35,2902.58,1.788,7.08,778.95,112.06,1224.300049,79.3,80.61,1561.0,94.75,-0.0098174675834137,-0.010705331489329,-0.0141620329857108,-0.0146757200491878,0.0043513464567386,-0.014626651858939,-0.0134187986873461,0.4720536666368335,0.4136573940070569,0.4555220479611854,0.0,0.8373430700743342
457,2012-05-15,1330.66,-0.0057624522046806,20.44761557350533,2.3,645851.0,280456.0,926307.0,21.97,12632.0,2893.76,1.777,7.12,777.36,111.64,1214.0,79.3,81.22,1557.1,93.97,-0.0050025077326711,-0.0030433020862616,-0.0020432954272537,-0.0084485994832954,0.0075388109626421,-0.0025015246680535,-0.0082662615675621,-0.0810999063077808,0.0431749509565726,-0.045076442418102,0.0,0.8376989944662901
458,2012-05-16,1324.8,-0.0044135550996591,21.560681916647543,2.3,914682.0,397267.0,1311949.0,22.27,12598.55,2874.04,1.765,7.19,772.11,111.21,1204.599976,79.3,81.37,1536.6,92.78,-0.0026515489831258,-0.0068379891255165,-0.0067765366100909,-0.0077731509334491,0.0018451324504136,-0.0132529334138444,-0.0127444830713754,0.3480076368615847,0.3481917487979693,0.3480633836188591,0.0,0.8582545248379825
459,2012-05-17,1304.86,-0.0151657493225663,24.62251539711161,2.5,1277102.0,511388.0,1788490.0,24.49,12442.49,2813.69,1.702,7.39,754.33,110.52,1191.5,79.3,81.38,1574.9,92.53,-0.0124644999169731,-0.0212219162890772,-0.0232970888783761,-0.0109345241471974,0.0001228878649781,0.0246195947470004,-0.0026981830626588,0.3337722636635174,0.2525199988723585,0.3098578706085533,0.0,0.862623417486694
460,2012-05-18,1295.22,-0.0074151904335879,27.836380522132988,2.18,822209.0,377412.0,1199621.0,25.1,12369.38,2778.79,1.702,7.47,747.21,110.33,1178.400024,79.3,81.29,1591.9,91.51,-0.0058931641660731,-0.0124812080009579,-0.0094836679199952,-0.0110554110237783,-0.0011065348150625,0.0107364931805555,-0.011084660333652,-0.4403541069034098,-0.3037911686523973,-0.3993660148489262,0.0,0.9094296676306788
461,2012-05-21,1315.99,0.0159086691973557,29.314781458375503,1.72,488733.0,283680.0,772413.0,22.01,12504.48,2847.21,1.735,7.59,764.64,110.99,1191.400024,79.3,81.08,1588.7,92.57,0.0108629162111473,0.0243239862757862,0.0230588647071261,0.0109714998239356,-0.0025866861746823,-0.0020121996351125,0.0115168591518326,-0.5201782925597076,-0.2854905866054391,-0.4402415714864922,0.0,0.8615728183803752
462,2012-05-22,1316.63,0.0004862076658298,30.67443339926791,1.69,523212.0,310111.0,833323.0,22.48,12502.81,2839.08,1.793,7.54,759.63,111.32,1199.900024,79.3,81.49,1576.6,91.44,-0.0001335610537953,-0.0028595114001523,-0.0065736622008287,0.0071091336330555,0.0050439917483293,-0.0076454421001699,-0.0122820955925639,0.0681704075738345,0.0890834555796225,0.0759019410408861,0.0,0.8483966523388968
463,2012-05-23,1318.86,0.0016922853300105,31.8014552637906,1.85,449951.0,242749.0,692700.0,22.33,12496.15,2850.12,1.721,7.6,765.17,110.6,1187.400024,79.3,82.09,1548.4,89.4,-0.0005328221780072,0.0038810426272553,0.0072665587320379,-0.0104721769232067,0.0073358930280464,-0.0180484899223145,-0.0225623373070869,-0.1508480477131346,-0.2449023102070402,-0.184824317082743,0.0,0.8018239123898668
464,2012-05-24,1320.68,0.0013790283825416,32.39039531256282,1.56,476179.0,305071.0,781250.0,21.54,12529.75,2839.38,1.759,7.6,766.57,110.38,1191.5,79.3,82.35,1557.5,90.36,0.0026852197274926,-0.0037753801764219,0.0018279869819242,0.0034469544899939,0.0031622502634744,0.0058598319581149,0.0106810094203337,0.0566551460157001,0.2285165487035154,0.1202981960220519,0.0,0.7753268378198216
465,2012-05-25,1317.82,-0.0021678992761913,33.287477497690936,2.11,382297.0,181589.0,563886.0,21.76,12454.83,2837.53,1.745,7.59,766.41,110.52,1188.599976,79.3,82.4,1568.9,90.64,-0.0059973171099052,-0.0006517630420379,-0.0002087437547535,-0.0024368937980598,0.0006069802917769,0.0072927651773015,0.0030939251199484,-0.2195960405311599,-0.5187986447566253,-0.3260430976426747,0.0,0.7761547401321676
466,2012-05-30,1313.32,-0.0144385554261523,33.9736589798796,2.14,405552.0,189378.0,594930.0,24.14,12419.86,2837.36,1.625,7.61,762.0,110.48,1181.400024,79.3,83.02,1565.7,87.79,-0.0028116951840058,-5.991305560115734e-05,-0.0057707189015809,-0.0060759275527217,0.0074961057094666,-0.0020417285214326,-0.0319480177816338,0.0590513086474082,0.041999126076945,0.0535916481579121,0.0,0.7078965313321153
467,2012-05-31,1310.33,-0.00227926841952,34.475289334696825,2.16,572154.0,264770.0,836924.0,24.06,12393.45,2827.34,1.581,7.85,761.82,110.68,1177.599976,79.3,83.04,1564.2,86.52,-0.002128697055955,-0.0035377020672955,-0.0002362483768916,-0.0032217475938391,0.0002408767926853,-0.0009584971499663,-0.0145719978532588,0.3441590838343309,0.3351165068710369,0.3412895143231171,0.0,0.819845459999111
468,2012-06-01,1278.04,-0.0249513595163328,36.7738165784512,2.6,903208.0,346801.0,1250009.0,26.66,12118.57,2747.48,1.467,7.99,737.42,108.5,1153.0,73.2,82.89,1622.1,83.17,-0.0224291203626414,-0.0286522123916732,-0.0325526995558433,-0.0211112073251173,-0.0018079918141431,0.0363470948885575,-0.0394888952042622,0.4565446842792209,0.269889603815221,0.401172764381462,-0.0800427076735363,0.8189121698282573
469,2012-06-04,1278.18,0.0001095367379484,38.59378837666552,2.14,563177.0,263113.0,826290.0,26.12,12101.46,2760.01,1.527,8.05,737.24,109.655,1151.199951,73.2,82.56,1613.9,83.95,-0.0014128804007498,0.0045501749866154,-0.0002441240704893,-0.0015624072601827,-0.0039891258701825,-0.0050679960142918,0.0093346776429541,-0.472358904250397,-0.2761675307126108,-0.413960228778599,0.0,0.8300004461295442
470,2012-06-05,1285.5,0.005710556615778,39.94713685162149,2.17,510798.0,235014.0,745812.0,24.68,12127.95,2778.11,1.556,8.12,746.09,110.29,1158.300049,73.2,82.83,1616.9,84.31,0.0021865997194758,0.0065365374695707,0.0119327526751407,0.006148621232799,0.0032650128769198,0.0018571257039923,0.0042790984110343,-0.0976197572178154,-0.1129385108582052,-0.1024722437719667,0.0,0.9413249328050713
471,2012-06-06,1315.13,0.02278777233525,39.91230197957591,2.15,728974.0,339456.0,1068430.0,22.16,12414.79,2844.72,1.651,8.01,765.17,111.57,1183.599976,73.2,82.32,1634.2,85.05,0.0233757975946939,0.0236938040767462,0.0252517950024939,0.021607166007258,-0.0061762230843784,0.0106426522048383,0.0087388369072858,0.3556638573537736,0.3676992494054776,0.3594720024927476,0.0,0.9370237587303065
472,2012-06-07,1314.99,-0.0001064590209818,39.10567976060211,1.39,577814.0,414289.0,992103.0,21.72,12460.96,2831.02,1.654,7.9,760.34,111.75,1190.699951,73.2,82.05,1588.0,84.78,0.0037120531454117,-0.0048275737109406,-0.0063323296990445,0.0059807070559321,-0.003285273989694,-0.0286780251435265,-0.003179652917379,-0.2323860485017999,0.1992194616790499,-0.074118627672604,0.0,0.911558770306899
473,2012-06-08,1325.66,0.0080813875904546,37.45277418785387,1.21,388015.0,320215.0,708230.0,21.23,12554.2,2858.42,1.637,7.89,769.19,112.14,1188.900024,73.2,82.51,1591.4,84.08,0.0074547140054228,0.0096319538776619,0.0115723114480843,-0.0015127982536391,0.0055906805801519,0.0021387691363541,-0.0082909393557955,-0.3982080189060948,-0.2575711527354727,-0.3370580328444035,0.0,0.9195075271652922
474,2012-06-11,1308.93,-0.0127004390664851,35.59606029470582,1.54,360169.0,234521.0,594690.0,23.56,12411.23,2809.73,1.6,7.81,751.01,112.19,1184.099976,73.2,82.52,1596.8,82.58,-0.0114535630226182,-0.0171806313040363,-0.0239190458553855,-0.0040455579828737,0.0001211900867987,0.003387494613765,-0.0180012061107515,-0.0744706329297866,-0.3114475090712343,-0.174728638325373,0.0,0.9504276309183431
475,2012-06-12,1324.18,0.0115833903738131,33.496471677270605,1.54,369393.0,239693.0,609086.0,22.09,12573.8,2843.07,1.661,7.86,761.53,112.62,1191.900024,73.2,82.42,1613.8,83.35,0.0130135760737921,0.0117960609241443,0.0139106002335935,0.0065657205562272,-0.0012125622923795,0.0105900198572062,0.0092810887388585,0.0252877521974852,0.0218138017277116,0.0239192114764854,0.0,0.9544183864191338
476,2012-06-13,1314.88,-0.0070479932229501,30.499715621414207,1.93,407820.0,211019.0,618839.0,24.27,12496.38,2818.61,1.599,7.84,752.38,113.08,1190.199951,73.2,82.06,1619.4,82.56,-0.0061762816308501,-0.0086405986144271,-0.0120880520202559,-0.0014273735833798,-0.0043774388966308,0.0034640638376082,-0.0095233074635503,0.0989647826490855,-0.12741076102788,0.015885669076276,0.0,0.973135335755514
477,2012-06-14,1329.1,0.0107566147322417,27.110729996040188,1.37,533086.0,389695.0,922781.0,21.68,12651.91,2836.33,1.611,7.78,762.34,113.26,1196.0,73.2,81.99,1619.6,83.83,0.0123691895521815,0.0062671073427686,0.0131511349292763,0.0048613364693768,-0.0008533984059537,0.000123494905992,0.0152656369165136,0.2678568614078731,0.613416205064599,0.3995467946544551,0.0,0.9979670909885341
478,2012-06-15,1342.84,0.0102847527365623,24.35496697196617,1.84,506441.0,274985.0,781426.0,21.11,12767.17,2872.8,1.587,7.74,771.32,113.53,1208.5,73.2,81.63,1628.1,84.03,0.0090688404105314,0.0127762009573473,0.0117106824540789,0.0103972656329611,-0.004400447144822,0.0052344855794626,0.0023829392903609,-0.0512749307768007,-0.3486478311556382,-0.1662714808985619,0.0,0.992088095245487
479,2012-06-18,1344.78,0.0014436567200251,23.185266796727948,1.73,413287.0,238336.0,651623.0,18.32,12741.82,2895.33,1.584,7.71,772.53,113.8,1211.699951,73.2,81.95,1627.0,83.26,-0.0019875352450267,0.0078119302362029,0.0015675101178951,0.0026443706548855,0.0039124637265741,-0.0006758625184311,-0.0092056361732977,-0.2032655643442069,-0.1430351079498759,-0.181654281845276,0.0,0.9692038958047681
480,2012-06-19,1357.98,0.009767870585815,22.474033826517637,1.63,453948.0,278475.0,732423.0,18.38,12837.33,2929.76,1.62,7.57,786.43,114.17,1226.900024,73.2,81.38,1623.2,83.99,0.0074678356294821,0.0118214142453272,0.0178328736609447,0.0124663905602098,-0.0069797626162948,-0.0023383187074328,0.0087295023707065,0.0938403871630342,0.1556468459567597,0.1168920420782537,0.0,0.9694991855888452
481,2012-06-20,1355.69,-0.0016877516747362,22.015394551087635,1.98,555690.0,281243.0,836933.0,17.24,12824.39,2930.45,1.642,7.49,784.05,114.25,1229.5,73.2,81.58,1615.8,81.06,-0.0010085061404119,0.0002354864427003,-0.0030309228032034,0.0021169002976142,0.0024545913158684,-0.0045693194659968,-0.0355081229373732,0.2022279307662398,0.0098907755887545,0.1333858035838933,0.0,1.0474445597525692
482,2012-06-21,1325.51,-0.0225132587714345,21.18925787537243,1.96,557610.0,284663.0,842273.0,20.08,12573.57,2859.09,1.618,7.46,764.83,113.86,1206.900024,73.2,82.29,1565.5,77.91,-0.0197518347472147,-0.0246526024709616,-0.0248192069177433,-0.0185524741467384,0.0086654597282098,-0.0316249282791476,-0.039635306857396,0.0034492084856303,0.012086960155436,0.0063601702245268,0.0,1.0515417626507988
483,2012-06-22,1335.02,0.0071489819720209,20.228048422603692,1.53,432543.0,282162.0,714705.0,18.11,12640.78,2892.42,1.672,7.49,775.16,114.05,1205.699951,73.2,82.26,1566.9,79.33,0.0053311038499384,0.0115901295846843,0.0134158727487516,-0.0009948380265365,-0.0003646308153442,0.0008938833439025,0.0180620529711452,-0.2539780498931545,-0.008824650395848,-0.1642343195764652,0.0,1.0871604903327914
484,2012-06-25,1313.72,-0.0160834654599728,19.31301693423772,1.87,421838.0,225614.0,647452.0,20.38,12502.66,2836.17,1.608,7.53,761.9,113.8,1188.300049,73.2,82.5,1588.4,78.76,-0.0109866740060109,-0.0196389715118421,-0.0172541461790851,-0.0145365149516143,0.002913330538357,0.013628075146733,-0.0072111135429873,-0.0250603893183196,-0.2236557996435433,-0.0988252105921123,0.0,1.0913030157616586
485,2012-06-26,1319.99,0.0047613532585772,18.988810707036794,1.52,266720.0,176004.0,442724.0,19.72,12534.67,2854.06,1.628,7.51,765.02,113.75,1190.400024,73.2,82.37,1574.9,79.34,0.0025569833077696,0.0062879915032523,0.0040866637966789,0.0017656497087594,-0.0015770003874777,-0.0085354420765613,0.0073371613152595,-0.4584219350744121,-0.2483188523834343,-0.3800981084978865,0.0,1.0873329928560052
486,2012-06-27,1331.85,0.0089447923523007,19.015109297816423,1.38,304131.0,220751.0,524882.0,19.45,12627.01,2875.32,1.621,7.45,776.24,114.1,1201.699951,73.2,82.62,1578.4,80.27,0.007339765432663,0.0074214304441708,0.0145597734414009,0.0094477749015675,0.0030304890154617,0.0022198975278708,0.0116535370573016,0.1312591106365559,0.2265286474325165,0.1702269243703025,0.0,1.0828456800330648
487,2012-06-28,1329.04,-0.0021120760682222,19.07462629449317,1.92,323178.0,168547.0,491725.0,19.71,12602.26,2849.49,1.577,7.42,775.89,113.93,1199.900024,73.2,82.81,1550.4,77.72,-0.0019620074571751,-0.0090239415041226,-0.0004509931589904,-0.0014989401696752,0.0022970450769896,-0.0178987135719035,-0.0322833276342464,0.0607447253841488,-0.2698207268362047,-0.0652538582881625,0.0,1.1703843680478465
488,2012-06-29,1362.16,0.0246147980341655,20.407510348383564,1.06,458030.0,431168.0,889198.0,17.08,12880.09,2935.06,1.659,7.3,798.49,114.72,1235.699951,73.2,81.63,1604.2,85.04,0.0218065452766307,0.0295878651021119,0.0287116865370666,0.0293993314844964,-0.0143519855823441,0.0341122277963217,0.0900091095244528,0.3487314291292271,0.9392831626892644,0.5924003157387787,0.0,1.1305938861778224
489,2012-07-02,1365.51,0.0024563100993457,21.34169003258526,1.67,373245.0,223757.0,597002.0,16.74,12871.39,2951.24,1.58,7.34,807.94,114.98,1240.5,72.3,81.87,1597.7,83.72,-0.0006756893453125,0.0054975250158371,0.011765354243014,0.0038769526753492,0.0029357819250925,-0.0040600948992981,-0.0156438364558928,-0.2046996436701285,-0.6559371637563913,-0.3983994694039925,-0.0123712918025473,1.1206544520400894
490,2012-07-03,1374.02,0.0062127645053795,23.188306912535054,1.26,237293.0,187652.0,424945.0,16.66,12943.82,2976.09,1.631,7.32,818.49,115.15,1251.400024,72.3,81.78,1621.8,87.74,0.0056114352784639,0.0083849374319546,0.0129733809274386,0.008748419610927,-0.0010999084518603,0.0149715484769314,0.0468999981602689,-0.4529393760007334,-0.1759714579174165,-0.3399607146854571,0.0,1.1257325900416992
491,2012-07-06,1354.68,-0.0094774904376455,24.81285257658091,1.91,344554.0,180855.0,525409.0,17.1,12772.47,2937.33,1.544,7.31,807.14,115.58,1229.400024,72.3,83.38,1578.9,84.37,-0.0133263807387713,-0.0131093529938679,-0.0139640440096728,-0.0177366787481556,0.0193757575161539,-0.0268082414826142,-0.0391660075605324,0.3729551625997978,-0.0368935784270032,0.2122172581253014,0.0,1.1267531113890135
492,2012-07-09,1352.46,-0.001640107639532,25.151612432002405,2.0,317832.0,159176.0,477008.0,17.98,12736.29,2931.77,1.513,7.29,804.8,115.58,1224.099976,72.3,83.16,1589.1,85.93,-0.0028366744805197,-0.0018946692553409,-0.0029033359104246,-0.0043204045194018,-0.0026420094628383,0.0064394161907479,0.0183211231475963,-0.0807278857885798,-0.1276850969604357,-0.0966437446744166,0.0,1.1387379340903816
493,2012-07-10,1341.47,-0.008159128832764,25.14752126444559,1.66,355399.0,213885.0,569284.0,18.72,12653.12,2902.34,1.498,7.24,795.17,115.62,1218.800049,72.3,83.4,1579.8,83.92,-0.0065515738642822,-0.0100890280216994,-0.0120378710729163,-0.0043390521601933,0.0028818463748887,-0.0058695614882724,-0.0236690472370906,0.1117181606928117,0.295427979125245,0.1768461686359508,0.0,1.138705714832903
494,2012-07-11,1341.45,-1.490912886037421e-05,25.22934737263707,1.21,309215.0,254610.0,563825.0,17.95,12604.53,2887.99,1.498,7.21,792.26,116.18,1218.800049,72.3,83.57,1575.7,85.88,-0.003847551925256,-0.0049565497574359,-0.0036663075028675,0.0,0.0020362946486436,-0.0025986387623184,0.0230870089225385,-0.139204274159221,0.1742944752475033,-0.0096355112099502,0.0,1.1422140720096765
495,2012-07-12,1334.76,-0.0049996180683615,25.029772251543267,1.46,421251.0,287799.0,709050.0,18.33,12573.27,2866.19,1.479,7.25,789.62,116.58,1207.5,72.3,83.66,1565.3,86.02,-0.002483141184884,-0.0075771367250192,-0.0033378036905515,-0.0093147017883046,0.0010763620007079,-0.0066221190738229,0.00162885434501,0.3091920277246309,0.1225293571623726,0.2291821262451829,0.0,1.176099203909154
496,2012-07-13,1356.78,0.0163627449710199,25.131941474892976,1.53,475514.0,310009.0,785523.0,16.74,12777.09,2908.47,1.499,7.25,800.99,117.14,1225.599976,72.3,83.35,1592.0,87.15,0.0160805915225257,0.0146435480246429,0.0142966455167821,0.0148783938773542,-0.0037123568172496,0.0169135885101514,0.0130509446104403,0.121167468692926,0.0743390095037597,0.1024236920725716,0.0,1.176137240165193
497,2012-07-16,1353.64,-0.0023169851201929,23.172993188880625,1.49,315117.0,211717.0,526834.0,17.11,12727.21,2896.95,1.464,7.21,796.66,117.67,1225.300049,72.3,83.1,1591.6,88.41,-0.0039115022640388,-0.0039687103157497,-0.0054204745743255,-0.0002447484584751,-0.0030039073354002,-0.0002512878515545,0.0143543134516823,-0.4114523258093747,-0.3813508520844699,-0.3994642295708299,0.0,1.0749742370031548
498,2012-07-17,1363.67,0.0073823344056611,21.074456077537786,1.09,419415.0,386206.0,805621.0,16.48,12805.54,2910.04,1.501,7.19,799.45,117.99,1229.099976,72.3,83.03,1589.5,89.07,0.0061356685618996,0.0045083673888157,0.0034960032098334,0.0030964227488459,-0.0008427135874633,-0.0013202982019162,0.0074374920260655,0.2859168847728206,0.6011204286340881,0.4247279001828126,0.0,1.0772181045609297
499,2012-07-18,1372.78,0.0066582862145772,19.53073494443547,1.42,590236.0,417100.0,1007336.0,16.16,12908.7,2942.61,1.479,7.14,805.06,117.99,1239.099976,72.3,83.07,1570.8,89.88,0.0080236128649904,0.0111301158377346,0.006992817571092,0.0081031155590975,0.0004816375770406,-0.0118344576470033,0.0090528698733498,0.3416615737137256,0.0769550953374533,0.2234510928226374,0.0,1.0754503599728433
500,2012-07-19,1376.51,0.0027134294953041,19.937086682883496,1.24,557620.0,450075.0,1007695.0,15.45,12943.36,2965.9,1.515,7.08,802.17,117.95,1247.800049,72.3,82.88,1580.4,92.78,0.0026814126817775,0.0078835850745582,-0.0035962533236757,0.0069967496922487,-0.0022898473398074,0.0060929358333812,0.0317556520064696,-0.0568447301122798,0.0760882343407871,0.0003563220653166,0.0,1.0242580331883722
501,2012-07-20,1362.66,-0.0101126385227505,19.51848201649871,2.08,393538.0,189467.0,583005.0,16.27,12822.57,2925.3,1.46,7.08,791.54,117.98,1231.300049,72.3,83.48,1582.8,91.56,-0.0093760159158104,-0.0137834881786433,-0.0133401404795794,-0.0133114783516354,0.0072133036978279,0.0015174509740338,-0.013236604239232,-0.3485000943635459,-0.8651993686659782,-0.5472250608368157,0.0,1.0407092769610882
502,2012-07-23,1350.52,-0.0089489683826657,19.210028523158435,1.39,323316.0,232297.0,555613.0,18.62,12721.46,2890.16,1.435,7.16,778.9,117.24,1212.099976,72.3,83.71,1577.4,87.77,-0.0079165682207325,-0.0120851756133983,-0.0160977470733634,-0.0157161889180432,0.0027513624629644,-0.0034175085473791,-0.0422747384803399,-0.1965474593003442,0.203801858480352,-0.04812375390844,0.0,1.0470501309459304
503,2012-07-24,1338.31,-0.0090820795122983,17.993230859967667,2.02,399102.0,197146.0,596248.0,20.47,12617.32,2863.0,1.404,7.16,767.75,116.81,1202.900024,72.3,84.0,1576.2,88.28,-0.0082198579694985,-0.0094418377976701,-0.0144185086049715,-0.0076190447243096,0.0034583541713484,-0.0007610350443414,0.0057938247845097,0.2105868501725787,-0.1640721543602108,0.0705846791646234,0.0,1.0181112450722678
504,2012-07-25,1337.89,-0.0003138778891322,17.577368890847023,1.39,301199.0,217212.0,518411.0,19.34,12676.05,2854.25,1.406,7.16,769.31,117.07,1201.699951,72.3,83.52,1608.1,88.8,0.0046439130528845,-0.0030609145416784,0.0020298498895785,-0.000998147810125,-0.0057306747089844,0.0200364709404299,0.0058730686095884,-0.281445847450394,0.096929264154566,-0.1398883239504851,0.0,1.0398004608884566
505,2012-07-26,1360.02,0.0164056594528601,16.648634644189563,1.5,400811.0,266755.0,667566.0,17.53,12887.93,2893.25,1.428,7.13,777.11,117.57,1227.800049,72.3,82.81,1615.1,89.4,0.0165768281679898,0.0135713261717507,0.0100879012786005,0.0214868097604901,-0.0085372970887203,0.0043435163844884,0.0067340321813444,0.2857188186367185,0.2054567989962326,0.2528698978422046,0.0,1.0793108558337055
506,2012-07-27,1385.97,0.0189008499896257,17.58512669610291,1.19,501491.0,420198.0,921689.0,16.7,13075.66,2958.09,1.555,7.09,796.0,117.97,1250.0,72.3,82.71,1622.7,90.13,0.0144612722376269,0.0221633520431865,0.0240172753552725,0.0179195613941711,-0.0012083133417934,0.0046945543010235,0.0081323903888499,0.2240956665756162,0.4543953946126571,0.3225695946685363,0.0,1.0664526650437565
507,2012-07-30,1385.3,-0.0004835328301133,18.640317001850395,1.05,275513.0,262762.0,538275.0,18.03,13073.01,2945.84,1.504,7.02,791.58,118.39,1253.900024,72.3,82.79,1624.0,89.8,-0.0002026871736937,-0.0041497841537641,-0.0055682377206425,0.0031151620404274,0.0009667674468998,0.0008008131761325,-0.0036680972601645,-0.5989508466668916,-0.4694773492573993,-0.5378382744752415,0.0,1.0578010430381048
508,2012-07-31,1379.32,-0.0043260985787334,19.253243476522183,1.01,237823.0,234460.0,472283.0,18.93,13008.68,2939.52,1.492,6.98,786.94,118.55,1250.599976,72.3,82.64,1614.6,88.08,-0.0049329725529005,-0.0021477029202356,-0.0058789414944984,-0.0026352963943647,-0.0018134563393319,-0.0058049937607078,-0.0193394828937298,-0.147108114900222,-0.1139636818602234,-0.1307911998015409,0.0,1.0602289155307407
509,2012-08-01,1375.14,-0.0030350799857288,19.660722604516756,1.22,337866.0,277109.0,614975.0,18.96,12971.06,2920.21,1.539,6.95,771.11,118.58,1248.099976,74.3,83.06,1607.3,88.99,-0.0028961049105635,-0.0065907712127888,-0.0203209713878393,-0.0020010412472295,0.0050694133912241,-0.0045314953858204,0.0102785114543468,0.3511226676595882,0.1671259329471794,0.2640032343910601,0.0272868225589943,1.0562589009606362
510,2012-08-02,1365.0,-0.0074011154803104,19.770512470134737,1.21,398118.0,329886.0,728004.0,17.57,12878.88,2909.77,1.478,6.95,768.6,118.66,1235.0,74.3,83.36,1590.7,87.22,-0.007131961677798,-0.0035814912433851,-0.0032603571106593,-0.0105514056331017,0.0036053398024495,-0.0103815816707806,-0.0200903414541508,0.1640990765823566,0.1743362096410425,0.1687249261133221,0.0,1.1097520362224491
511,2012-08-03,1390.99,0.0188612952059319,20.155188171492824,1.19,421775.0,353423.0,775198.0,15.64,13096.17,2967.9,1.577,6.9,788.48,119.0,1259.699951,74.3,82.38,1609.3,91.4,0.016731060673969,0.0197805917560867,0.0255363633343019,0.0198025883980283,-0.0118258889971221,0.0116251309201347,0.0468118160454844,0.0577235527377659,0.0689184995959344,0.0628119379067815,0.0,1.019820506076852
512,2012-08-06,1394.23,0.002326567712056,20.920452062064506,1.49,308304.0,207154.0,515458.0,15.95,13117.51,2989.91,1.558,6.86,794.35,119.38,1267.800049,74.3,82.27,1616.2,92.3,0.0016281578713233,0.007388654599973,0.0074171287009869,0.0064095950395879,-0.0013361678270955,0.004278412974898,0.0097986630487021,-0.313385687308493,-0.534203161811881,-0.4080626547528627,0.0,1.0167121694447707
513,2012-08-07,1401.35,0.005093766155781,20.65304799243112,1.34,371909.0,276711.0,648620.0,15.99,13168.6,3015.86,1.628,6.84,801.34,119.33,1276.400024,74.3,82.21,1612.8,93.68,0.0038872289839133,0.008641743355044,0.0087611562539038,0.0067604807072774,-0.0007295720167972,-0.0021059159222973,0.0148405777806548,0.1875628915084402,0.2895111622332198,0.2297912032028115,0.0,0.9611660291201334
514,2012-08-08,1402.22,0.0006206372788462,20.50140038947001,1.38,273479.0,197601.0,471080.0,15.32,13175.64,3011.25,1.64,6.83,800.16,119.03,1276.099976,74.3,82.39,1616.0,93.39,0.0005344621949667,-0.0015297550232222,-0.0014736187493422,-0.0002351012743444,0.0021871211634572,0.0019821612039905,-0.003100446167835,-0.3074243642275984,-0.3367237942194716,-0.319819098070468,0.0,0.9604683838458252
515,2012-08-09,1402.8,0.0004135442943473,20.80542159941344,1.71,307588.0,180118.0,487706.0,15.28,13165.19,3018.64,1.688,6.85,802.9,118.46,1277.800049,74.3,82.64,1620.2,93.39,-0.0007934450469662,0.0024511238844926,0.0034184655200446,0.0013313545827742,0.0030297544838839,0.0025956383153502,0.0,0.1175363887026144,-0.0926376543666211,0.0346848343120509,0.0,0.9515810843319327
516,2012-08-10,1405.87,0.0021860889478819,20.835133689524294,1.49,276529.0,185291.0,461820.0,14.74,13207.95,3020.86,1.649,6.89,801.55,118.33,1278.400024,74.3,82.55,1622.8,92.94,0.0032426959754303,0.0007351602284906,-0.0016828200549561,0.0004694272700751,-0.0010896544452458,0.0016034539359015,-0.0048301494647944,-0.1064455272450803,0.0283153705620033,-0.0545375605111182,0.0,0.9504788684181834
517,2012-08-13,1404.11,-0.0012526781188118,21.781065564492152,2.16,469853.0,217469.0,687322.0,13.7,13169.43,3022.52,1.654,6.88,799.49,118.38,1276.300049,74.3,82.44,1612.6,92.76,-0.0029206863898245,0.0005493614638663,-0.0025733287572826,-0.0016440094046048,-0.001333414343879,-0.0063052690813707,-0.0019386112695007,0.5301041819032637,0.1601287494098322,0.3976276821527911,0.0,0.8452679737406381
518,2012-08-14,1403.93,-0.0001282033021228,22.62708909764445,1.77,377466.0,213092.0,590558.0,14.85,13172.14,3016.98,1.726,6.88,796.88,118.38,1277.5,74.3,82.48,1602.4,93.4,0.000205758427425,-0.0018345894705991,-0.0032699215414897,0.0009397376969877,0.0004850836864465,-0.0063452778993129,0.0068758328474656,-0.2189393814174778,-0.0203323142955671,-0.1517350342672117,0.0,0.8448480497085058
519,2012-08-15,1405.53,0.0011390090430039,23.478726648941574,1.18,322606.0,273767.0,596373.0,14.63,13164.78,3030.93,1.805,6.9,804.26,117.98,1276.800049,74.3,82.64,1606.6,94.35,-0.0005589112311987,0.0046131720675628,0.0092184971495941,-0.0005480570051226,0.0019379851026783,0.0026176393881032,0.0101199265797617,-0.1570487340054889,0.2505533823198238,0.0097984575761529,0.0,0.846849785880083
520,2012-08-16,1415.51,0.0070754343324948,24.74776163333368,1.08,671032.0,619681.0,1290713.0,14.29,13250.11,3062.39,1.836,6.93,813.08,117.77,1287.599976,74.3,82.36,1619.2,95.66,0.0064607724519945,0.0103261537376599,0.0109069057042567,0.0084230157125873,-0.0033939426517939,0.007812055353435,0.013788966437592,0.7323850614472338,0.8169274498420851,0.7720837476083293,0.0,0.7973904518445646
521,2012-08-17,1418.16,0.0018703665370596,25.74766755418774,1.56,349465.0,223340.0,572805.0,13.45,13275.2,3076.59,1.816,6.91,819.89,117.74,1290.199951,74.3,82.6,1619.4,96.0,0.0018917786433192,0.004626183934528,0.0083406792276488,0.0020172053342086,0.0029097983673436,0.0001235101588674,0.0035479532156852,-0.6524134122517555,-1.020509555483617,-0.8124047131857264,0.0,0.7956992015578833
522,2012-08-20,1418.13,-2.1154395354550104e-05,26.463772582693817,2.41,493085.0,204565.0,697650.0,14.02,13271.64,3076.21,1.814,6.88,816.51,117.87,1289.800049,74.3,82.46,1623.0,96.03,-0.0002682051815838,-0.0001235209987271,-0.0041310251854609,-0.0003100015528705,-0.001696353248179,0.0022205782625768,0.0003124511820455,0.3442781593765467,-0.0878095006271362,0.1971721996795992,0.0,0.7805088638108238
523,2012-08-21,1413.17,-0.0035036944682849,26.275408668331387,1.26,393310.0,311473.0,704783.0,15.02,13203.58,3067.26,1.805,6.84,815.36,118.12,1293.400024,74.3,81.91,1642.9,96.55,-0.0051414228041206,-0.0029136648609693,-0.0014094262292596,0.0027872230015741,-0.0066922437512433,0.0121866843977,0.0054003662246415,-0.2260834679761618,0.4204268837127216,0.0101724096750341,0.0,0.780331342076948
524,2012-08-22,1413.49,0.0002264156293056,25.87003562012724,2.03,387703.0,191364.0,579067.0,15.11,13172.76,3073.67,1.719,6.82,812.56,118.79,1287.800049,74.3,81.49,1640.5,96.89,-0.0023369439449485,0.0020876324361331,-0.0034399758724434,-0.0043390544147676,-0.005140770195382,-0.0014618995111348,0.0035153055223897,-0.0143585224094273,-0.4871352835493958,-0.1964717663818991,0.0,0.7915022649938761
525,2012-08-23,1402.08,-0.0081049751636541,24.42754196465348,1.63,414956.0,255242.0,670198.0,15.96,13057.46,3053.4,1.666,6.79,806.0,119.08,1285.300049,74.3,81.36,1672.8,95.87,-0.008791443047146,-0.0066165635286772,-0.0081060151246177,-0.0019431819139885,-0.0015965615918238,0.0194977957132671,-0.0105832073080076,0.0679329079247068,0.2880347411780306,0.1461550034835816,0.0,0.7466000897800973
526,2012-08-24,1411.13,0.006433953540105,24.26433260764986,1.56,305392.0,195752.0,501144.0,15.18,13157.97,3069.79,1.678,6.8,809.19,119.17,1285.800049,74.3,81.59,1672.9,95.78,0.0076680407293618,0.0053534315099526,0.0039500048262732,0.0003889385766759,0.0028229537004049,5.977822281177936e-05,-0.0009392121744422,-0.3065762932258238,-0.2653635627994823,-0.2906797061790627,0.0,0.7442620642379306
527,2012-08-27,1410.44,-0.00048908941742,23.784331510479543,1.86,220979.0,118963.0,339942.0,16.35,13124.67,3073.19,1.649,6.77,810.4,119.22,1286.599976,74.3,81.66,1675.6,95.54,-0.002533993374989,0.0011069547181268,0.0014942056015723,0.0006219305069272,0.0008575804507202,0.0016126627356447,-0.002508886952647,-0.3235285229091538,-0.4980360315376053,-0.3881184701127846,0.0,0.7364540735893098
528,2012-08-28,1409.3,-0.0008085852327601,23.575033950032893,1.78,241203.0,135872.0,377075.0,16.49,13102.99,3077.14,1.63,6.77,814.28,119.33,1284.300049,74.3,81.37,1669.7,96.3,-0.0016532168663037,0.0012844840986065,0.0047763342643722,-0.0017892003509949,-0.003557631182864,-0.0035273405179685,0.0079233108422638,0.0875712282082439,0.1329007456860136,0.1036690918312306,0.0,0.7289394796639915
529,2012-08-29,1410.49,0.0008440345349445,23.60872043488968,1.74,216243.0,124121.0,340364.0,17.06,13107.48,3081.19,1.654,6.74,817.84,119.39,1283.199951,74.3,81.55,1663.0,95.5,0.0003426111812512,0.0013152918352457,0.0043624312499126,-0.0008569410456251,0.0022096743584576,-0.0040207693619835,-0.0083420713173953,-0.1092361272407522,-0.0904563698137632,-0.1024284734797067,0.0,0.7451768175194463
530,2012-08-30,1399.48,-0.0078364226971654,23.4727820956188,1.51,367403.0,243725.0,611128.0,17.83,13000.71,3048.71,1.62,6.73,808.64,119.43,1272.0,74.3,81.69,1657.1,94.61,-0.0081790882646188,-0.010597335671914,-0.0113128942489293,-0.0087664550263957,0.0017152662867543,-0.0035541135571799,-0.0093630687703312,0.5300565628890208,0.6747836442483077,0.5852907966914938,0.0,0.7215145287637401
531,2012-08-31,1406.58,0.0050604870542372,22.915811647120847,1.66,339992.0,204530.0,544522.0,17.47,13090.84,3066.96,1.562,6.82,812.09,119.56,1279.199951,74.3,81.21,1687.6,96.47,0.0069087776311391,0.005968292655698,0.0042573472582576,0.0056443793144849,-0.0058932030594585,0.0182383146144351,0.0194689004661086,-0.0775372503132736,-0.1753258765252603,-0.1153980842689055,0.0,0.6995950096103173
532,2012-09-05,1403.44,-0.0010682316087136,18.56732022513838,2.06,302617.0,146658.0,449275.0,17.74,13047.48,3069.27,1.594,6.77,821.23,119.55,1273.199951,78.3,81.23,1694.0,95.37,-0.0033177373123702,0.0007529053210593,0.0111920449239475,-0.004701466292321,0.0002462447685438,0.0037851949618161,-0.0114680155916406,-0.1164541083701102,-0.3326113184009056,-0.192273173179112,0.0524366512730445,0.7541378288401932
533,2012-09-06,1432.12,0.0202294982714121,15.841528879478576,1.21,494363.0,407435.0,901798.0,15.6,13292.0,3135.81,1.673,6.72,837.95,119.79,1297.599976,78.3,81.04,1705.6,95.58,0.0185673388187925,0.0214477656105369,0.0201552164488481,0.0189830079432322,-0.0023417771224352,0.006824358759526,0.0021995295591912,0.4908020856037502,1.0217780651663482,0.6967553757797909,0.0,0.753153958181691
534,2012-09-07,1437.92,0.0040417610177216,15.265316047201171,1.64,576154.0,350839.0,926993.0,14.38,13306.64,3136.42,1.661,6.64,842.27,120.31,1312.099976,78.3,80.25,1740.5,96.41,0.001100808272783,0.0001945081739425,0.0051421950925201,0.0111125029549175,-0.0097960979303026,0.0202554732799686,0.0086463375262768,0.1531049209171282,-0.1495539819785314,0.0275554660989083,0.0,0.719784227150306
535,2012-09-10,1429.08,-0.0061667443421589,15.573992928759832,1.98,423603.0,214323.0,637926.0,16.28,13254.29,3104.02,1.683,6.6,839.37,120.55,1306.300049,78.3,80.36,1731.8,96.52,-0.0039418851513488,-0.0103839764927755,-0.0034490174767478,-0.004430137817339,0.0013697779366088,-0.0050110982377935,0.001140310080542,-0.3075782902172435,-0.492843205878243,-0.3737237251398753,0.0,0.6414509217039563
536,2012-09-11,1433.56,0.0031299804777846,15.95236021517506,1.8,484639.0,269520.0,754159.0,16.41,13323.36,3104.53,1.695,6.56,841.91,120.71,1311.699951,78.3,79.86,1734.9,97.03,0.0051976119404635,0.0001642895687865,0.003021509721659,0.0041252174619543,-0.0062414383116582,0.0017884448185814,0.0052699682803769,0.1346075880343953,0.2291583761995532,0.1673809319515342,0.0,0.640918871858199
537,2012-09-12,1436.56,0.0020905056879527,15.993838486683831,1.2,370272.0,308221.0,678493.0,15.8,13333.35,3114.31,1.765,6.47,845.12,120.77,1316.699951,78.3,79.74,1733.7,97.02,0.0007495298908004,0.0031452837064911,0.003805508940454,0.0038046006830532,-0.0015037596818663,-0.0006919218404402,-0.000103066220138,-0.2691664131956148,0.134174459039464,-0.1057290587621988,0.0,0.6882358587598675
538,2012-09-13,1459.99,0.0161782196302144,17.327206498894796,0.96,588093.0,610823.0,1198916.0,14.05,13539.86,3155.83,1.756,6.43,856.12,120.5,1329.5,78.3,79.26,1772.1,98.3,0.0153695122515067,0.013243917005635,0.0129319241235945,0.0096743625350246,-0.0060377541909204,0.0219074309894571,0.0131068843360502,0.4626472279635152,0.6839901700314908,0.569298931845081,0.0,0.6827106965181632
539,2012-09-14,1465.77,0.0039511152790705,17.786151273512598,0.99,616264.0,625390.0,1241654.0,14.51,13593.37,3183.95,1.87,6.31,864.7,120.74,1347.599976,78.3,78.85,1772.7,98.94,0.0039442461786958,0.0088710284611508,0.0099720727340217,0.013522283039884,-0.0051862743532415,0.0003385240384394,0.006489578646442,0.0467903444941448,0.0235682269601014,0.0350265465599086,0.0,0.666481085590023
540,2012-09-17,1461.19,-0.003129529435335,19.120799774612014,1.33,355627.0,266972.0,622599.0,14.59,13553.1,3178.67,1.838,6.32,858.9,120.57,1342.300049,78.3,79.01,1770.6,96.51,-0.0029668704283913,-0.001659694029195,-0.0067301251942053,-0.0039406177248615,0.0020271133255951,-0.0011853358427895,-0.024866975880518,-0.5497930143852248,-0.8512316711420898,-0.6902969889126993,0.0,0.5891936130117263
541,2012-09-18,1459.32,-0.0012805984266837,20.105479049599516,1.38,441965.0,321351.0,763316.0,14.18,13564.64,3177.8,1.812,6.3,856.93,120.69,1337.199951,78.3,79.25,1771.2,95.25,0.0008511034250346,-0.0002737368399223,-0.0022962657904619,-0.0038067580958873,0.003032986022748,0.000338810777424,-0.0131416159122341,0.2173482646556355,0.1853901996969806,0.2037694483602425,0.0,0.5890864971263636
542,2012-09-19,1461.05,0.001184781519032,21.19699762946442,1.42,568212.0,399070.0,967282.0,13.88,13577.96,3182.62,1.782,6.3,856.08,120.81,1341.5,78.3,79.06,1771.7,91.97,0.0009814830612597,0.0015156234722457,-0.0009924052629708,0.0032105519634688,-0.0024003548888504,0.0002822546520189,-0.035042577092204,0.251263895099262,0.2166028564145588,0.2368179763187026,0.0,0.5864397578738149
543,2012-09-20,1460.26,-0.0005408532605288,22.032860568372417,1.22,553308.0,454120.0,1007428.0,14.07,13596.93,3175.96,1.777,6.34,851.51,120.7307,1334.5,78.3,79.41,1770.2,92.14,0.0013961420326911,-0.0020948080972367,-0.0053525857037532,-0.0052317010211,0.0044172470385799,-0.0008470030716152,0.0018467225931644,-0.0265797800193912,0.1292246401975294,0.0406657507298326,0.0,0.5868921990817217
544,2012-09-21,1460.15,-7.533188836639226e-05,22.68203285346248,1.53,499524.0,327070.0,826594.0,13.98,13579.47,3179.96,1.76,6.36,855.51,120.98,1338.099976,78.3,79.33,1778.0,92.64,-0.0012849385792303,0.0012586692494824,0.0046865383196577,0.0026939895304849,-0.0010079375932079,0.0043966025390735,0.0054118543169145,-0.1022591635194825,-0.3281872650299213,-0.1978421838459159,0.0,0.5903527586377034
545,2012-09-24,1456.89,-0.0022351434037313,23.099975620677156,2.11,357006.0,168997.0,526003.0,14.15,13558.92,3160.78,1.718,6.42,851.76,120.66,1331.800049,78.3,79.52,1764.6,91.68,-0.0015144600639729,-0.0060497855136194,-0.0043929853283,-0.0047192319062308,0.0023921950344067,-0.0075651012858459,-0.0104167608582557,-0.335903056621289,-0.6602932519801872,-0.4520067272578973,0.0,0.6278812666979661
546,2012-09-25,1441.59,-0.0105573556542584,22.843028829156143,1.65,344159.0,209212.0,553371.0,15.43,13457.55,3117.73,1.682,6.46,839.12,120.63,1327.300049,78.3,79.55,1766.4,91.07,-0.0075043464762316,-0.0137136596673865,-0.0149510733530018,-0.003384606919627,0.0003771924354767,0.0010195412947719,-0.0066758113867022,-0.0366488284711898,0.2134671286361165,0.0507217465113232,0.0,0.6383243843355949
547,2012-09-26,1433.32,-0.0057532394483592,22.39920791903127,1.71,405307.0,237399.0,642706.0,16.81,13413.51,3093.7,1.618,6.66,833.93,120.66,1309.400024,78.3,79.89,1753.6,89.92,-0.0032778788356147,-0.0077373873275146,-0.0062042576708778,-0.0135778052132087,0.0042649337101554,-0.00727275932908,-0.0127080554343468,0.1635410447523781,0.126394177944439,0.1496587252942145,0.0,0.6585561596998206
548,2012-09-27,1447.15,0.0096026733646947,22.181909331860385,1.78,438713.0,245904.0,684617.0,14.84,13485.97,3136.6,1.64,6.6,843.54,120.85,1320.199951,78.3,79.55,1780.5,91.89,0.0053874777699824,0.0137716251300865,0.0114578563374001,0.008214167803084,-0.0042649337101554,0.0152234059641367,0.0216718233674129,0.0792006360974433,0.0351989459981769,0.0631721698574363,0.0,0.6661815266931879
549,2012-09-28,1440.67,-0.0044878218697084,22.07456000779857,2.21,433680.0,195875.0,629555.0,15.73,13437.13,3116.23,1.637,6.58,837.45,121.26,1311.5,78.3,79.94,1773.9,92.18,-0.0036281151557062,-0.0065154728534686,-0.0072457618953913,-0.006611682832152,0.0048905984993821,-0.0037137112229386,0.003150977779569,-0.0115385057876462,-0.2274645151887711,-0.0838463372093798,0.0,0.6566593069406491
550,2012-10-01,1444.49,0.0026480349319832,22.059700149533217,1.67,335502.0,201193.0,536695.0,16.32,13515.11,3113.53,1.625,6.58,840.31,120.98,1318.800049,82.6,79.82,1783.3,92.44,0.0057865481749193,-0.0008668071222821,0.0034093109506043,0.0055507490456356,-0.0015022536625899,0.0052850679635731,0.0028165981138172,-0.2566790173062525,0.0267879456916837,-0.1595832576492473,0.0534620775301748,0.6562956921648153
551,2012-10-02,1445.75,0.0008718999666621,22.031820668108068,2.17,287641.0,132660.0,420301.0,15.71,13482.36,3120.04,1.615,6.58,840.51,121.33,1319.5,82.6,79.74,1775.6,91.88,-0.0024261544555468,0.0020886915095932,0.0002379790827617,0.0005306075908144,-0.0010027576673783,-0.0043271864985872,-0.0060764075852821,-0.1539147428496488,-0.4164751822704584,-0.2444588416866917,0.0,0.6583567122545629
552,2012-10-03,1450.99,0.0036178640233517,21.937144610814745,1.99,316797.0,159301.0,476098.0,15.43,13494.61,3135.23,1.623,6.55,838.78,121.58,1318.900024,82.6,79.97,1779.8,88.19,0.0009081821154843,0.004856714373016,-0.0020603953004192,-0.0004548029145574,0.0028802223905888,0.0023626044628812,-0.0409897999208084,0.0965480154022824,0.1830060302627938,0.1246525941323426,0.0,0.6632344142064863
553,2012-10-04,1461.4,0.0071487982954376,22.11267842492305,1.55,426880.0,275730.0,702610.0,14.55,13575.36,3149.46,1.665,6.51,844.65,121.59,1329.0,82.6,79.35,1796.5,91.69,0.0059660383454591,0.004528472945509,0.0069738852113108,0.0076287056844241,-0.00778311737138,0.0093393291308121,0.0389197441617197,0.2982417530887407,0.5486266316779229,0.3891782571863604,0.0,0.663570240580728
554,2012-10-05,1460.93,-0.0003216611430278,21.61338821188385,1.74,502377.0,289417.0,791794.0,14.33,13610.15,3136.19,1.732,6.49,842.86,121.63,1334.599976,82.6,79.34,1780.8,89.87,0.0025594531051176,-0.0042223221830024,-0.0021214697054769,0.0042048237733443,-0.0001260318862339,-0.0087776260322929,-0.020049140391527,0.1628478905640591,0.0484464286592931,0.119499284392333,0.0,0.6466526885089899
555,2012-10-08,1455.88,-0.0034626904363914,21.24572643972448,1.82,216152.0,118837.0,334989.0,15.11,13583.65,3112.35,1.746,6.48,838.41,121.28,1326.400024,82.6,79.54,1775.7,89.43,-0.0019489742800455,-0.0076306195291202,-0.0052936296866983,-0.0061630800114702,0.0025176246933602,-0.0028679901564911,-0.004907985312192,-0.8433689699467504,-0.8901157484472293,-0.8602035615071273,0.0,0.6699559507886336
556,2012-10-09,1441.48,-0.0099401652318427,20.53278685637992,2.04,322534.0,158308.0,480842.0,16.37,13473.53,3065.02,1.72,6.49,827.92,121.17,1313.5,82.6,79.95,1765.0,92.42,-0.0081398436953321,-0.0153239732060654,-0.0125907096166439,-0.0097731933495248,0.0051413995004185,-0.0060440209973924,0.0328872090840306,0.4002266931309357,0.2867896963149743,0.3614410383500779,0.0,0.6815153899859566
557,2012-10-10,1432.56,-0.0062073100173511,19.7422086478797,1.74,426158.0,244662.0,670820.0,16.29,13344.97,3051.78,1.691,6.52,826.75,121.19,1305.099976,82.6,79.92,1765.1,91.24,-0.0095874851141353,-0.0043290677077472,-0.001414179498016,-0.0064156823415082,-0.0003753049396646,5.665561883638759e-05,-0.012850008025933,0.2786016124892576,0.4353351636298548,0.3329621108355436,0.0,0.6810763048820941
558,2012-10-11,1432.84,0.000195435192916,18.95049268452045,1.84,395525.0,214731.0,610256.0,15.59,13326.39,3049.41,1.675,6.48,829.78,121.86,1308.800049,82.6,79.78,1770.6,92.19,-0.0013932550125339,-0.0007768976606872,0.0036582535531035,0.0028310765032708,-0.0017532878630373,0.0031111261907152,0.0103582673943156,-0.0745961731895796,-0.1304915842156937,-0.0946223033898991,0.0,0.6841023984029755
559,2012-10-12,1428.59,-0.0029705448850503,17.383392867439703,2.05,517186.0,252669.0,769855.0,16.14,13328.85,3044.11,1.663,6.47,823.09,122.54,1306.0,82.6,79.67,1759.7,91.83,0.0001845790926644,-0.0017395532751205,-0.0080950547022879,-0.002141693450981,-0.0013797430849864,-0.0061751322192327,-0.0039126231850721,0.2681885813640345,0.1626942497807899,0.2323236441657599,0.0,0.6794726517972481
560,2012-10-15,1440.13,0.0080454434366608,15.990844682995798,1.55,318494.0,205627.0,524121.0,15.27,13424.23,3064.18,1.663,6.39,828.28,122.86,1312.800049,82.6,79.74,1737.6,91.84,0.0071304241692065,0.0065714208803022,0.0062857107591067,0.005193267264306,0.0008782385609347,-0.0126384892180997,0.0001088909458255,-0.4847989411689397,-0.2060164838440119,-0.3844796117319724,0.0,0.6966813607338995
561,2012-10-16,1454.92,0.0102175290030821,14.294644640557344,1.04,343439.0,331268.0,674707.0,15.22,13551.78,3101.17,1.72,6.35,835.44,123.15,1329.400024,82.6,79.41,1746.3,92.07,0.0094566209413695,0.0119994627520547,0.0086072706994686,0.0125654325600557,-0.0041470370460894,0.0049944132061829,0.0025012247284976,0.0754058756650959,0.4768638675306249,0.2525559488664601,0.0,0.695694559092034
562,2012-10-17,1460.91,0.0041086129344174,12.12717364793425,1.74,664199.0,381280.0,1045479.0,15.07,13557.0,3104.12,1.811,6.29,842.52,123.16,1339.699951,82.6,79.02,1753.0,92.04,0.0003851150855567,0.000950801726347,0.0084388686458645,0.0077179410468488,-0.0049233199238756,0.0038293419754351,-0.0003258921325892,0.6595722911755839,0.1406062979037017,0.4379519100227131,0.0,0.5979296351783039
563,2012-10-18,1457.34,-0.0024466730272578,11.890195013907515,1.41,621782.0,442255.0,1064037.0,15.03,13548.94,3072.87,1.826,6.27,837.12,122.92,1339.599976,82.6,79.37,1744.7,92.0,-0.0005947036138618,-0.0101182830515256,-0.0064299714284326,-7.462770333344082e-05,0.0044194781195399,-0.0047459848353783,-0.0004346881181245,-0.0659922543801165,0.1483526254480516,0.0175950111493161,0.0,0.6709631878285638
564,2012-10-19,1433.19,-0.0167101271700618,12.064350090284044,2.02,635710.0,315324.0,951034.0,17.06,13343.51,3005.62,1.768,6.31,821.0,122.73,1322.300049,82.6,79.62,1724.0,90.0,-0.0152781911647199,-0.0221281088150995,-0.019444319936297,-0.0129983623848337,0.0031448544693875,-0.0119354488622178,-0.0219789067187754,0.0221529355184291,-0.3382859571614212,-0.1122756299865859,0.0,0.6611556190258254
565,2012-10-22,1433.82,0.0004394822551301,11.833256219490364,1.66,446603.0,269536.0,716139.0,16.62,13345.89,3016.96,1.798,6.3,820.52,122.55,1320.900024,82.6,79.65,1726.3,88.3,0.0001783479588386,0.0037658323846283,-0.0005848238384915,-0.0010593410201718,0.0003767187838858,0.0013332175988649,-0.0190695627203503,-0.3530724277052073,-0.1568987195041078,-0.2836755315491999,0.0,0.7097329563867859
566,2012-10-23,1413.11,-0.0145492620646683,13.226034600811444,1.03,438420.0,425618.0,864038.0,18.83,13102.53,2990.46,1.764,6.41,816.2,122.35,1300.0,82.6,79.98,1709.4,86.65,-0.0184031309465648,-0.0088224801621841,-0.005278862642231,-0.0159490761496199,0.0041345670626151,-0.0098379580905856,-0.0188630914482992,-0.0184927017728249,0.4568402682332291,0.1877424671211027,0.0,0.7096212528308049
567,2012-10-24,1408.75,-0.0030901628496859,14.904794110244096,1.51,309059.0,204322.0,513381.0,18.33,13077.34,2981.7,1.775,6.38,813.65,122.36,1298.800049,82.6,79.91,1701.6,85.39,-0.0019243798975097,-0.0029336140634033,-0.0031291248650822,-0.0009234654938055,-0.000875602032301,-0.0045734468458897,-0.0146480182421004,-0.3496451578485473,-0.7338450495629072,-0.5205984897469147,0.0,0.638070471300988
568,2012-10-25,1412.97,0.0029910856826456,15.909852109163335,1.64,347371.0,211169.0,558540.0,18.12,13103.68,2986.12,1.828,6.37,816.82,122.13,1302.800049,82.6,80.04,1713.0,85.59,0.0020121453546853,0.0014812781914308,0.0038884542422978,0.0030750330575539,0.0016255083291607,0.0066772344380918,0.0023394559740035,0.1168611758803059,0.0329615799525182,0.0843079767849879,0.0,0.6310292539464014
569,2012-10-26,1411.94,-0.0007292268041414,16.538515326139102,1.63,393371.0,241416.0,634787.0,17.81,13107.21,2987.95,1.75,6.39,813.25,121.8,1300.199951,82.6,80.07,1711.9,85.84,0.0002693536939304,0.0006126476781282,-0.0043801869954602,-0.0019977709295186,0.0003747423690096,-0.0006423545433866,0.0029166444289243,0.1243598138555679,0.1338628257443535,0.1279632731951157,0.0,0.6304697721468485
570,2012-10-31,1412.16,0.0001558018486917,17.13701259182194,1.36,317199.0,232897.0,550096.0,18.6,13096.46,2977.23,1.686,6.59,818.73,121.61,1301.5,82.6,79.92,1719.1,86.23,-0.0008204958010153,-0.0035941954946174,0.0067157938167294,0.000999384350762,-0.0018751177442437,0.0041970332667151,0.0045330466417903,-0.2152238497479057,-0.0359252907576479,-0.1431967011017914,0.0,0.6676772745306527
571,2012-11-01,1427.59,0.0108672607470508,16.998190762341842,1.84,466306.0,253801.0,720107.0,16.69,13232.62,3020.06,1.715,6.55,827.85,121.27,1313.199951,82.7,80.05,1715.5,87.05,0.0103430286089967,0.0142833607042156,0.0110776193834301,0.0089494238793843,0.0016253051024257,-0.0020963147489441,0.0094645212499644,0.3853127338137305,0.0859541996403479,0.2693070036298977,0.0012099215027125,0.6849682681635946
572,2012-11-02,1414.2,-0.0094237076580929,17.22054113244204,1.4,415171.0,297557.0,712728.0,17.59,13093.16,2982.13,1.726,6.53,814.37,120.86,1305.800049,82.7,80.59,1675.2,84.9,-0.0105950368487093,-0.0126388884440231,-0.0164171703710254,-0.005650952036583,0.006723132893696,-0.0237720221822312,-0.0250085728968958,-0.1161515874294085,0.1590553078892007,-0.0102999511259493,0.0,0.6874546215519142
573,2012-11-05,1417.26,0.0021614299275318,17.196616283640957,1.38,338350.0,245806.0,584156.0,18.42,13112.44,2999.66,1.684,6.52,819.54,121.28,1303.599976,82.7,80.75,1683.2,85.64,0.0014714414841616,0.0058611386170017,0.0063283990602602,-0.0016862677245699,0.0019833897663454,0.0047641824271176,0.0086783704041799,-0.2046096208766901,-0.1910631963485318,-0.1989317905089009,0.0,0.7060138337215769
574,2012-11-06,1428.39,0.007822505758015,16.742683661961017,1.44,373618.0,258576.0,632194.0,17.58,13245.68,3011.93,1.742,6.49,825.81,121.4799,1311.900024,82.7,80.61,1715.0,88.62,0.0101100636090407,0.0040821203836713,0.0076215156054209,0.00634683682821,-0.0017352508072558,0.0187163370566496,0.0342051020498619,0.0991530223873606,0.0506470476827711,0.0790282386241454,0.0,0.8214082421352739
575,2012-11-07,1394.53,-0.0239904949324181,17.976158939759774,1.22,632780.0,520237.0,1153017.0,19.08,12932.73,2937.29,1.632,6.55,804.52,121.45,1288.5,82.7,80.76,1714.0,84.5,-0.0239101541460637,-0.0250936817426508,-0.0261188965632559,-0.0179977352886417,0.0018590821491271,-0.0005832604423146,-0.0476060314082156,0.5268889253258031,0.699094822368707,0.6009409552371014,0.0,0.8284561508690337
576,2012-11-08,1377.51,-0.0122799193944187,20.718383255222523,1.52,652297.0,427835.0,1080132.0,18.49,12811.32,2895.58,1.632,6.55,793.65,121.64,1277.0,82.7,80.79,1726.0,85.07,-0.0094321522920512,-0.0143019511714506,-0.0136032682667694,-0.0089651740598801,0.00037140204698,0.0069767724856477,0.0067229126246646,0.0303771692892365,-0.1955468697415234,-0.0652987294341116,0.0,0.8264054826841009
577,2012-11-09,1379.85,0.0016972760624254,22.83638929121083,2.15,811006.0,377073.0,1188079.0,18.61,12815.39,2904.87,1.613,6.65,795.02,121.6,1276.0,82.7,81.03,1730.9,86.08,0.0003176373427749,0.0032032024906136,0.0017247135523481,-0.0007833921278042,0.002966260981017,0.0028349117889803,0.0118026494256815,0.2177754726811471,-0.1262988045778392,0.0952544611562142,0.0,0.8010683688895175
578,2012-11-12,1380.03,0.000130440454118,24.404308965623983,1.69,459528.0,272427.0,731955.0,16.68,12815.08,2904.26,1.611,6.65,793.76,121.59,1274.099976,82.7,81.03,1730.9,85.56,-2.4189958281795043e-05,-0.0002100142369831,-0.0015861230178595,-0.001490156754226,0.0,0.0,-0.0060592121992693,-0.5680755766227694,-0.3250681143495004,-0.4843739593663887,0.0,0.8004982246086185
579,2012-11-13,1374.53,-0.003993383559691,26.186834201845475,1.28,435452.0,340352.0,775804.0,16.65,12756.18,2883.89,1.589,6.68,789.01,121.47,1271.400024,82.7,81.08,1724.8,85.38,-0.0046067424260662,-0.0070385474101506,-0.0060021535159533,-0.002121353771372,0.0006168651111648,-0.0035304027176756,-0.0021060028843891,-0.0538153036609898,0.2226096878743693,0.0581808742988219,0.0,0.8270101466616587
580,2012-11-14,1355.49,-0.0139488419257256,28.94716289272509,1.95,870293.0,446092.0,1316385.0,17.92,12570.95,2846.81,1.589,6.7,773.2,121.44,1256.699951,82.7,81.06,1730.1,86.32,-0.0146272635383724,-0.0129410080722767,-0.0202412477026099,-0.0116294757490473,-0.0002467003836361,0.0030681085747987,0.0109494396200631,0.6924453644816051,0.2705448325940818,0.5287447113308037,0.0,0.825193748338072
581,2012-11-15,1353.33,-0.0015947906895288,31.29808773854584,1.86,956608.0,513844.0,1470452.0,17.99,12542.38,2836.94,1.589,6.8,769.48,121.07,1253.599976,82.7,81.08,1713.8,85.45,-0.0022752866565625,-0.0034730626509356,-0.004822785296195,-0.002469805733142,0.0002467003836361,-0.0094660830544581,-0.0101299113882786,0.094563757603721,0.1413945086690216,0.1106804932113618,0.0,0.828427154996976
582,2012-11-16,1359.88,0.0048282386725695,32.602666326651615,1.64,718021.0,438352.0,1156373.0,16.41,12588.31,2853.13,1.574,6.82,776.28,120.75,1253.300049,82.7,81.26,1714.7,86.62,0.0036552956675635,0.0056906307621584,0.0087983178059136,-0.0002392811826874,0.0022175689757819,0.0005250109497874,0.0135993262248801,-0.2868948776319726,-0.1588974768552571,-0.2402814539555375,0.0,0.9062722181889221
583,2012-11-19,1386.89,0.0196673697680918,31.949661808115973,1.26,362980.0,287348.0,650328.0,15.24,12795.96,2916.07,1.611,6.72,793.06,121.15,1279.800049,82.7,80.87,1734.4,89.05,0.0163608905780527,0.0218201820811891,0.0213856009716009,0.020923742278331,-0.0048109634518498,0.0114233940605217,0.0276672739491905,-0.6821510802031217,-0.422328215811941,-0.5755668105484659,0.0,0.9069680816870476
584,2012-11-20,1387.81,0.0006631347776071,31.07848085012939,1.99,378477.0,189752.0,568229.0,15.08,12788.51,2916.68,1.656,6.69,793.81,121.53,1281.800049,82.7,80.96,1723.6,86.46,-0.0005823845645878,0.0002091637742829,0.0009452570857657,0.0015615243050266,0.0011122784314245,-0.0062464055036448,-0.0295161304961855,0.0418075685206105,-0.4149760683717609,-0.134952344514323,0.0,0.9091742244409743
585,2012-11-21,1391.03,0.0023175148199863,30.18246663324293,2.17,416851.0,192212.0,609063.0,15.31,12836.89,2926.55,1.687,6.64,798.38,121.38,1285.599976,82.7,80.93,1728.2,87.08,0.003775945544854,0.0033782717390753,0.0057405366820333,0.0029601384573583,-0.0003706220315446,0.0026652776656161,0.0071453571268609,0.0965735389493449,0.0128809731461458,0.0693972041509081,0.0,0.9222900185020998
586,2012-11-26,1406.29,-0.0020316547209313,29.261232406580223,1.18,303458.0,257022.0,560480.0,15.5,12967.37,2976.78,1.664,6.59,809.02,121.6797,1303.400024,82.7,80.25,1749.6,87.28,0.0101131450447269,0.0170179245450681,0.0132389640484795,0.013750736556684,-0.0084378214974858,0.0123067859552588,0.0022941051584686,-0.3174856283772858,0.2905627547935321,-0.0831281511861767,0.0,0.9205119320831389
587,2012-11-27,1398.94,-0.0052402240238489,28.927456672478478,2.08,340538.0,163992.0,504530.0,15.92,12878.13,2967.79,1.645,6.54,807.74,121.84,1299.400024,82.7,80.4,1742.3,86.81,-0.0069056783302627,-0.0030246113187599,-0.0015834140718906,-0.0030736153951664,0.0018674141747956,-0.0041811109336977,-0.0053995191210987,0.1152835045291311,-0.4493440381977365,-0.1051662566068252,0.0,0.9337554989612983
588,2012-11-28,1409.93,0.0078252507809795,28.64686559047631,1.12,287358.0,255541.0,542899.0,15.51,12985.11,2991.78,1.617,6.53,813.5,122.06,1304.599976,82.7,80.34,1716.5,86.1,0.0082727925916348,0.0080509599121265,0.0071057020992091,0.0039938240490586,-0.0007465472537848,-0.014918745531113,-0.0082124109700316,-0.1697978947713547,0.4435652202906119,0.073295996107511,0.0,0.9364932462994218
589,2012-11-29,1415.95,0.0042606261459932,27.99780489955073,1.65,386965.0,234378.0,621343.0,15.06,13021.82,3012.03,1.62,6.45,823.2,122.68,1314.699951,82.7,80.2,1729.5,87.64,0.0028230955657715,0.0067457420503611,0.0118532578607473,0.0077120034661453,-0.0017441140586669,0.0075450154794767,0.0177281032935807,0.2976054244847166,-0.0864476697944418,0.1349599654464537,0.0,0.9232675367374117
590,2012-11-30,1416.18,0.0001624219230791,26.497288356128124,1.83,412814.0,225692.0,638506.0,15.87,13025.58,3010.24,1.606,6.53,821.92,122.7,1315.5,82.7,80.15,1712.7,88.54,0.0002887044408357,-0.0005944602459582,-0.0015561178008818,0.0006083560486498,-0.0006236358169067,-0.0097612767389003,0.0102169125767295,0.0646628786575256,-0.0377639587288118,0.0272478080564013,0.0,0.9032538693235979
591,2012-12-03,1409.46,-0.0047564535251138,24.278987414696545,1.73,408202.0,236086.0,644288.0,16.64,12965.6,3002.2,1.628,6.49,820.8,122.35,1314.300049,72.9,79.88,1721.1,88.69,-0.0046154200367176,-0.0026744565575107,-0.0013635923024528,-0.0009125797101825,-0.0033743705079478,0.0048925486376116,0.0016927160843662,-0.0112349783981624,0.0450249075113013,0.0090147586542403,-0.1261309630150329,0.898081037340474
592,2012-12-04,1407.05,-0.0017113382080484,21.99683631636578,1.89,404039.0,213966.0,618005.0,17.12,12951.78,2996.69,1.608,6.46,822.12,122.43,1313.900024,72.9,79.64,1695.8,88.04,-0.0010664659243992,-0.0018370070294668,0.0016068953863026,-0.0003044098561586,-0.0030090293516185,-0.0148090154060325,-0.0073558867301004,-0.0102507419673347,-0.0983790215305937,-0.0416492830671106,0.0,0.8991874143649455
593,2012-12-05,1409.28,0.0015836215685256,21.205742715969496,1.59,376166.0,235895.0,612061.0,16.46,13034.49,2973.7,1.591,6.37,820.6,122.55,1315.5,72.9,79.77,1693.8,87.36,0.0063656907511422,-0.0077013775081002,-0.0018505897947216,0.0012169895663411,0.0016310147270424,-0.0011800803824035,-0.0077537446616657,-0.0714808726316036,0.0975696668725625,-0.0096645972919517,0.0,0.8531424695352764
594,2012-12-06,1413.94,0.0033011980873052,20.411755560349068,1.81,379862.0,209897.0,589759.0,16.58,13074.04,2989.27,1.581,6.33,821.79,122.74,1318.5,72.9,80.26,1701.8,85.47,0.0030296635047619,0.005222241730264,0.0014491079563816,0.0022779053129937,0.0061238709157329,0.0047119889279585,-0.0218720748186687,0.0097774935440551,-0.1167698565630139,-0.0371179718728669,0.0,0.8552002458464667
595,2012-12-07,1418.07,0.002916658435379,20.545885053743635,1.17,413497.0,354641.0,768138.0,15.9,13155.13,2978.04,1.627,6.3,822.27,122.5,1320.699951,72.9,80.41,1705.5,85.45,0.0061832119242275,-0.003763844431579,0.0005839203114712,0.0016671351548795,0.0018671817212867,0.0021718084432427,-0.0002340276163259,0.084842230430473,0.5244890759895053,0.2642554256307772,0.0,0.8126168789652455
596,2012-12-10,1418.55,0.0003384309527412,20.7728260712516,1.53,352353.0,230621.0,582974.0,16.05,13169.88,2986.96,1.616,6.29,826.26,122.7,1322.0,72.9,80.33,1714.4,85.14,0.0011206074788621,0.0029907817766803,0.0048406856911507,0.0009838794634102,-0.0009953963743365,0.0052048423006674,-0.003634449161594,-0.1600167453001972,-0.4303303397227687,-0.2758268160623078,0.0,0.8183655254749874
597,2012-12-11,1427.84,0.0065275896744818,21.266030180857246,0.97,377884.0,389707.0,767591.0,15.57,13248.44,3022.3,1.649,6.24,834.99,122.64,1330.300049,72.9,80.06,1709.6,85.36,0.005947405555398,0.0117619831469664,0.0105102547641484,0.0062587761120251,-0.003366796621294,-0.0028037401544294,0.0025806465934916,0.0699537562177532,0.5246195042476849,0.2751144507646135,0.0,0.8169871335402492
598,2012-12-12,1428.48,0.000448129068669,21.78271625553657,1.51,416912.0,276269.0,693181.0,15.95,13245.45,3013.81,1.697,6.21,829.39,122.54,1332.599976,72.9,79.81,1717.9,86.35,-0.0002257124199349,-0.0028130718620804,-0.0067292579002513,0.0017273855948749,-0.0031275436765101,0.0048431896274614,0.01153119759919,0.0982878981376043,-0.3440201459712337,-0.1019658908594358,0.0,0.8259740805209349
599,2012-12-13,1419.45,-0.0063414692504304,21.95167088653149,1.39,397410.0,286514.0,683924.0,16.56,13170.72,2992.16,1.728,6.22,824.2,122.49,1327.300049,72.9,79.93,1696.8,85.39,-0.0056579132671021,-0.0072095244483492,-0.0062772719262698,-0.0039850625693258,0.0015024417500102,-0.0123584903819269,-0.0111798066731729,-0.0479066749892513,0.036412371833066,-0.0134443480105339,0.0,0.8297779580205497
600,2012-12-14,1413.58,-0.0041439789908634,21.51624192975076,1.63,464941.0,285062.0,750003.0,17.0,13135.01,2971.33,1.708,6.23,823.75,122.4,1325.5,72.9,79.58,1697.0,86.32,-0.0027149995028104,-0.0069858705934757,-0.0005461330880001,-0.0013570938201254,-0.0043884466391448,0.000117861983754,0.0108323230303639,0.1569420224524798,-0.0050807001113888,0.092230406184214,0.0,0.8342055426364657
601,2012-12-17,1430.36,0.0118006671909389,22.059681954393263,1.09,288637.0,265918.0,554555.0,16.34,13235.39,3010.6,1.763,6.29,835.0,122.26,1335.400024,72.9,79.57,1698.2,86.71,0.0076131181044889,0.013129730419469,0.0135646390341381,0.0074411436668313,-0.000125667609339,0.0007068803310366,0.0045078964391898,-0.4767406725663576,-0.0695187098892304,-0.301911216192714,0.0,0.8394288567426811
602,2012-12-18,1446.79,0.0114211484262654,23.41363406709484,1.09,560929.0,513834.0,1074763.0,15.57,13350.96,3054.53,1.827,6.22,847.69,122.17,1347.900024,72.9,79.36,1670.7,87.46,0.0086939898068028,0.0144863401899133,0.0150832780677596,0.0093169531537879,-0.0026426744128258,-0.0163261663015301,0.0086123285957055,0.6644244945481432,0.6587122655149784,0.6616894608098356,0.0,0.8527212381165744
603,2012-12-19,1435.81,-0.0076181593722406,23.7358770979109,1.38,788931.0,570590.0,1359521.0,17.36,13251.97,3044.36,1.8,6.2,847.89,122.43,1347.800049,72.9,79.27,1667.7,89.09,-0.0074420717473593,-0.0033350361873356,0.0002359074781814,-7.417368204087893e-05,-0.0011347161275532,-0.0017972686361993,0.0184655487477778,0.341084526751656,0.1047706571191664,0.2350322596692073,0.0,0.8467312014347331
604,2012-12-20,1443.69,0.0054731860885173,24.835799069090093,1.46,725082.0,495047.0,1220129.0,17.67,13311.72,3050.39,1.8,6.19,852.49,122.71,1352.300049,72.9,79.26,1645.9,89.76,0.0044986295779452,0.0019787528504107,0.0054105684867975,0.0033332128462184,-0.0001261590867756,-0.0131580845775109,0.0074923470418344,-0.084394112642963,-0.1420182056577577,-0.108175840966302,0.0,0.7398007613280491
605,2012-12-21,1430.15,-0.0094230021072281,24.74657016982984,2.03,714265.0,352594.0,1066859.0,17.84,13190.84,3021.01,1.754,6.24,847.92,122.86,1341.099976,72.9,79.62,1660.1,88.2,-0.0091222008927989,-0.0096782387360008,-0.0053751871645939,-0.0083167278927396,0.0045317298098828,0.0085904944500079,-0.0175324787616411,-0.0150307099668207,-0.3393354541864681,-0.1342377734770199,0.0,0.7007540076836074
606,2012-12-24,1426.66,-0.0024432858581224,24.520428567305206,1.95,223778.0,114981.0,338759.0,18.59,13139.08,3012.6,1.774,6.24,844.74,122.91,1338.300049,72.9,79.64,1659.5,88.29,-0.0039316539264131,-0.0027877192746768,-0.0037574040165084,-0.0020899664051947,0.0002511616238241,-0.0003614893400012,0.0010198879007452,-1.1605995529499626,-1.1205503560477048,-1.1471851562587003,0.0,0.7090959892861244
607,2012-12-26,1419.83,-0.0047989018809806,24.0559732563081,1.78,327177.0,183817.0,510994.0,19.48,13114.59,2990.16,1.758,6.22,838.89,122.57,1336.199951,72.9,79.62,1660.7,90.71,-0.0018656444682498,-0.0074765956099973,-0.0069492982932057,-0.0015704605957234,-0.0002511616238241,0.0007228480526784,0.0270407537133623,0.3798468198689075,0.4691738001613856,0.4110689083451326,0.0,0.7100781252358462
608,2012-12-27,1418.1,-0.0012191986513379,23.21537224563924,1.73,446604.0,258314.0,704918.0,19.47,13096.31,2985.91,1.715,6.23,837.4,122.64,1336.0,72.9,79.62,1663.7,90.91,-0.0013948397776317,-0.001422339670217,-0.001777735824243,-0.0001496527236284,0.0,0.0018048374529895,0.0022024015069135,0.3111709870672658,0.3402352016915682,0.3217236355389641,0.0,0.7381086024974128
609,2012-12-28,1402.43,-0.011111501189478,20.858523106987427,1.7,473715.0,278766.0,752481.0,22.72,12938.11,2960.31,1.711,6.24,832.1,122.75,1326.800049,72.9,79.68,1655.9,90.66,-0.0121532914661752,-0.0086105654244397,-0.0063492276786583,-0.0069100100927323,0.0007532957041709,-0.004699370017259,-0.0027537606210632,0.05893357911288,0.0761968210551984,0.0652942631440698,0.0,0.7429189577957395
610,2012-12-31,1426.19,0.0168001066524778,17.83474770623154,1.52,464831.0,305152.0,769983.0,18.02,13104.14,3019.51,1.756,6.31,849.35,122.79,1338.5,72.9,79.77,1675.8,91.83,0.0127509911418002,0.0198005739850026,0.0205187251589356,0.0087795189565484,0.0011288806466955,0.0119459955307474,0.0128227961127276,-0.0189319763730022,0.0904372928925187,0.0229926895471006,0.0,0.856228685269937
611,2013-01-02,1462.42,0.0250860448248646,16.852567047477407,1.48,680770.0,461360.0,1142130.0,14.68,13412.55,3112.26,1.839,6.19,873.42,123.16,1365.699951,73.8,79.84,1688.8,93.14,0.0232626250013385,0.0302545838171575,0.0279451887393049,0.0201174978449349,0.0008771380801704,0.0077275543549246,0.0141646959287999,0.381550611816797,0.4133686361844368,0.3942817824318023,0.0122700925918142,0.8593748223943544
612,2013-01-03,1459.37,-0.0020877620279691,17.4708278889175,1.22,508287.0,418010.0,926297.0,14.56,13391.36,3100.57,1.899,6.14,872.6,123.05,1361.300049,73.8,80.38,1674.6,92.97,-0.0015811129357192,-0.0037631848274362,-0.0009392791151157,-0.0032269202919099,0.0067407570178463,-0.0084438867637786,-0.0018268770864642,-0.2921782618050734,-0.0986732936235856,-0.2094553015505642,0.0,0.7954903823022713
613,2013-01-04,1466.47,0.0048533166109665,18.33980497264064,1.0,377206.0,378756.0,755962.0,13.83,13435.21,3101.66,1.915,6.13,879.15,122.67,1370.099976,73.8,80.5,1648.9,93.12,0.0032691498803831,0.0003514864850941,0.0074782709010392,0.0064435508286617,0.0014917954034627,-0.0154659318634093,0.0016121235153612,-0.2982547913646307,-0.0986131574013118,-0.2032038071972053,0.0,0.8004951069201733
614,2013-01-07,1461.89,-0.0031280332571483,18.67833178200365,1.45,464899.0,320674.0,785573.0,13.79,13384.29,3098.81,1.903,6.1,875.8,122.74,1368.300049,73.8,80.26,1646.3,93.2,-0.0037972416476659,-0.0009192852157031,-0.0038177772232499,-0.0013145831454695,-0.0029858195857466,-0.0015780532529463,0.0008587377084179,0.2090287203804131,-0.1664671675232867,0.038422277448241,0.0,0.8055925419966721
615,2013-01-08,1457.15,-0.0032476459151951,19.312102928938128,2.08,443647.0,213792.0,657439.0,13.62,13328.85,3091.81,1.871,6.07,874.7,122.1854,1362.300049,73.8,80.34,1662.2,93.21,-0.0041507722115436,-0.0022614868893118,-0.0012567839414892,-0.0043946454560268,0.0009962640923646,0.0096116804649497,0.0001072903815195,-0.0467909765227592,-0.405421451015906,-0.1780614037316112,0.0,0.7862439336916774
616,2013-01-09,1461.02,0.0026523487451193,19.896079036637687,1.33,443695.0,333733.0,777428.0,13.81,13390.51,3105.81,1.852,6.03,879.51,122.08,1367.099976,73.8,80.56,1655.5,93.08,0.0046153882020938,0.0045178709933839,0.0054839637838108,0.0035172066419395,0.0027346194791713,-0.0040389481316251,-0.0013956736389744,0.0001081882747513,0.4453376923445056,0.1676390511811263,0.0,0.7843777199895143
617,2013-01-10,1472.12,0.0075687167942977,20.61972515335555,1.19,426809.0,357414.0,784223.0,13.49,13471.22,3121.76,1.894,6.0,881.24,122.05,1379.099976,73.8,79.74,1678.0,93.81,0.0060093108583778,0.0051223944093408,0.0019650723347446,0.0087394046951008,-0.0102309064570977,0.0134995300398506,0.0078121217037683,-0.0388007830804735,0.0685535016668659,0.0087023834171588,0.0,0.7763265156063099
618,2013-01-11,1472.05,-4.755160198843811e-05,21.535823939571564,1.36,409969.0,301329.0,711298.0,13.36,13488.43,3125.63,1.875,5.98,880.77,121.44,1381.900024,73.8,79.56,1660.6,93.6,0.0012767229795436,0.0012389175303653,-0.0005334816614519,0.0020282860991942,-0.0022598879674378,-0.0104236251992206,-0.0022410766543128,-0.0402550592818364,-0.1706920826647469,-0.0976019486984896,0.0,0.7756585889314638
619,2013-01-14,1470.68,-0.0009311082559246,22.34370214948076,1.56,403092.0,258555.0,661647.0,13.52,13507.32,3117.5,1.857,5.95,880.1,121.62,1380.199951,73.8,79.49,1669.4,94.27,0.0013994797761185,-0.0026044642977627,-0.0007609875031464,-0.0012310004924325,-0.0008802264007501,0.0052852975887054,0.0071326219245122,-0.0169167233495226,-0.1530942538152278,-0.0723592888928568,0.0,0.7753731530116358
620,2013-01-15,1472.34,0.0011280930309967,23.067694073804244,1.8,444905.0,246769.0,691674.0,13.55,13534.89,3110.78,1.831,5.98,884.6,122.1,1381.400024,73.8,79.78,1683.9,93.26,0.0020390352380399,-0.0021578999684201,0.0051000280544597,0.0008691143441517,0.0036416188922396,0.0086482511996273,-0.010771714027884,0.0986959524952322,-0.0466557609121274,0.0443825652605909,0.0,0.7672367759955535
621,2013-01-16,1472.63,0.000196945979713,23.37582204339437,1.85,612065.0,330892.0,942957.0,13.42,13511.23,3117.54,1.824,5.97,882.31,121.99,1378.900024,73.8,79.8,1683.2,94.28,-0.0017496044560552,0.002170730680012,-0.0025920972570219,-0.0018113977756772,0.0002506579785022,-0.000415788072873,0.0108777866877556,0.3189777097934581,0.2933393617846089,0.3099059360920186,0.0,0.7684032205187604
622,2013-01-17,1480.94,0.0056271034223067,23.802526321965622,1.02,621876.0,607476.0,1229352.0,13.57,13596.02,3136.0,1.875,5.93,890.36,121.8,1386.099976,73.8,79.65,1690.8,95.49,0.0062559113544384,0.0059038732045166,0.0090824071452049,0.0052079336516657,-0.0018814680997056,0.0045050461492444,0.0127524518941806,0.0159022299289048,0.6075206301145286,0.26522179783273,0.0,0.7689969622332654
623,2013-01-18,1485.98,0.0033974659565911,24.359983287034947,1.51,464799.0,307397.0,772196.0,12.46,13649.7,3134.71,1.843,5.92,892.8,122.2,1388.099976,73.8,80.04,1687.0,95.61,0.0039404405137943,-0.0004114366692764,0.0027367163046374,0.0014418573867036,0.0048844733594748,-0.0022499861466664,0.0012558871352439,-0.2911356618793732,-0.6811725964759088,-0.4650040764633321,0.0,0.7722801669369206
624,2013-01-23,1494.81,0.0015063419833829,26.14287807454317,1.49,412315.0,276399.0,688714.0,12.46,13779.33,3153.67,1.833,5.87,896.7,122.05,1393.099976,73.8,79.92,1686.7,95.06,0.0094520998458627,0.0060301882054751,0.0043587663309549,0.0035955741931701,-0.001500375375234,-0.000177846281999,-0.0057691459114916,-0.1198174337455508,-0.1062945978436022,-0.1144123133130072,0.0,0.7727639987640668
625,2013-01-24,1494.82,6.689791044678373e-06,26.779231206672144,1.3,637160.0,489743.0,1126903.0,12.69,13825.33,3130.38,1.844,5.85,900.19,122.08,1395.800049,73.8,79.95,1669.9,95.35,0.0033327737112713,-0.0074124510905821,0.0038844941966056,0.0019363002039529,0.0003753049396646,-0.0100102128855823,0.0030460608605649,0.4352331810995959,0.572035289773904,0.4924023506267847,0.0,0.775084244981884
626,2013-01-25,1502.96,0.0054306987208718,27.970959161855188,1.29,436076.0,337388.0,773464.0,12.89,13895.98,3149.71,1.947,5.84,905.24,121.56,1405.5,73.8,79.75,1656.6,95.15,0.0050971727500659,0.0061559821735954,0.0055942497579382,0.0069253486582203,-0.0025046976150093,-0.0079964352142232,-0.0020997383042695,-0.3792042613413571,-0.3726471603301444,-0.3763493138888947,0.0,0.773093160310879
627,2013-01-28,1500.18,-0.001851396068166,28.762134912241965,1.55,319980.0,206154.0,526134.0,13.57,13881.93,3154.3,1.974,5.85,906.71,121.17,1403.0,73.8,79.78,1652.9,95.95,-0.0010115952710734,0.0014562162214577,0.0016225616849325,-0.0017803102441256,0.0003761048123074,-0.002235988240856,0.0083726287115499,-0.3095580462445149,-0.4926101410739782,-0.3853231940909989,0.0,0.7752136294166073
628,2013-01-29,1507.84,0.0050930622521807,29.36246132683273,1.78,483014.0,270758.0,753772.0,13.31,13954.42,3153.66,1.988,5.92,907.31,120.9,1410.699951,73.8,79.56,1660.8,97.62,0.005208309556858,-0.0002029182183118,0.0006615142301411,0.0054731992434664,-0.0027613924914895,0.0047680930482618,0.0172551680052928,0.411787144899181,0.2726019706859279,0.3595340018663808,0.0,0.7676536924688624
629,2013-01-30,1501.96,-0.0039072413320484,29.039238733207164,2.43,422616.0,173641.0,596257.0,14.32,13910.42,3142.31,2.006,5.99,896.91,119.86,1409.599976,73.8,79.28,1681.6,97.98,-0.0031581043759771,-0.0036054848721907,-0.0115286552508209,-0.0007800411901195,-0.0035255639640388,0.0124463071511167,0.0036809857514272,-0.1335816734131594,-0.444235483541167,-0.2344181528362376,0.0,0.7639095891472276
630,2013-01-31,1498.11,-0.0025666081881308,29.100784807871754,1.98,337142.0,170691.0,507833.0,14.28,13860.58,3142.13,1.985,6.09,902.09,119.29,1405.5,73.8,79.21,1662.0,97.65,-0.0035893596564378,-5.728434038587693e-05,0.0057587707788151,-0.0029128478092212,-0.0008833365455442,-0.0117240247072922,-0.0033737188877402,-0.2259597587383588,-0.0171350451234015,-0.1605191288014555,0.0,0.7564665480863577
631,2013-02-01,1513.17,0.0100024744041773,30.2027675541214,1.94,591164.0,304750.0,895914.0,12.9,14009.79,3179.1,2.01,6.08,911.2,119.06,1416.800049,77.6,79.13,1670.6,97.46,0.0107075310151731,0.0116972239688202,0.0100481187773588,0.0080077307070167,-0.0010104838550866,0.0051611469064116,-0.0019476199073285,0.5615892680929218,0.5796368640282772,0.5676917728513828,0.0502086955827465,0.7725384743215079
632,2013-02-04,1495.71,-0.0116057775514049,30.062290352892266,1.96,436463.0,222697.0,659160.0,14.67,13880.08,3131.17,1.973,6.12,899.28,118.67,1399.699951,77.6,79.55,1676.4,96.21,-0.0093016521924038,-0.0151914012442997,-0.0131679689794301,-0.012142949134505,0.0052936851626936,0.0034657937291111,-0.0129087350421865,-0.3033898681718128,-0.3136796652260649,-0.3068781290829641,0.0,0.7723438496278286
633,2013-02-05,1511.29,0.010362580258576,30.642557666455225,1.73,363747.0,209831.0,573578.0,13.72,13979.3,3171.58,2.016,6.15,908.22,118.9,1406.199951,77.6,79.49,1673.5,96.68,0.0071229452704741,0.012823149808316,0.0098921968489866,0.0046331030002786,-0.0007545271987741,-0.0017313953995357,0.0048732534621089,-0.1822450354803262,-0.0595096583173084,-0.1390723628464965,0.0,0.7693322350155294
634,2013-02-06,1512.12,0.0005490489353752,30.52313202315455,1.86,349989.0,188308.0,538297.0,13.41,13986.52,3168.48,1.968,6.15,911.29,118.92,1408.199951,77.6,79.72,1678.8,96.44,0.0005163446064102,-0.0009779088043462,0.0033745381045484,0.0014212623694618,0.0028892677595724,0.0031620108080545,-0.0024855025223118,-0.0385568456108682,-0.1082235246617351,-0.0634834818451519,0.0,0.7441694467134164
635,2013-02-07,1509.39,-0.0018070439898467,29.84766834878754,1.75,414670.0,237035.0,651705.0,13.5,13944.05,3165.13,1.951,6.17,908.1,119.27,1401.400024,77.6,80.19,1671.3,95.84,-0.0030411146447448,-0.0010578486242138,-0.0035066734112945,-0.0048405042266743,0.0058783234743433,-0.0044774857645561,-0.0062409189458314,0.169581297765772,0.2301288894002358,0.1911815530998506,0.0,0.7428477518393991
636,2013-02-08,1517.93,0.0056419689055857,28.77365813397558,1.57,488814.0,311547.0,800361.0,13.02,13992.97,3193.87,1.954,6.17,913.67,119.85,1410.400024,77.6,80.25,1666.9,95.71,0.0035021666592207,0.0090392186473149,0.0061149512357774,0.0064016150379453,0.0007479431911878,-0.0026361527458371,-0.001357348159324,0.1644990258345036,0.2733424001143714,0.2054708703345333,0.0,0.7333498871512562
637,2013-02-11,1517.01,-0.0006062723007245,27.07410792615457,1.99,420241.0,211170.0,631411.0,12.94,13971.24,3192.0,1.946,6.16,913.03,120.02,1405.0,77.6,80.31,1649.1,97.01,-0.0015541296803114,-0.0005856680619729,-0.0007007171688693,-0.0038360663322638,0.0007473841902454,-0.0107359294143183,0.0134912797653772,-0.1511536927829304,-0.38888671338273,-0.2371058783103397,0.0,0.7305748024907037
638,2013-02-12,1519.43,0.0015939722256224,23.19997048148653,1.4,418232.0,298764.0,716996.0,12.64,14018.7,3186.49,1.982,6.17,917.52,119.898,1413.800049,77.6,80.11,1649.6,97.48,0.0033912216663569,-0.0017276820597214,0.0049056392935762,0.0062438466273748,-0.0024934559733447,0.000303149727971,0.0048331627838136,-0.0047920537560965,0.3469904677842717,0.1271132642085763,0.0,0.6866582153274859
639,2013-02-13,1520.33,0.0005921520293039,20.945868426372563,1.86,523178.0,280999.0,804177.0,12.98,13982.91,3196.88,2.019,6.13,920.58,119.32,1413.800049,77.6,80.09,1645.1,97.03,-0.0025562829772578,0.0032553366561618,0.0033295281289023,0.0,-0.0002496878914346,-0.0027316616373207,-0.0046270197197975,0.2238854478498524,-0.0613028534638697,0.1147491324199059,0.0,0.6325366165481493
640,2013-02-14,1521.38,0.000690401150476,21.01963708025097,1.4,476966.0,340183.0,817149.0,12.66,13973.39,3198.66,2.0,6.09,923.76,119.33,1411.599976,77.6,80.46,1635.5,97.3,-0.0006810629709921,0.000556637921413,0.0034483914584306,-0.0015573535960893,0.0046091641860508,-0.005852604646936,0.0027787801547507,-0.0924765408073557,0.1911325974991111,0.0160020585693843,0.0,0.45780748983924185
641,2013-02-15,1519.79,-0.0010456502891154,20.664936609009985,2.08,616071.0,296357.0,912428.0,12.46,13981.76,3192.03,2.007,6.08,923.15,119.16,1406.900024,77.6,80.58,1609.5,95.95,0.0005988163361738,-0.0020748940657782,-0.0006605628018476,-0.0033350763571826,0.0014903132415593,-0.016024996239575,-0.0139717667382504,0.2559170071099981,-0.1379188994340356,0.1102877254611733,0.0,0.4689318840328572
642,2013-02-20,1511.95,-0.0124817174082592,20.18340461173532,2.13,577474.0,270751.0,848225.0,14.68,13927.54,3164.41,2.021,6.05,913.5,118.79,1407.199951,77.6,81.07,1578.0,94.92,-0.0038854480916334,-0.0086904537227816,-0.0105083590236905,0.0002131601604782,0.0060624992364139,-0.0197653493330438,-0.0107927908861453,-0.064698796894465,-0.0903652293552106,-0.0729632474472126,0.0,0.48288298916377514
643,2013-02-21,1502.42,-0.006323067010153,18.66259552476555,1.55,685814.0,442225.0,1128039.0,15.22,13880.62,3131.49,1.976,6.09,905.4,118.6,1392.0,77.6,81.46,1578.6,92.79,-0.003374552255563,-0.0104576946964396,-0.0089065408162039,-0.0108603177080617,0.0047991232206507,0.0003801558684823,-0.0226955562024748,0.1719430341979357,0.490619223011155,0.2850900751416532,0.0,0.49800081231631504
644,2013-02-22,1515.6,0.0087342587449734,17.40375518988591,1.89,467426.0,247029.0,714455.0,14.17,14000.57,3161.82,1.967,6.07,916.16,118.46,1402.099976,77.6,81.48,1572.8,93.12,0.0086044204032251,0.0096388815503125,0.011814186907892,0.007229533715539,0.0002454891383392,-0.0036809078813995,0.0035501086180396,-0.3833654065056588,-0.5823130636865983,-0.4567159916475454,0.0,0.608276257374199
645,2013-02-25,1487.85,-0.0184792752843332,16.718356354385808,2.18,647909.0,297667.0,945576.0,18.99,13784.17,3116.25,1.895,6.01,895.84,118.6,1390.300049,77.6,81.67,1586.6,92.74,-0.0155772107827196,-0.0145174553150972,-0.0224291963091669,-0.0084515091902153,0.0023291460115792,0.0087358914750002,-0.0040891050198128,0.3265092069623012,0.1864696733856181,0.2802742513382181,0.0,0.6153072059624334
646,2013-02-26,1496.94,0.0060908995959634,15.782164034314638,1.79,689355.0,385358.0,1074713.0,16.87,13900.13,3129.65,1.879,6.05,900.05,119.21,1386.099976,77.6,81.87,1615.5,92.63,0.0083773603214485,0.0042908213577241,0.0046884917361307,-0.0030255555151494,0.0024458860181724,0.0180511443966508,-0.0011868156973786,0.0620061234088797,0.258197360327653,0.1280146625538627,0.0,0.641336191600299
647,2013-02-27,1515.99,0.0126456664184164,14.753135185881394,1.8,609062.0,339237.0,948299.0,14.73,14075.37,3162.26,1.903,6.01,909.92,119.28,1399.900024,77.6,81.6,1595.7,92.84,0.0125282688135683,0.01036578463248,0.0109063662217758,0.0099067917203212,-0.003303361418296,-0.0123319948481714,0.0022645181402998,-0.1238363090331482,-0.1274737941986288,-0.1251390748024281,0.0,0.641968751646988
648,2013-02-28,1514.68,-0.0008644953634577,13.584487641407009,1.84,466910.0,254246.0,721156.0,15.51,14054.49,3160.19,1.888,6.03,911.11,119.17,1405.199951,77.6,81.95,1578.1,92.03,-0.0014845437435351,-0.000654809472266,0.0013069528446969,0.0037787838963296,0.0042800432197775,-0.011090919662295,-0.0087629705554705,-0.2657835491577014,-0.2883966758994098,-0.2738143733312324,0.0,0.6413922180855541
649,2013-03-01,1518.2,0.0023212270716328,12.258773241073987,1.99,559167.0,280745.0,839912.0,15.36,14089.66,3169.74,1.853,6.03,914.73,118.25,1401.800049,78.6,82.31,1572.3,90.71,0.0024992773494414,0.0030174132244393,0.0039653033598714,-0.0024224464999091,0.0043833017947143,-0.0036820762778564,-0.0144470062239125,0.1803116566927052,0.0991444817627549,0.152441644405405,0.0128042722459875,0.6446248489259147
650,2013-03-04,1525.2,0.0046001264007413,11.653235079274513,2.19,515620.0,235395.0,751015.0,14.01,14127.82,3182.03,1.877,6.02,916.68,118.68,1406.5,78.6,82.19,1572.4,90.13,0.0027047080932174,0.0038697923058261,0.0021295075782106,0.0033471889086298,-0.0014589668241447,6.359907147501787e-05,-0.0064145320585344,-0.0810781162305023,-0.1761818298621662,-0.1118714995111744,0.0,0.6620737683795841
651,2013-03-05,1539.79,0.0095204944895357,12.18819489605842,1.29,793697.0,617249.0,1410946.0,13.48,14253.77,3224.13,1.894,5.97,927.4,119.21,1421.400024,78.6,82.09,1574.9,90.88,0.0088755300043814,0.013143788508259,0.0116265246160915,0.010537969347645,-0.0012174338002335,0.0015886636328295,0.0082868824045228,0.4313317162517993,0.964007553976078,0.630590055456981,0.0,0.6574736331071814
652,2013-03-06,1541.46,0.0010839757653693,12.972305713092716,1.23,462890.0,376957.0,839847.0,13.53,14296.24,3222.37,1.938,5.97,929.96,119.15,1420.5,78.6,82.46,1574.9,90.47,0.0029751325009428,-0.0005460327445057,0.0027566025122647,-0.0006333959833133,0.0044971209185789,0.0,-0.0045216509351915,-0.5392123314581543,-0.4931413855474478,-0.5187959480003013,0.0,0.6564080456034715
653,2013-03-07,1544.26,0.0018148119521494,13.829397307248488,1.42,428378.0,301332.0,729710.0,13.06,14329.49,3232.09,1.991,5.94,934.57,118.73,1424.900024,78.6,82.08,1575.1,91.53,0.0023230859058234,0.003011873138206,0.0049449559876917,0.0030927303507874,-0.0046189458562944,0.0001269841271547,0.0116484833590382,-0.0774834614858228,-0.2239184756519083,-0.1405725374504935,0.0,0.6533830889361393
654,2013-03-08,1551.18,0.0044711004109192,14.968208701136785,1.35,567653.0,421484.0,989137.0,12.59,14397.07,3244.37,2.056,5.94,942.5,118.3,1428.699951,78.6,82.7,1576.9,92.01,0.0047050621217152,0.003792199663497,0.0084493888648493,0.0026632529291683,0.007525220607186,0.001142132103852,0.0052304793975821,0.2815043331632321,0.3355691701180543,0.3041856508508598,0.0,0.6539279550643748
655,2013-03-11,1556.22,0.0032438723173955,16.50858751092354,1.42,507572.0,357876.0,865448.0,11.56,14447.29,3252.87,2.056,5.93,942.51,118.12,1434.800049,78.6,82.57,1578.0,92.07,0.0034821400609583,0.0026164971124025,1.06100232892814e-05,0.0042605952350296,-0.0015731836003078,0.0006973279942776,0.0006518905054839,-0.111871743769031,-0.1635952593674527,-0.1335855538573263,0.0,0.6527328159926885
656,2013-03-12,1552.48,-0.0024061516417894,17.37934067493507,1.38,664721.0,480605.0,1145326.0,12.27,14450.06,3242.32,2.023,5.92,940.26,118.37,1433.300049,78.6,82.58,1591.7,92.44,0.0001917130815449,-0.0032485606357859,-0.0023900965822756,-0.0010459886932174,0.0001211020286069,0.0086444050299894,0.0040106281064256,0.2697288309741648,0.2948591692242228,0.2801972996883606,0.0,0.6503512525618983
657,2013-03-13,1554.52,0.001313164012326,18.40330205244055,1.15,397383.0,346186.0,743569.0,11.83,14455.28,3245.12,2.021,5.9,943.9,118.11,1429.800049,78.6,82.89,1588.4,92.47,0.0003611789417963,0.0008632064955857,0.0038637955677192,-0.0024449035127327,0.0037469071454907,-0.0020754071787125,0.000324482183367,-0.5144668526030838,-0.328069524038483,-0.4319830257234667,0.0,0.6514409580545958
658,2013-03-14,1563.23,0.005587377217302,19.625245063174543,1.09,545989.0,499958.0,1045947.0,11.3,14539.14,3258.93,2.033,5.87,953.07,117.94,1440.199951,78.6,82.61,1590.7,93.03,0.0057845774351648,0.0042465912019711,0.0096681248818519,0.0072473501884351,-0.0033836890290208,0.0014469506472183,0.0060377541909204,0.3176982778764774,0.3675478920221362,0.3412164082269537,0.0,0.6465675552458962
659,2013-03-15,1560.7,-0.0016197549581091,20.246962263906784,1.92,572256.0,297706.0,869962.0,11.3,14514.11,3249.07,1.996,5.84,952.48,118.04,1444.5,78.6,82.26,1592.6,93.49,-0.0017230434593429,-0.0030301190977972,-0.0006192438076704,0.0029812821145762,-0.0042457757721363,0.0011937299190298,0.0049324569227566,0.046987614683811,-0.5184176725573906,-0.1842284415912871,0.0,0.6548253523612634
660,2013-03-18,1552.1,-0.0055255858913687,20.72407448114284,1.64,389644.0,237130.0,626774.0,13.36,14452.06,3237.59,1.956,5.86,947.2,117.76,1431.0,78.6,82.69,1604.6,93.71,-0.0042843147652895,-0.0035395756786034,-0.0055588452753392,-0.0093897403498388,0.0052137129317975,0.0075066034962114,0.0023504284325079,-0.3843529419691052,-0.2274979083785844,-0.3278635034483237,0.0,0.6360207075285971
661,2013-03-19,1548.34,-0.0024254633815203,20.294449544033814,1.97,556288.0,282647.0,838935.0,14.39,14455.82,3229.1,1.908,5.84,942.85,117.67,1426.800049,78.6,82.99,1611.3,92.44,0.0002601366839218,-0.002625765230114,-0.0046030609568097,-0.0029392917291302,0.0036214428762813,0.0041668022599674,-0.0136451217295521,0.3560526440173355,0.1755902552735904,0.2915472011981759,0.0,0.6003118030739318
662,2013-03-20,1558.71,0.0066751668015525,20.807835957586786,1.83,602303.0,329469.0,931772.0,12.67,14511.73,3254.19,1.937,5.83,951.95,117.77,1434.300049,78.6,82.78,1607.5,93.21,0.0038601862723215,0.007739936129532,0.0096053092307544,0.005242750635853,-0.0025336322897704,-0.002361129467749,0.0082952266668856,0.0794744951899399,0.153283498342633,0.104954919280745,0.0,0.600473096737996
663,2013-03-21,1545.8,-0.0083169804044009,20.75534130386983,1.63,524743.0,321425.0,846168.0,13.99,14421.49,3222.6,1.932,5.83,943.92,117.63,1426.699951,78.6,82.74,1613.8,92.46,-0.0062378326786429,-0.0097549096091498,-0.0084710956120224,-0.0053129086873973,-0.0004833252873206,0.0039114693026318,-0.0080788935129865,-0.1378520220175918,-0.0247180326039302,-0.0963702281125904,0.0,0.6117091147894406
664,2013-03-22,1556.89,0.0071486659821271,20.9037778468938,1.96,441725.0,225696.0,667421.0,13.57,14512.03,3245.0,1.915,5.84,946.27,117.55,1432.300049,78.6,82.38,1606.1,93.41,0.0062585053964454,0.0069268629987213,0.0024865238000399,0.0039175272207527,-0.0043604720253309,-0.0047827663455546,0.0102222873246784,-0.1722211024234905,-0.3535752739445428,-0.2372968902414758,0.0,0.6147623516583681
665,2013-03-25,1551.69,-0.003345582130918,21.02612413376191,2.3,455940.0,198476.0,654416.0,13.74,14447.75,3235.3,1.915,5.81,945.85,117.53,1426.699951,78.6,82.83,1604.5,94.55,-0.0044392675334083,-0.0029936907996344,-0.0004439464800309,-0.0039175272207527,0.0054476256022377,-0.0009966985189402,0.0121303892197088,0.0316737054070355,-0.1285207750093473,-0.0196777963429273,0.0,0.6215803328149284
666,2013-03-26,1563.77,0.0077549129435388,21.51441576045309,1.54,354998.0,230369.0,585367.0,12.77,14559.65,3252.48,1.906,5.83,949.82,117.66,1432.599976,78.6,82.88,1595.7,95.99,0.0077153109261516,0.0052961229131334,0.0041884988462976,0.0041269076518171,0.0006034639010001,-0.0054996701335294,0.0151152242709793,-0.2502490662530192,0.149014185141727,-0.111504233910205,0.0,0.6215644793664703
667,2013-03-27,1562.85,-0.0005884949412156,21.90670448984894,1.24,303568.0,244873.0,548441.0,13.15,14526.16,3256.52,1.851,5.83,950.24,117.58,1428.900024,78.6,83.22,1606.2,96.53,-0.002302842162555,0.0012413582789356,0.0004420913095799,-0.0025860241565318,0.0040939250436222,0.00655862933798,0.0056098214850779,-0.156506517534952,0.0610573376408396,-0.0651592931168867,0.0,0.6239814529403764
668,2013-03-28,1569.19,0.004048485114815,22.49637849774032,1.5,488275.0,325759.0,814034.0,12.7,14578.54,3267.52,1.852,5.82,951.54,117.63,1434.599976,78.6,83.0,1595.7,97.24,0.0035994225367215,0.003372146836547,0.0013671404710144,0.0039811136918705,-0.0026470957581965,-0.00655862933798,0.0073283085873985,0.4752731336011777,0.2854181353738063,0.3949224263317035,0.0,0.6321857471121186
669,2013-04-01,1562.17,-0.0044836823364216,22.701221064348644,1.27,241378.0,189388.0,430766.0,13.58,14572.85,3239.17,1.84,5.9,938.79,117.29,1428.0,76.4,82.73,1600.9,97.1,-0.0003903759012704,-0.0087141632381708,-0.0134899127144656,-0.0046111840634024,-0.0032583145945066,0.0032534596676674,-0.0014407741506428,-0.7045146022581417,-0.5423600234005637,-0.6364371149384276,-0.0283890032626858,0.6368912043210856
670,2013-04-02,1570.25,0.0051589620297942,23.082434832842168,1.29,381275.0,294652.0,675927.0,12.78,14662.01,3254.86,1.861,5.88,934.3,117.44,1435.400024,76.4,82.92,1575.9,97.23,0.0060995863453854,0.0048321398359902,-0.0047942262251892,0.0051687088165195,0.0022939943654876,-0.0157394334560239,0.0013379305242864,0.4571567300774344,0.4419971782028913,0.4505200628125632,0.0,0.6705265900232977
671,2013-04-03,1553.69,-0.0106020955062016,23.11945569688962,1.38,513230.0,371722.0,884952.0,14.21,14550.35,3218.6,1.812,5.87,918.71,117.96,1425.599976,76.4,82.72,1553.5,95.02,-0.0076447465253526,-0.0112027815805983,-0.0168270736346096,-0.0068508118345214,-0.0024148768074603,-0.0143160877949233,-0.0229919100627906,0.2972031882327162,0.2323512640933867,0.2694483242027559,0.0,0.6635492603119961
672,2013-04-04,1559.98,0.0040402538202899,22.653453226820236,1.43,375268.0,262098.0,637366.0,13.89,14606.11,3224.98,1.759,5.85,925.66,118.45,1422.199951,76.4,82.68,1552.4,93.26,0.0038248860101379,0.0019802662758614,0.0075364844318901,-0.0023878268857737,-0.0004836759465511,-0.0007083293383507,-0.0186961043786002,-0.313083650390503,-0.349427783443577,-0.3281893473890402,0.0,0.656839639433144
673,2013-04-05,1553.28,-0.0043041765503968,21.362272654958048,1.29,497606.0,387107.0,884713.0,13.92,14565.25,3203.86,1.694,5.88,923.28,119.98,1419.099976,76.4,82.5,1575.9,92.76,-0.0028013796217596,-0.0065704158074506,-0.0025744494840411,-0.0021820830673897,-0.0021794414729328,0.015024417133274,-0.0053757789928434,0.2821681618456271,0.389982660977811,0.3279192397681605,0.0,0.648426131312147
674,2013-04-08,1563.07,0.0062830119890326,20.869519091792203,1.09,250579.0,230812.0,481391.0,13.19,14613.48,3222.25,1.732,5.85,931.49,120.48,1426.5,76.4,82.75,1572.5,93.36,0.0033058357182547,0.0057235404320845,0.0088529074988157,0.0052010407251907,0.0030257209165371,-0.00215982805343,0.0064474755909689,-0.6860343591621252,-0.5170976142527994,-0.6085834689253513,0.0,0.5365532674723639
675,2013-04-09,1568.61,0.0035380407825948,18.065962801639763,1.11,371366.0,335356.0,706722.0,12.84,14673.46,3237.86,1.747,5.83,929.34,120.34,1433.0,76.4,82.31,1586.7,94.18,0.0040960294151108,0.004832744452182,-0.0023107978232426,0.004546257174617,-0.0053314072726191,0.0089896781654488,0.008744856837108,0.3934138591565972,0.3735891277906304,0.3839575481166406,0.0,0.5642464184761978
676,2013-04-10,1587.73,0.0121154462924337,16.555324041954066,1.01,609307.0,601305.0,1210612.0,12.36,14802.24,3297.25,1.805,5.78,946.09,120.4,1452.400024,76.4,82.53,1558.8,94.59,0.0087381008362132,0.0181761699689229,0.017863045159598,0.013447228236382,0.0026692566200399,-0.0177400932754894,0.0043439174096704,0.4951341465573637,0.5839096391871905,0.5382439180292629,0.0,0.527674278843215
677,2013-04-11,1593.37,0.0035459469426655,16.745915710544026,1.08,614517.0,569942.0,1184459.0,12.24,14865.14,3300.16,1.791,5.72,947.05,120.67,1462.800049,76.4,82.25,1564.9,93.44,0.0042403538329498,0.0008821644217107,0.0010141881554304,0.0071350637080733,-0.0033984739591117,0.0039056297045716,-0.0122322431451618,0.0085143476096067,-0.0535676920624617,-0.0218398866098805,0.0,0.5321564909908701
678,2013-04-12,1588.85,-0.0028407860171357,16.083486483576042,1.41,539069.0,381121.0,920190.0,12.06,14865.06,3294.95,1.721,5.7,942.85,121.08,1456.5,76.4,82.31,1501.4,91.23,-5.381733052089999e-06,-0.0015799588130605,-0.0044446869298191,-0.0043161433731384,0.0007292173390718,-0.0414239180302242,-0.0239357287225336,-0.1309930158334342,-0.4024176912563018,-0.2524612387791531,0.0,0.6956369497727256
679,2013-04-15,1552.36,-0.023234130479997,14.337806481771835,1.9,716556.0,376410.0,1092966.0,17.27,14599.2,3216.49,1.702,5.73,907.18,120.56,1431.099976,76.4,82.42,1361.1,88.75,-0.0180467600763893,-0.0241002904377989,-0.0385663162978362,-0.017592934852975,0.0013355189261181,-0.0981048098008745,-0.027560362001858,0.2846128243670716,-0.0124379351692827,0.1720702101883358,0.0,0.7355037175805278
680,2013-04-16,1574.57,0.0142058655033237,13.183644817945058,1.31,382713.0,291257.0,673970.0,13.96,14756.78,3264.63,1.719,5.73,923.3,120.4,1438.800049,76.4,81.75,1387.4,88.73,0.0107359054985476,0.014855730288092,0.0176133219034868,0.0053661043311121,-0.0081623161333084,0.0191382956131738,-0.0002253775082783,-0.6271710409040026,-0.2564729359138642,-0.4834647811119392,0.0,0.769140291715976
681,2013-04-17,1552.01,-0.0144313540897247,12.71702678403857,2.02,871324.0,431156.0,1302480.0,16.51,14618.59,3204.67,1.704,5.74,906.8,120.1,1420.699951,76.4,82.68,1382.7,86.65,-0.0094086317487853,-0.0185373122299008,-0.0180322901452081,-0.012659793489635,0.011311925036205,-0.003393382556629,-0.0237210346856313,0.8227285328843479,0.3922639346460883,0.6588398188873263,0.0,0.7794405132845029
682,2013-04-18,1541.61,-0.0067235401752618,12.709332420343014,1.43,792472.0,553424.0,1345896.0,17.56,14537.14,3166.36,1.685,5.73,901.51,119.87,1413.699951,76.4,82.56,1392.5,87.83,-0.0055872524466309,-0.0120264578092772,-0.0058507834281193,-0.0049393271758235,-0.0014524330803151,0.0070625834068671,0.0135261117674101,-0.0948567200085239,0.2496544611093902,0.0327898228229894,0.0,0.7953977859661686
683,2013-04-19,1555.25,0.0088089795490162,12.38074051675389,1.54,483447.0,314527.0,797974.0,14.97,14547.51,3206.06,1.703,5.73,912.5,120.18,1422.300049,76.4,82.71,1395.6,88.04,0.0007130909561858,0.0124601057781621,0.012116950251392,0.0060649678152548,0.0018152119705625,0.0022237375111799,0.0023881287292351,-0.4942154823853837,-0.5650545116693468,-0.5227392257808621,0.0,0.7957343316361819
684,2013-04-22,1562.5,0.0046507982154269,12.248742130895074,1.73,353209.0,204424.0,557633.0,14.39,14567.17,3233.55,1.698,5.69,914.8,120.36,1427.099976,76.4,82.68,1421.2,88.81,0.0013505216604254,0.0085378359836312,0.002517376691979,0.0033690822616012,-0.0003627788902473,0.0181771548342526,0.0087079996121524,-0.3138817417927413,-0.4308736547455076,-0.3583749755608014,0.0,0.8155033409087336
685,2013-04-23,1578.78,0.0103652942488983,12.619805930369518,1.29,468528.0,362758.0,831286.0,13.48,14719.46,3269.33,1.698,5.66,929.36,120.59,1443.900024,76.4,83.05,1408.8,89.21,0.0104000612330068,0.0110044660439534,0.0157907150565934,0.0117034063097998,0.0044651012457359,-0.0087633069648758,0.0044938846552788,0.2825359153818549,0.5735396770106682,0.3992728593983781,0.0,0.8137175905666082
686,2013-04-24,1578.79,6.333984678086324e-06,12.851431531538994,1.3,352935.0,270831.0,623766.0,13.61,14676.3,3269.65,1.698,5.6,934.11,120.7,1450.800049,76.4,83.05,1423.7,91.07,-0.0029364800239033,9.787459214116724e-05,0.0050980271081977,0.0047673595843926,0.0,0.0105208384377037,0.0206353006540354,-0.2833119610998711,-0.2922409351630914,-0.2871986012636185,0.0,0.8160622927005607
687,2013-04-25,1585.16,0.0040266177447456,13.375722818433776,1.44,361735.0,251545.0,613280.0,13.62,14700.8,3289.99,1.711,5.55,940.28,120.58,1459.300049,76.4,82.74,1462.0,93.27,0.0016679662512739,0.006201579717473,0.0065834989359006,0.0058417400682264,-0.0037396750260381,0.0265462446900235,0.0238700711590444,0.024627995550837,-0.0738731101383365,-0.0169536964070999,0.0,0.8118945874167453
688,2013-04-26,1582.24,-0.0018437840671978,13.789556305388174,1.54,416497.0,271235.0,687732.0,13.61,14712.55,3279.26,1.663,5.51,935.25,120.51,1457.800049,76.4,82.5,1453.6,92.63,0.0007989569787199,-0.0032667380727371,-0.0053638300210616,-0.001028418691038,-0.0029048676926306,-0.005762123227762,-0.0068854494728354,0.1409673591481191,0.0753637038107051,0.1145776255289572,0.0,0.8200877391951049
689,2013-04-29,1593.61,0.0071603183893662,14.7540382781546,1.68,317232.0,189288.0,506520.0,13.71,14818.75,3307.02,1.668,5.45,942.43,120.93,1468.400024,76.4,82.15,1467.4,94.09,0.0071923997802709,0.0084296945725643,0.0076477727786867,0.007244905406595,-0.0042514488573575,0.009448889197932,0.0156387077527382,-0.2722458913035979,-0.3597159390226245,-0.3058354175787947,0.0,0.8120661285025554
690,2013-04-30,1597.57,0.002481841846996,15.631583519571052,1.66,304982.0,183399.0,488381.0,13.52,14839.8,3328.79,1.675,5.48,947.46,121.4,1476.099976,76.4,81.75,1472.1,93.22,0.0014194897278905,0.0065613928377157,0.0053230736996638,0.00523006931689,-0.0048810347059147,0.0031978254840741,-0.0092894800740799,-0.0393806089237731,-0.0316055575190041,-0.0364679706414836,0.0,0.8315540603111903
691,2013-05-01,1582.7,-0.0093514754188053,15.468348718106416,1.56,414478.0,266133.0,680611.0,14.49,14700.95,3299.13,1.639,5.42,924.24,121.18,1466.5,84.5,81.48,1446.2,90.74,-0.009400643012599,-0.0089500772459025,-0.0248129415318434,-0.006524848866384,-0.0033082184187573,-0.0177505260231161,-0.026964016708777,0.3067671386991613,0.3723320765785551,0.3318950852050886,0.1007688381906533,0.8396545706303487
692,2013-05-02,1597.59,0.009363994353694,16.251712344669862,1.68,514025.0,306464.0,820489.0,13.59,14831.58,3340.62,1.631,5.35,939.85,121.68,1469.699951,84.5,82.22,1467.6,93.7,0.0088465737235878,0.0124976211536171,0.016748509887841,0.0021796555549951,0.009040990111127,0.0146889867402757,0.0320999150085583,0.2152520052330704,0.141104109515858,0.1869095798347899,0.0,0.8393194750814948
693,2013-05-03,1614.42,0.0104795153331451,17.571854078129146,1.01,745784.0,739387.0,1485171.0,12.85,14973.96,3378.63,1.752,5.32,954.42,121.38,1482.5,84.5,82.13,1464.2,95.25,0.0095540012375519,0.011313883380339,0.0153835380757199,0.0086715868993803,-0.0010952237176313,-0.0023193952685849,0.0164068247624342,0.3721641116371454,0.8807211711856624,0.5933846921417221,0.0,0.832485163862664
694,2013-05-06,1617.5,0.0019059883489793,19.204739668713074,1.04,400965.0,386298.0,787263.0,12.66,14968.89,3392.97,1.771,5.31,959.8,121.27,1481.900024,84.5,82.31,1468.0,95.8,-0.0003386451221878,0.0042353421454457,0.0056211032858213,-0.0004047874803232,0.002189249232452,0.0025919119619182,0.005757670970004,-0.6205618723400299,-0.6492123721893606,-0.6347228230989455,0.0,0.8306898904537078
695,2013-05-07,1625.96,0.0052166631841066,20.95811992797608,1.16,478332.0,411634.0,889966.0,12.83,15056.2,3396.63,1.783,5.26,967.82,120.96,1492.099976,84.5,82.25,1448.8,95.28,0.0058158191096744,0.0010781195812743,0.0083211901482869,0.0068594431701054,-0.0007292173390718,-0.0131653026052571,-0.0054427599297701,0.1764309103635,0.0635255126831833,0.1226208867256914,0.0,0.8239583984220965
696,2013-05-08,1632.69,0.004130550730288,23.193759725963968,1.06,525297.0,495794.0,1021091.0,12.66,15105.12,3413.27,1.76,5.24,970.41,121.04,1503.699951,84.5,81.9,1473.7,96.24,0.0032438927008566,0.0048870124723112,0.0026725430331655,0.0077441973803233,-0.0042643987864572,0.0170406176500135,0.0100251466193794,0.0936587648560536,0.1860259128552783,0.1374436827492857,0.0,0.8285594635368276
697,2013-05-09,1626.67,-0.0036939809321392,24.58340558173013,1.27,579500.0,457623.0,1037123.0,13.13,15082.62,3409.17,1.813,5.24,966.26,121.4,1495.699951,84.5,82.79,1468.6,96.09,-0.0014906716545475,-0.0012019161747325,-0.0042857134690335,-0.0053344130372865,0.010808290291691,-0.0034666792017068,-0.0015598193772472,0.0982018458584725,-0.080114816833726,0.0155788700761743,0.0,0.8288700476982627
698,2013-05-10,1633.7,0.0043124006751513,26.29982377451472,1.62,526026.0,325387.0,851413.0,12.59,15118.49,3436.58,1.9,5.31,975.16,120.5,1495.800049,84.5,83.14,1436.6,95.81,0.0023754104975992,0.008007930899172,0.0091686109620328,6.692161125698703e-05,0.0042186526737761,-0.0220303553768088,-0.0029181886263947,-0.0968150216059076,-0.3410304578831109,-0.197308490328492,0.0,0.8219494333023486
699,2013-05-13,1633.77,4.2846606095992e-05,27.572729731083527,1.25,349061.0,279449.0,628510.0,12.55,15091.68,3438.79,1.923,5.43,973.79,119.71,1497.400024,84.5,83.28,1434.3,94.76,-0.0017748994486428,0.000642874514714,-0.0014058854518097,0.0010690733084093,0.0016824904822225,-0.0016022853405335,-0.0110196843721972,-0.4101039491443217,-0.1521954359055151,-0.3035453834435486,0.0,0.8344614868247542
700,2013-05-14,1650.34,0.0100910996345575,29.850857514710988,1.07,747338.0,696834.0,1444172.0,12.77,15215.25,3462.61,1.952,5.45,985.96,119.65,1506.0,84.5,83.59,1424.5,93.96,0.0081546157766485,0.0069029746391375,0.012420111181628,0.0057268425354726,0.0037154714043508,-0.006856050362205,-0.0084782194998727,0.7612708673395421,0.913727411585354,0.8319394871300307,0.0,0.8036698486374985
701,2013-05-15,1658.78,0.0051010651178158,31.79517364510153,0.86,623485.0,723228.0,1346713.0,12.81,15275.69,3471.62,1.943,5.46,988.54,119.3,1510.900024,84.5,83.83,1396.2,93.95,0.0039644615194571,0.0025987038418318,0.0026133213150991,0.0032483862705285,0.0028670429387016,-0.0200666144016619,-0.0001064339312373,-0.1811928522769932,0.0371773063056757,-0.0698693382969111,0.0,0.8135011901788304
702,2013-05-16,1650.47,-0.0050222965730846,32.97718738653621,1.55,645654.0,415677.0,1061331.0,13.07,15233.22,3465.24,1.865,5.46,985.34,119.72,1508.0,84.5,83.59,1386.9,94.85,-0.0027841065074394,-0.0018394494912481,-0.0032423478665553,-0.0019212460624657,-0.0028670429387016,-0.0066832198740112,0.0095339705215486,0.0349390494883987,-0.5538160087765274,-0.2381430278345249,0.0,0.8187175618094973
703,2013-05-17,1667.47,0.0102474118055937,34.6092634333345,1.43,608728.0,425817.0,1034545.0,12.45,15354.4,3498.97,1.949,5.47,996.28,119.58,1513.0,84.5,84.25,1364.7,95.72,0.0079235085301032,0.0096867451580582,0.0110415832975432,0.0033101652204541,0.0078646735214062,-0.0161364164182211,0.0091305666591496,-0.0588922224671684,0.024101160143628,-0.025562064286742,0.0,0.8171971391000572
704,2013-05-20,1666.29,-0.0007079094171622,36.088250012450345,1.46,416825.0,284903.0,701728.0,13.02,15335.28,3496.43,1.965,5.45,997.98,119.262,1518.400024,84.5,83.74,1384.1,96.29,-0.0012460216251053,-0.0007261915291838,0.0017048934559964,0.0035627298734191,-0.0060718086414732,0.0141154846585882,0.0059372082120194,-0.3787050646668337,-0.4018609050507979,-0.3881711309599183,0.0,0.8168146240022137
705,2013-05-21,1669.16,0.0017209076486217,37.547658036401614,1.63,493460.0,302107.0,795567.0,13.37,15387.58,3502.12,1.944,5.44,998.78,119.13,1520.599976,84.5,83.86,1377.6,95.55,0.0034046342378122,0.0016260514688664,0.0008012981458014,0.0014478133493174,0.0014319811516187,-0.0047072542291903,-0.0077148005659104,0.1687753324439089,0.0586324878006134,0.1255092034352376,0.0,0.8151434020867446
706,2013-05-22,1655.35,-0.0083080390400196,38.48905618597959,1.33,825720.0,621603.0,1447323.0,13.82,15307.17,3463.3,2.026,5.43,982.26,119.08,1512.900024,84.5,84.35,1367.4,93.98,-0.0052393444444192,-0.0111466076525932,-0.0166784950819947,-0.0050766233967296,0.0058260672493606,-0.0074317281937723,-0.0165676770116123,0.5148139311119575,0.7215203660370513,0.598415854187758,0.0,0.8178819780055072
707,2013-05-23,1650.51,-0.0029281357699177,39.182606774864766,1.51,538850.0,356478.0,895328.0,14.07,15294.5,3459.42,2.023,5.58,984.28,118.35,1493.400024,84.5,83.8,1391.8,94.12,-0.0008280594310026,-0.0011209467972932,0.002054370325994,-0.0129729389420507,-0.00654180150394,0.0176867469310559,0.0014885701844917,-0.4268184939595496,-0.5560290984264178,-0.4802807905933939,0.0,0.815044482112942
708,2013-05-24,1649.6,-0.0005514967822684,39.6603375168381,2.14,517966.0,242561.0,760527.0,13.99,15303.1,3459.14,2.011,5.6,984.28,117.8,1492.699951,84.5,83.7,1386.6,93.84,0.0005621356071365,-8.094169889361069e-05,0.0,-0.0004688878595402,-0.0011940299926074,-0.0037431659023594,-0.0029793595139411,-0.0395276360031999,-0.3850193017333971,-0.1631785175565134,0.0,0.67621947666979
709,2013-05-29,1648.36,-0.0070728920603286,38.71400727967323,1.35,383910.0,283397.0,667307.0,14.83,15302.8,3467.52,2.124,5.81,986.96,115.88,1489.400024,84.5,83.66,1391.3,93.13,-1.9604063268729988e-05,0.0024196377730376,0.0027191023429091,-0.0022131574223553,-0.0004780114813769,0.0033838543394404,-0.0075948378116539,-0.2995014529220263,0.1555955163192184,-0.1307614041387044,0.0,0.6363031618667552
710,2013-05-30,1654.41,0.0036635955678958,37.245649362471326,1.87,391266.0,209098.0,600364.0,14.53,15324.53,3491.3,2.124,5.79,994.43,115.75,1491.800049,84.5,83.04,1412.0,93.57,0.001418994319529,0.0068345186582945,0.0075401969243173,0.0016101069768721,-0.0074385465964743,0.0147685772053565,0.0047134527542551,0.0189794854692788,-0.3040456998687055,-0.1057140719540257,0.0,0.6361254735217086
711,2013-05-31,1630.74,-0.0144105502736513,34.1441365423879,1.83,623616.0,340128.0,963744.0,16.3,15115.57,3455.91,2.164,5.93,984.14,115.0301,1471.900024,84.5,83.38,1393.0,91.93,-0.0137294741066007,-0.0101883507567261,-0.0104015453328392,-0.0134293778632921,0.0040860530350723,-0.0135474442733816,-0.0176824014121583,0.4661471587403198,0.4865189757638557,0.4732895612422432,0.0,0.6204264221593152
712,2013-06-03,1640.42,0.005918407082218,31.71227201624146,1.19,452387.0,380664.0,833051.0,16.28,15254.03,3465.37,2.134,6.05,990.53,114.65,1472.699951,84.1,82.66,1411.9,93.41,0.0091183920337591,0.0027336001117923,0.0064719900587224,0.0005433179558984,-0.0086726633690643,0.0134766202356733,0.0159709880090943,-0.3209967861303067,0.1125950789181988,-0.1457308343947296,-0.0047449673842256,0.6218909392469563
713,2013-06-04,1631.38,-0.0055260242096002,29.3206073798228,1.79,403246.0,224691.0,627937.0,16.27,15177.54,3445.26,2.137,6.08,981.97,114.59,1473.5,84.1,82.77,1397.2,93.36,-0.0050270269382419,-0.0058200357319559,-0.0086793954237682,0.0005431057178544,0.0013298678137179,-0.0104660810828018,-0.0005354179064571,-0.1149912106456199,-0.5271909712847833,-0.2826550218178703,0.0,0.6792174781735214
714,2013-06-05,1608.9,-0.0138755667252468,28.035708570548763,1.45,745536.0,515482.0,1261018.0,17.5,14960.59,3401.48,2.1,6.3,968.16,113.83,1451.0,84.1,82.59,1398.5,93.66,-0.0143972932278035,-0.0127887422891266,-0.0141633951156299,-0.0153875492935613,-0.002177069074678,0.0009299997093377,0.0032082157770956,0.6145566252260259,0.830376260307025,0.6972347672838239,0.0,0.670853196884035
715,2013-06-06,1622.56,0.0084544332066966,26.378403383311955,1.86,905017.0,486259.0,1391276.0,16.63,15040.62,3424.05,2.075,6.34,979.46,114.0,1454.900024,84.1,81.54,1415.8,94.71,0.0053351308049602,0.0066134299498514,0.0116040365149077,0.0026842123331345,-0.012794910431519,0.0122945086980736,0.0111483874826143,0.1938503052765749,-0.0583609815328145,0.0983019803966911,0.0,0.7047468125518249
716,2013-06-07,1643.38,0.0127499476676593,24.972559008710032,1.58,601811.0,380689.0,982500.0,15.14,15248.12,3469.22,2.161,6.22,987.62,113.38,1470.199951,84.1,81.67,1383.0,96.11,0.0137016756891661,0.0131057238528029,0.0082966089908653,0.0104612263938657,0.0015930399790775,-0.0234396896753299,0.0146737775971823,-0.4080102855271512,-0.2447586349301573,-0.3478762469017251,0.0,0.7035548819218497
717,2013-06-10,1642.81,-0.00034690629922,23.08600805523204,1.8,307397.0,170570.0,477967.0,15.44,15238.59,3473.77,2.215,6.24,992.67,112.25,1473.199951,84.1,81.65,1386.0,95.82,-0.0006251904722027,0.0013106746953006,0.0051002741487833,0.0020384596987934,-0.0002449179537107,0.00216684808509,-0.0030219373802164,-0.6718033707411699,-0.8028369991758577,-0.7205586512920732,0.0,0.7318062518150686
718,2013-06-11,1626.13,-0.0102052315207563,21.79109105358277,1.84,422772.0,230004.0,652776.0,17.07,15122.02,3436.95,2.195,6.44,981.45,109.85,1463.5,84.1,81.11,1377.0,95.5,-0.0076790665816677,-0.0106560093333936,-0.0113672125447106,-0.0066060451780414,-0.0066355613342201,-0.0065146810211942,-0.0033451839682916,0.3186929548519703,0.2989509304235351,0.3116923458168337,0.0,0.7410630905358021
719,2013-06-12,1612.52,-0.0084047860175839,21.03202447051917,1.88,481715.0,256650.0,738365.0,18.59,14995.23,3400.43,2.23,6.41,972.31,111.18,1457.599976,84.1,80.95,1392.0,95.98,-0.0084198091820937,-0.0106825559777039,-0.0093563863296406,-0.004039596091669,-0.0019745779586095,0.0108343421657108,0.0050135889434148,0.1305196262273238,0.1096165889299953,0.1232042440137455,0.0,0.7855673620048244
720,2013-06-13,1636.36,0.0146760901614548,18.38585457004989,1.59,556655.0,350014.0,906669.0,16.41,15176.08,3445.37,2.174,6.45,989.69,113.22,1464.300049,84.1,80.75,1377.8,96.66,0.0119883535706151,0.0131294065167466,0.0177170791254415,0.0045861149840282,-0.0024737180208784,-0.0102535377352701,0.0070598299868382,0.1445930055743751,0.3102598646771692,0.205339161866112,0.0,0.7727161837688262
721,2013-06-14,1626.73,-0.0059023980078523,16.849577040149466,1.66,555999.0,335712.0,891711.0,17.15,15070.18,3423.56,2.126,6.32,981.38,113.86,1463.800049,84.1,80.67,1387.6,97.83,-0.0070025472729131,-0.0063503553812012,-0.0084320183818471,-0.0003415183826547,-0.000991203153883,0.007087611936499,0.0120316120524002,-0.0011791627514217,-0.0417195041344058,-0.0166353550958486,0.0,0.7664693619417229
722,2013-06-17,1639.04,0.0075388397237174,16.167586431796916,1.48,432137.0,291076.0,723213.0,16.8,15179.85,3452.13,2.171,6.28,987.84,113.15,1477.0,84.1,80.79,1383.1,97.86,0.007250933668546,0.0083104864908474,0.0065609969159838,0.0089771758897354,0.0014864365427342,-0.0032482794649322,0.0003066073916393,-0.2520238280890456,-0.142669248091229,-0.2094383044720622,0.0,0.7561230227925217
723,2013-06-18,1651.81,0.0077609517888808,15.698381573210549,1.1,396718.0,360485.0,757203.0,16.61,15318.23,3482.18,2.182,6.27,999.99,111.78,1483.0,84.1,80.75,1366.9,98.46,0.0090747318939552,0.0086671025983626,0.0122245376183416,0.0040540596065516,-0.0004952333888512,-0.0117819544720543,0.0061124884690775,-0.0855169667695765,0.2138659455249243,0.04592759671233,0.0,0.8014801357311363
724,2013-06-19,1628.93,-0.0139482988291703,15.605795062583535,1.75,622542.0,355825.0,978367.0,16.64,15112.19,3443.2,2.311,6.3,986.5,110.47,1474.900024,84.1,81.43,1374.0,98.24,-0.0135419194796853,-0.0112572628931015,-0.0135819534694663,-0.0054768560001852,0.0083857933762745,0.0051807916236867,-0.0022369099312227,0.4505853951131993,-0.0130113100260818,0.2562534739753044,0.0,0.9185120035681094
725,2013-06-20,1588.19,-0.0253283545257447,18.35839688227426,1.76,1469513.0,835561.0,2305074.0,20.49,14758.32,3364.63,2.419,6.66,960.52,107.25,1423.900024,84.1,81.92,1286.2,94.89,-0.0236947113540093,-0.0230832699176009,-0.0266885209825566,-0.0351906044956811,0.0059994058121572,-0.0660340590815318,-0.0346951384131646,0.858875236423895,0.8536643185871959,0.8569832037691398,0.0,0.9162081870169597
726,2013-06-21,1592.43,0.0026661484311958,20.198221328194755,1.69,844834.0,499311.0,1344145.0,18.9,14799.4,3357.25,2.514,6.71,963.68,105.51,1421.199951,84.1,82.32,1292.0,93.81,0.0027796478517405,-0.002195815148525,0.0032844848152979,-0.0018980519731002,0.0048709302345963,0.0044992706417845,-0.0114468658478079,-0.5535461740120233,-0.5148742074368169,-0.5393546568684151,0.0,0.9381760966197081
727,2013-06-24,1573.09,-0.0122193135029728,23.508682399405053,1.46,822465.0,561780.0,1384245.0,20.11,14659.56,3320.76,2.548,6.99,951.05,103.69,1401.0,84.1,82.42,1277.1,95.07,-0.0094939570422152,-0.0109285140852932,-0.0131926518965617,-0.0143152833319586,0.0012140343848772,-0.0115995228403305,0.0133420022330792,-0.0268342298116373,0.1178811660717844,0.0293967414637759,0.0,0.9530786454127598
728,2013-06-25,1588.03,0.0094524163829987,25.15122918080821,2.0,493671.0,247229.0,740900.0,18.47,14760.31,3347.89,2.589,7.02,961.26,106.02,1412.5,84.1,82.58,1275.1,95.25,0.0068491392962766,0.008136624257542,0.0106782864878285,0.0081749166835898,0.0019393945472732,-0.0015672756127207,0.0018915516358717,-0.5104366251286585,-0.8207952815601978,-0.6250444802096471,0.0,0.9720889467677329
729,2013-06-26,1603.26,0.0095448020236501,25.65547554417008,1.48,471217.0,317710.0,788927.0,17.21,14910.14,3376.22,2.539,6.92,963.83,107.1,1425.5,84.1,82.98,1229.8,95.47,0.0100996967421256,0.0084264438358871,0.0026700066249158,0.00916144533213,0.0048320944467779,-0.0361730523701266,0.0023070480031313,-0.0465505936289165,0.2508239843968916,0.0628081309628481,0.0,0.959676658195089
730,2013-06-27,1613.2,0.0061807276592702,25.480648706439432,1.72,597143.0,347190.0,944333.0,16.86,15024.49,3401.86,2.483,6.8,979.92,109.23,1436.0,84.1,82.9,1211.6,97.0,0.0076400180136335,0.0075656003762336,0.0165560051678363,0.0073388412554429,-0.0009645527634729,-0.014909754366287,0.0158989164934411,0.2368379059128607,0.0887331635125505,0.1798050637941806,0.0,0.9553326500254311
731,2013-06-28,1606.28,-0.0042988374872958,25.675743327069256,1.73,449461.0,260501.0,709962.0,16.86,14909.6,3403.25,2.478,6.74,977.48,109.53,1433.599976,84.1,83.14,1223.7,96.36,-0.0076762356332409,0.000408516546928,-0.0024931043872813,-0.0016727241285749,0.0028908716832418,0.0099372558385404,-0.0066198007567122,-0.2841075286204457,-0.2872654805704506,-0.2852674107033461,0.0,0.9592737851106645
732,2013-07-01,1614.96,0.0053892420362551,24.875052611181644,1.71,408421.0,238851.0,647272.0,16.37,14974.96,3434.49,2.49,6.78,989.84,109.87,1444.300049,85.1,83.05,1255.7,97.94,0.0043741720950976,0.0091375856251456,0.0125654826135717,0.0074360625539959,-0.0010830977651874,0.0258141300032956,0.0162638685275009,-0.0957505819326289,-0.0867667734023669,-0.092444839464779,0.0118204686004261,0.9366358378376346
733,2013-07-02,1614.08,-0.0005450536517273,23.998921661500145,1.32,443400.0,335533.0,778933.0,16.44,14932.41,3433.4,2.469,6.74,989.54,110.39,1444.900024,85.1,83.54,1243.4,99.65,-0.0028454543953042,-0.0003174191808987,-0.0003031252233505,0.0004153225761207,0.0058827230097255,-0.0098436231596812,0.0173090003846319,0.0821737920373752,0.3398803856751033,0.1851584264581767,0.0,0.9372413856083672
734,2013-07-03,1615.41,0.0008236595098241,22.74938124953465,1.81,270672.0,149868.0,420540.0,16.2,14988.55,3443.67,2.501,6.77,991.13,109.3,1440.599976,85.1,83.23,1251.9,101.92,0.003752557797533,0.0029867393045446,0.0016055176698221,-0.0029804548141738,-0.003717699311025,0.0068128344303799,0.0225241451650495,-0.493564541449274,-0.8059654055614338,-0.6163854347294038,0.0,0.9836409409465313
735,2013-07-08,1640.46,0.0052378380021176,21.757247005002515,1.52,694510.0,457551.0,1152061.0,14.78,15224.69,3484.83,2.645,6.84,1009.25,108.17,1457.5,85.1,84.19,1234.9,103.03,0.0156318758590767,0.0118814993756384,0.0181170533808581,0.01166296242911,0.0114682895915683,-0.0136724021418404,0.0108320161331239,0.9422988052058924,1.1161334472435414,1.0077681915025618,0.0,0.9822850114088522
736,2013-07-09,1652.32,0.0072036706293223,21.870761261470307,1.13,510859.0,451654.0,962513.0,14.35,15300.34,3504.26,2.63,6.76,1018.05,108.25,1468.5,85.1,84.58,1245.9,103.46,0.0049565982329813,0.0055601086997594,0.0086815520848269,0.0075188324140276,0.0046216826947702,0.0088681651810409,0.0041648566183924,-0.3071129383605893,-0.0129719539404895,-0.1797602186786147,0.0,0.9807481944465263
737,2013-07-10,1652.62,0.0001815464128389,21.493791298026725,1.25,426578.0,341857.0,768435.0,14.21,15291.66,3520.76,2.68,6.72,1020.42,107.11,1473.300049,85.1,84.04,1247.4,106.41,-0.0005674686344754,0.0046975041612657,0.0023252744144999,0.0032633443333036,-0.0064049560675432,0.0012032247872051,0.028114492878271,-0.1802983884286959,-0.2785238790045277,-0.2251915935140367,0.0,1.0109192991082352
738,2013-07-11,1675.02,0.0134631981504567,23.017557276648837,1.2,685740.0,569656.0,1255396.0,14.01,15460.92,3578.3,2.574,6.54,1033.18,108.995,1496.699951,85.1,82.75,1279.9,104.77,0.0110079680582906,0.0162109518996391,0.0124271174655223,0.0157578358244308,-0.0154688617196274,0.0257205647697231,-0.0155320860887666,0.4747033129880176,0.5106401489044714,0.4908503605926952,0.0,1.011631289060572
739,2013-07-12,1680.19,0.0030817767542261,24.572633605174385,1.35,515832.0,382307.0,898139.0,13.84,15464.3,3600.08,2.601,6.47,1036.52,108.1,1498.300049,85.1,82.99,1277.6,105.85,0.0002185918168713,0.0060682401418361,0.00322752369848,0.0010685129564196,0.0028961043531845,-0.001798631960943,0.0102555262160004,-0.2847174160644776,-0.3988087191096365,-0.3348814949004772,0.0,1.0101643502018307
740,2013-07-15,1682.5,0.0013739002782671,26.63952171561373,1.22,507495.0,417599.0,925094.0,13.79,15484.26,3607.49,2.556,6.39,1043.3,109.29,1500.900024,85.1,83.04,1283.5,106.2,0.0012898824867733,0.0020561722218985,0.0065198180775443,0.0017337793998457,0.0006023008072215,0.0046074034103922,0.003301111226964,-0.0162942724224226,0.0882976911672397,0.0295705092285043,0.0,0.9740811550883287
741,2013-07-16,1676.26,-0.0037156612435484,27.992855829059803,1.74,485720.0,278637.0,764357.0,14.42,15451.85,3598.5,2.532,6.33,1038.75,110.08,1500.5,85.1,82.5,1290.4,105.88,-0.0020952868254777,-0.002495147693553,-0.0043706993042658,-0.0002665582722531,-0.0065241260769433,0.0053615264998043,-0.0030177314489376,-0.0438545324650423,-0.4046117825102957,-0.1908603964576158,0.0,0.9702190249943453
742,2013-07-17,1680.91,0.0027701921402023,29.55367153603107,1.45,552918.0,381114.0,934032.0,13.78,15470.52,3610.0,2.491,6.24,1042.53,110.979,1503.400024,85.1,82.71,1277.5,106.39,0.0012075401897497,0.0031906803790686,0.0036323840676661,0.0019308398267625,0.0025422203631801,-0.0100472047331399,0.0048052101693736,0.1295773822441894,0.3131886835507131,0.2004757413706048,0.0,0.9654354322757298
743,2013-07-18,1689.37,0.0050203649363593,31.119438032257136,1.15,664644.0,578033.0,1242677.0,13.77,15548.54,3611.28,2.534,6.15,1050.27,111.55,1511.099976,85.1,82.82,1284.2,107.94,0.0050304660765618,0.0003545077918047,0.0073968227158296,0.0051086208300601,0.0013290644136061,0.0052309132820882,0.0144639296622228,0.1840418505354488,0.4165324174982512,0.2855125036695334,0.0,0.9229930210120872
744,2013-07-19,1692.09,0.0016087728890168,32.8296895363429,1.38,367196.0,266073.0,633269.0,12.54,15543.74,3587.61,2.491,6.11,1050.48,111.7,1513.5,85.1,82.61,1292.9,108.0,-0.0003087583180221,-0.0065760375000198,0.0001999285975955,0.0015870029245288,-0.002538839543007,0.0067518009005596,0.0005557099337227,-0.5933557935244416,-0.7758602532469876,-0.6741279101738797,0.0,0.9141548702027225
745,2013-07-22,1695.53,0.0020309250638508,34.58542513428612,2.29,362466.0,158074.0,520540.0,12.29,15545.55,3600.39,2.488,6.08,1053.41,111.53,1520.599976,85.1,82.22,1336.0,106.61,0.0001164388123413,0.0035559302911902,0.0027853185235393,0.0046801285493192,-0.0047321571046818,0.0327923178360833,-0.0129539111618361,-0.0129650886483823,-0.5207074294075849,-0.1960285580938094,0.0,0.8904371176068895
746,2013-07-23,1692.39,-0.0018536452449211,36.00751926574942,1.62,285296.0,175796.0,461092.0,12.66,15567.74,3579.27,2.516,6.07,1052.2,112.0,1519.800049,85.1,81.94,1334.7,107.13,0.0014264003428969,-0.0058833039222783,-0.0011493107775821,-0.0005261985343238,-0.0034113093510068,-0.0009735276164848,0.0048657343120828,-0.2394034390007426,0.1062609540500219,-0.1212691450392622,0.0,0.8945059375236537
747,2013-07-24,1685.94,-0.0038184593198931,36.910989250715,1.91,340841.0,178792.0,519633.0,13.18,15542.24,3579.6,2.588,6.18,1043.83,110.95,1518.400024,85.1,82.29,1319.5,105.41,-0.0016393456833352,9.219332107868183e-05,-0.0079865693622638,-0.0009216148149935,0.0042623214988966,-0.0114536705367269,-0.0161855420073688,0.1778888550917035,0.0168988871454569,0.119525203925864,0.0,0.8701000038676696
748,2013-07-25,1690.25,0.0025531752308376,37.5609329997432,1.65,338525.0,204866.0,543391.0,12.97,15555.61,3605.19,2.607,6.29,1054.18,111.05,1517.699951,85.1,81.97,1328.8,105.47,0.0008598665710835,0.007123411598485,0.0098665725745785,-0.0004611659814708,-0.0038962669526831,0.0070234023557063,0.0005690440214252,-0.0068181480145064,0.1361329878648174,0.0447063412977506,0.0,0.8507452802651039
749,2013-07-26,1691.65,0.000827937005809,38.53466685382546,1.96,521981.0,266317.0,788298.0,12.72,15558.83,3613.16,2.561,6.3,1048.51,110.66,1516.199951,85.1,81.66,1321.5,104.76,0.0002069778541073,0.0022082617880148,-0.0053931047780979,-0.0009888263757371,-0.0037890407735092,-0.0055088242547416,-0.0067545326490119,0.4330332438838784,0.2623312216853453,0.372047056487375,0.0,0.8186135903674849
750,2013-07-29,1685.33,-0.0037429936680695,39.03270544508642,1.95,274317.0,140426.0,414743.0,13.39,15521.97,3599.14,2.585,6.29,1040.66,110.25,1508.900024,85.1,81.66,1328.4,104.61,-0.0023718834316142,-0.0038878076783852,-0.0075149814940793,-0.0048262478793343,0.0,0.0052077554582483,-0.0014328702838417,-0.6433468167908849,-0.6400066689270485,-0.6422171396664869,0.0,0.8083306132243115
751,2013-07-30,1685.96,0.0003737441794289,39.6198047030483,1.35,311831.0,231571.0,543402.0,13.39,15520.59,3616.47,2.603,6.3,1043.51,110.09,1510.300049,85.1,81.83,1324.8,103.14,-8.891019303369774e-05,0.0048034839249631,0.0027349033681778,0.0009274145909481,0.0020796386478609,-0.0027137058715966,-0.0141518607328565,0.1281770024265487,0.5002058623369745,0.2701903262244762,0.0,0.799676360401813
752,2013-07-31,1685.73,-0.0001364300990642,40.18242536428024,1.65,385451.0,233602.0,619053.0,13.45,15499.54,3626.37,2.593,6.34,1045.26,109.26,1507.900024,85.1,81.45,1313.0,105.1,-0.001357183430958,0.0027337359835328,0.0016756276751008,-0.0015903687282561,-0.0046545894912366,-0.0089469093281993,0.0188249892600929,0.2119527028836927,0.0087322905920466,0.1303415134746952,0.0,0.8181387113651641
753,2013-08-01,1706.87,0.0124625795048718,41.2685773826819,1.25,578265.0,464309.0,1042574.0,12.94,15628.02,3675.74,2.723,6.37,1059.88,108.55,1524.900024,82.1,82.34,1311.2,107.93,0.0082551108808299,0.0135223249955274,0.0138900358703617,0.0112108795717791,0.0108676812937051,-0.0013718468731758,0.0265705909543498,0.4056181638402059,0.6869314662957038,0.5212570433770303,-0.0358890191209457,0.767677911064161
754,2013-08-02,1709.67,0.0016390855232915,40.67198362022869,1.74,521405.0,300242.0,821647.0,11.98,15658.36,3689.59,2.602,6.36,1059.86,109.91,1533.900024,82.1,81.91,1310.5,106.94,0.0019395027172048,0.0037608678293246,-1.8870238803536665e-05,0.0058846775407506,-0.0052359328142488,-0.000534004666159,-0.0092149393166698,-0.1035051500923547,-0.4359614627147863,-0.2381370719362419,0.0,0.5842702739845135
755,2013-08-05,1707.14,-0.0014809137542792,39.79537049254084,1.58,379311.0,239525.0,618836.0,11.84,15612.13,3692.95,2.64,6.38,1063.01,109.12,1530.5,82.1,81.88,1302.4,106.61,-0.0029567834517933,0.0009102558826619,0.0029676827237414,-0.0022190480149868,-0.0003663227344219,-0.0062000275151854,-0.0030906135582018,-0.3181706419547048,-0.2259310206052376,-0.2834705683072656,0.0,0.6028642072330677
756,2013-08-06,1697.37,-0.0057394613731718,36.719975734277085,2.77,423070.0,152573.0,575643.0,12.72,15518.74,3665.77,2.642,6.41,1052.14,109.15,1528.099976,82.1,81.6,1282.5,105.32,-0.0059998503193678,-0.0073871878810898,-0.0102783213441961,-0.0015693614800342,-0.0034254988230273,-0.0153974182033511,-0.0121739813342749,0.1091812009235067,-0.4510146254996829,-0.0723526172447179,0.0,0.5517523098853808
757,2013-08-07,1690.91,-0.0038131487524175,34.011501475802305,1.67,335128.0,200512.0,535640.0,12.98,15470.67,3654.01,2.6,6.42,1044.34,108.89,1519.300049,82.1,81.29,1285.3,104.41,-0.0031023526136504,-0.0032132140906551,-0.0074410783696841,-0.0057753832040177,-0.0038062542115797,0.0021808560711615,-0.0086778783260896,-0.233025101589094,0.2732309252924718,-0.0720253832516046,0.0,0.5362436548526658
758,2013-08-08,1697.48,0.0038779527938554,32.1063156961523,1.35,374716.0,277454.0,652170.0,12.73,15498.32,3669.12,2.587,6.4,1049.47,109.06,1527.800049,82.1,80.98,1309.9,103.45,0.0017856576754358,0.0041266566188813,0.0049001678900895,0.005579089478104,-0.0038207971544661,0.0189586442875171,-0.0092370521104667,0.1116558573156343,0.3247810583503341,0.1968429705098309,0.0,0.5277851822846232
759,2013-08-09,1691.42,-0.003576385528766,30.3513000724304,2.1,459166.0,218132.0,677298.0,13.41,15425.51,3660.11,2.58,6.4,1048.4,109.78,1526.900024,82.1,81.13,1312.2,106.04,-0.0047089985001687,-0.0024586496913752,-0.0010200823623804,-0.0005892722719318,0.0018505958029582,0.0017543195071736,0.0247279772292721,0.2032433947369636,-0.2405547695477512,0.0378060891780762,0.0,0.5237017162814961
760,2013-08-12,1689.47,-0.0011535425383444,27.63591472411228,1.46,286792.0,196353.0,483145.0,12.81,15419.68,3669.95,2.605,6.4,1053.67,109.73,1524.099976,82.1,81.33,1334.2,106.19,-0.0003780168038804,0.0026848363890188,0.0050141156490894,-0.0018354957627817,0.0024621457717106,0.0166267433646378,0.0014135609949299,-0.4706545861186484,-0.105186324386203,-0.3377945376764799,0.0,0.5122777492342893
761,2013-08-13,1694.16,0.0027721724913956,25.210494870269684,1.28,373244.0,292642.0,665886.0,12.31,15451.01,3684.44,2.715,6.43,1051.99,108.83,1527.199951,82.1,81.77,1320.5,106.78,0.0020297577252996,0.00394050866206,-0.0015956995492869,0.0020319051818704,0.0053954759952015,-0.0103214085382274,0.0055407006562857,0.2634751469397187,0.3990359592087973,0.3208016690789677,0.0,0.5228501165391528
762,2013-08-14,1685.39,-0.0051900517442762,22.00221796540002,1.73,437841.0,252411.0,690252.0,13.04,15337.66,3669.27,2.712,6.4,1047.8,108.65,1527.0,82.1,81.71,1333.4,106.89,-0.0073631314449134,-0.00412581445803,-0.0039908805749346,-0.0001309351080438,-0.0007340347772695,0.0097216184467727,0.001029625213814,0.1596234694990439,-0.1478913076210144,0.0359382635892107,0.0,0.5958581708592399
763,2013-08-15,1661.32,-0.0143845239262603,18.55784107586212,1.48,770838.0,519621.0,1290459.0,14.73,15112.19,3606.12,2.755,6.48,1027.61,108.38,1508.099976,82.1,81.18,1360.9,107.43,-0.014809539020451,-0.0173603301018552,-0.0194570103727391,-0.0124544617660573,-0.0065074819858645,0.0204141743823118,0.005039204392597,0.5656224039818056,0.7220409883502512,0.6256964997154615,0.0,0.60097464994435
764,2013-08-16,1655.83,-0.0033100734140072,16.694142702437908,1.91,608286.0,319157.0,927443.0,14.37,15081.47,3602.78,2.829,6.5,1024.3,107.75,1508.800049,82.1,81.26,1371.0,107.58,-0.0020348649749735,-0.0009266324235284,-0.003226265158891,0.0004641009027572,0.0009849791488294,0.0073941549960423,0.0013952841666453,-0.2368330686521123,-0.4874165549623814,-0.3303219109549182,0.0,0.5453563634544711
765,2013-08-19,1646.06,-0.0059178400932662,16.21432488893207,1.76,473073.0,268401.0,741474.0,15.1,15010.74,3589.09,2.884,6.55,1013.25,106.81,1501.400024,82.1,81.23,1365.7,107.14,-0.0047008930385352,-0.0038070812000441,-0.0108464659340707,-0.0049166432313496,-0.0003692534967179,-0.0038732828779357,-0.0040983663922826,-0.2513954554803721,-0.1732010138487592,-0.2237912401636261,0.0,0.5334720543614913
766,2013-08-20,1652.35,0.0038139634700922,16.212289279210616,1.72,380219.0,220980.0,601199.0,14.91,15002.99,3613.59,2.814,6.58,1028.57,106.46,1500.599976,82.1,80.91,1372.6,104.9,-0.000516430325204,0.0068030495569111,0.0150065015505616,-0.0005330100059568,-0.0039472112431147,0.0050396337901554,-0.0211288750505627,-0.2185023081179764,-0.1944099311879714,-0.2097141023664388,0.0,0.5438293216460505
767,2013-08-21,1642.8,-0.0057964139652053,16.954841725173505,2.41,740639.0,307312.0,1047951.0,15.94,14897.55,3599.79,2.855,6.6,1021.58,106.12,1489.699951,82.1,81.21,1370.1,103.93,-0.0070527446700996,-0.0038262276037084,-0.0068190396661922,-0.0072902876250076,0.0037009664745708,-0.001823021615471,-0.0092899198019207,0.6667659245946851,0.3297913184774685,0.5556661135252643,0.0,0.5070611643544426
768,2013-08-22,1656.96,0.0085824950407147,17.590165355562625,1.7,404745.0,238528.0,643273.0,14.76,14963.74,3638.71,2.901,6.62,1036.2,106.27,1497.800049,82.1,81.49,1370.8,104.93,0.0044331714003433,0.010753712804016,0.0142097269879002,0.0054226730368958,0.0034419210378091,0.0005107811413909,0.0095758655694888,-0.60425608792149,-0.2533768143057031,-0.4880229016131547,0.0,0.5093097670145863
769,2013-08-23,1663.5,0.0039392183354127,17.952446857060508,2.1,399958.0,190691.0,590649.0,13.98,15010.51,3657.79,2.818,6.59,1038.24,106.86,1508.5,82.1,81.36,1395.8,106.48,0.0031206811150497,0.0052299166695544,0.0019667964921703,0.0071183820692013,-0.0015965615918238,0.0180732165825974,0.014663712917037,-0.011897697581837,-0.2238323869105265,-0.0853472741064926,0.0,0.5126785966627851
770,2013-08-26,1656.78,-0.004047856913079,18.56854635325103,2.0,275924.0,138126.0,414050.0,14.99,14946.46,3657.57,2.805,6.56,1038.47,107.05,1504.400024,82.1,81.41,1393.1,105.88,-0.0042761399165627,-6.0147415865685616e-05,0.0002215042070776,-0.0027216160497305,0.0006143638455817,-0.0019362478708719,-0.0056507967279557,-0.371234076115952,-0.3224880048814533,-0.3552351928633577,0.0,0.5823122049545181
771,2013-08-27,1630.48,-0.016001509567328,20.795347039672937,1.7,663285.0,389211.0,1052496.0,16.77,14776.13,3578.52,2.721,6.57,1013.49,106.61,1484.400024,82.1,81.17,1420.2,109.11,-0.011461441590896,-0.0218496853701726,-0.0243486560347818,-0.0133834971947939,-0.0029523948128016,0.0192662270358141,0.0300501703081064,0.8770792965949425,1.0359553009514446,0.9329330255945472,0.0,0.5822549209915499
772,2013-08-28,1634.96,0.0027438892221569,22.38562835339476,1.14,419545.0,367866.0,787411.0,16.49,14824.51,3593.35,2.782,6.57,1016.5,105.95,1480.0,82.1,81.43,1418.8,110.17,0.0032688511518621,0.0041356079061021,0.0029655340232475,-0.0029685785964304,0.0031980347059556,-0.0009862628485262,0.0096680796849666,-0.4580339713597112,-0.0564028715936952,-0.2901694166342583,0.0,0.5740964076078412
773,2013-08-29,1638.17,0.0019614259312179,23.480016800680453,1.83,385188.0,210103.0,595291.0,16.81,14840.95,3620.3,2.751,6.54,1026.94,106.03,1481.099976,82.1,81.95,1412.9,108.51,0.0011083598018029,0.0074719803111751,0.0102181525634224,0.0007429509705936,0.0063655497107983,-0.0041671141277053,-0.0151822927198574,-0.0854392639236341,-0.5601208547587486,-0.2796999868226208,0.0,0.601521408251612
774,2013-09-04,1653.08,0.0080842264234286,25.13769290741327,1.54,404240.0,261754.0,665994.0,15.88,14930.87,3649.04,2.897,6.57,1025.58,104.92,1496.300049,77.5,82.17,1390.0,107.29,0.0060406299262609,0.0079072239695161,-0.0013252004355921,0.0102103882080628,0.0026809667532576,-0.0163405826470244,-0.011306885983461,0.0482772341929109,0.2198072447274697,0.1122302998734223,-0.0576600800990814,0.6003903273225764
775,2013-09-05,1655.08,0.0012091315073439,25.17863728921621,1.98,421359.0,212320.0,633679.0,15.77,14937.48,3658.78,2.979,6.61,1028.69,105.06,1497.599976,77.5,82.63,1373.0,108.5,0.000442608989644,0.002665639210436,0.0030278418864071,0.0008683837608689,0.005582538769997,-0.0123056203567664,0.0112147243318592,0.0414764409211496,-0.2093105608073866,-0.0497381444195959,0.0,0.600233236041714
776,2013-09-06,1655.17,5.437655767526195e-05,25.06639908978009,1.61,535437.0,333440.0,868877.0,15.85,14922.5,3660.01,2.938,6.6,1029.55,105.97,1502.400024,77.5,82.15,1386.5,110.62,-0.0010033497180312,0.0003361211379431,0.0008356654715164,0.003200034730753,-0.0058259662298159,0.0097844592878617,0.0193507315860177,0.2395980340032188,0.4513683685410505,0.3156590561738728,0.0,0.6280153043282505
777,2013-09-09,1671.71,0.0099433320560935,24.728981110761744,1.32,306055.0,231716.0,537771.0,15.63,15063.12,3706.18,2.897,6.57,1046.08,105.86,1515.900024,77.5,81.79,1386.7,109.62,0.0093792311688076,0.0125358169203799,0.0159280309816907,0.0089454923697127,-0.0043918577363948,0.0001442377039859,-0.0090810649485613,-0.5593184115445897,-0.363950455258534,-0.4797687542558257,0.0,0.6413758959685876
778,2013-09-10,1683.99,0.0073189229171095,24.699903357237485,1.43,534100.0,372272.0,906372.0,14.53,15191.06,3729.02,2.959,6.57,1055.72,105.36,1529.099976,77.5,81.82,1364.0,107.48,0.0084577246953134,0.0061437679801361,0.0091731540563309,0.0086699735204467,0.00036672575437,-0.0165052643564109,-0.0197150558706802,0.5568182629822935,0.4741122860185225,0.5220169988087378,0.0,0.6437711640831001
779,2013-09-11,1689.13,0.0030476259239931,24.781231069665097,1.4,598335.0,427608.0,1025943.0,13.82,15326.6,3725.01,2.92,6.54,1055.34,106.0,1535.699951,77.5,81.52,1363.8,107.65,0.0088827840154088,-0.0010759281588175,-0.0003600087198885,0.004306959905775,-0.0036733235867831,-0.0001466383168553,0.0015804400630816,0.1135677104199857,0.138582118164841,0.1239176508339046,0.0,0.6430976614168088
780,2013-09-12,1683.42,-0.0033861650418574,24.73160723510674,1.4,431250.0,307066.0,738316.0,14.29,15300.64,3715.97,2.907,6.52,1048.48,106.56,1532.900024,77.5,81.49,1330.6,108.72,-0.0016952233513016,-0.0024297886696604,-0.0065214935811015,-0.0018248893957135,-0.0003680755823411,-0.0246449527787655,0.0098905460325164,-0.327462829420142,-0.3311441798549133,-0.328995551394307,0.0,0.6450065037863582
781,2013-09-13,1687.99,0.0027110335432416,23.9660772735103,1.45,354486.0,244399.0,598885.0,14.16,15376.06,3722.18,2.898,6.51,1053.98,106.39,1533.699951,77.5,81.45,1308.6,108.31,0.0049170968166514,0.0016697704248649,0.0052319782980188,0.0005217028791921,-0.0004909782840742,-0.016672104872148,-0.0037782839952429,-0.1960191153958206,-0.2282605725588222,-0.2093023241983385,0.0,0.6531237920698789
782,2013-09-16,1697.6,0.0056770168919806,23.344067901754183,1.22,555268.0,453962.0,1009230.0,14.38,15494.78,3717.85,2.874,6.4,1056.25,107.5,1546.5,77.5,81.3,1317.8,106.54,0.007691438604942,-0.0011639739325968,0.0021514250821779,0.0083112284172717,-0.0018433184942887,0.0070058160440806,-0.0164769843587926,0.4487820271291483,0.6192113584616994,0.5218733498018846,0.0,0.615743744498153
783,2013-09-17,1704.76,0.0042088494865897,23.210416201022745,1.55,457244.0,294872.0,752116.0,14.53,15529.73,3745.7,2.853,6.42,1066.39,108.08,1547.199951,77.5,81.14,1309.4,105.36,0.0022530582938866,0.0074629711761495,0.0095542128048116,0.0004525009037914,-0.0019699587754642,-0.0063946624727284,-0.0111374440538272,-0.194233714818564,-0.4314721302241153,-0.2940523754682722,0.0,0.6543994725948513
784,2013-09-18,1725.52,0.0121041159678103,24.94294763838781,1.04,744312.0,718486.0,1462798.0,13.59,15676.94,3783.64,2.708,6.34,1076.97,110.638,1561.5,77.5,80.24,1307.6,108.23,0.009434591511825,0.0100779938526258,0.009872430139028,0.0092000836942176,-0.0111539141246206,-0.0013756211569351,0.0268755348720288,0.4872431365068035,0.8906048564173439,0.6652157516605239,0.0,0.6547789120898057
785,2013-09-19,1722.34,-0.0018446229845165,26.50846094370604,0.96,603757.0,629429.0,1233186.0,13.16,15636.55,3789.38,2.748,6.23,1075.27,110.11,1573.099976,77.5,80.37,1369.3,106.26,-0.0025797202674944,0.0015159080787316,-0.0015797497988563,0.0074012818488258,0.0016188285709466,0.0461062644881318,-0.0183696712842573,-0.209288502664668,-0.1323331610945306,-0.1707499756644868,0.0,0.6600768938625174
786,2013-09-20,1709.91,-0.0072430937969336,27.04469214916422,1.8,574639.0,319126.0,893765.0,13.12,15451.09,3774.73,2.732,6.26,1072.83,109.93,1563.300049,77.5,80.43,1332.5,104.7,-0.0119315715316847,-0.0038735603575172,-0.0022717760340729,-0.0062491766447285,0.0007462686913504,-0.0272427832981883,-0.0147898031463062,-0.0494297815574,-0.6792270500713506,-0.321913466284732,0.0,0.6622279101051858
787,2013-09-23,1701.84,-0.0047307188688172,27.38864432225292,2.09,489928.0,233948.0,723876.0,14.31,15401.38,3765.29,2.714,6.3,1072.13,109.75,1557.900024,77.5,80.45,1327.0,103.62,-0.0032224352225984,-0.0025039734463057,-0.0006526928472796,-0.0034602270034937,0.0002486325224149,-0.0041361217077922,-0.0103687564898491,-0.159483576012466,-0.3104871406846268,-0.2108227700851852,0.0,0.6604832735425965
788,2013-09-24,1697.42,-0.0026005674711671,27.613549739035456,1.52,364334.0,239787.0,604121.0,14.08,15334.59,3768.25,2.653,6.3,1074.68,109.77,1555.599976,77.5,80.56,1316.3,103.22,-0.004346054809952,0.000785819190531,0.0023756188943204,-0.0014774680702753,0.0013663749719148,-0.0080959849008452,-0.0038677286660604,-0.2961874121996803,0.024652160840235,-0.1808455980019374,0.0,0.6590992388515724
789,2013-09-25,1692.77,-0.0027432108029445,27.57451426392376,1.99,451853.0,227122.0,678975.0,14.01,15273.26,3761.1,2.614,6.31,1073.51,109.65,1553.800049,77.5,80.33,1336.2,102.68,-0.0040074740355287,-0.0018992349005486,-0.0010892892301788,-0.001157732801551,-0.0028590982245857,0.0150049940600149,-0.005245276717642,0.2152858763644758,-0.0542637112371764,0.1168097990325716,0.0,0.6616213796087069
790,2013-09-26,1698.67,0.0034793515156161,27.91845441856005,1.35,400638.0,295876.0,696514.0,14.06,15328.3,3787.43,2.643,6.33,1078.41,109.83,1556.699951,77.5,80.52,1324.1,103.1,0.0035972061130848,0.0069762210085588,0.0045540805129249,0.0018645895130511,0.0023624505858697,-0.0090967811456659,0.0040820350199748,-0.1202986292509571,0.2644531295905779,0.0255035854907461,0.0,0.6642470986192898
791,2013-09-27,1691.75,-0.0040820957930209,28.09141648252661,1.85,586718.0,317767.0,904485.0,15.46,15258.24,3781.59,2.619,6.36,1074.19,109.12,1555.0,77.5,80.27,1339.2,102.86,-0.0045811080642952,-0.0015431327064483,-0.0039208449374514,-0.0010926189516267,-0.0031096486281052,0.0113394373895001,-0.0023305506761444,0.3814860190897455,0.0713779621845009,0.2612778274295504,0.0,0.6667047615851887
792,2013-09-30,1681.55,-0.0060475090187601,27.95962129541931,2.4,577741.0,240385.0,818126.0,16.6,15129.67,3771.48,2.615,6.47,1073.79,109.028,1543.699951,77.5,80.22,1327.0,102.36,-0.0084619684069107,-0.002677058742444,-0.0003724429507014,-0.0072934451674582,-0.0006230918015788,-0.0091516654030039,-0.0048728290551816,-0.015418624175032,-0.2790766051109141,-0.1003493619793882,0.0,0.6255845841725511
793,2013-10-01,1695.0,0.0079667537209759,27.743367363000846,1.79,476134.0,266013.0,742147.0,15.54,15191.7,3817.98,2.646,6.44,1087.43,108.75,1553.5,73.2,80.14,1286.1,102.09,0.0040915094887967,0.0122539895775339,0.0126226678511223,0.0063283493872257,-0.0009977551339082,-0.0313063720601665,-0.0026412341106638,-0.1934263441419297,0.1013033750602581,-0.0974690222174246,-0.0570825153920351,0.6216202597656997
794,2013-10-02,1693.87,-0.0006668889877037,27.614223812671927,1.43,456204.0,318708.0,774912.0,16.6,15133.14,3815.02,2.626,6.41,1082.55,108.5,1551.0,73.2,79.9,1320.7,104.15,-0.0038621851124283,-0.0007755797585158,-0.0044977448886589,-0.0016105656565628,-0.00299925243577,0.0265475157777181,0.0199773905260567,-0.0427592493232023,0.1807301433170778,0.0432021377660465,0.0,0.6354127977376449
795,2013-10-03,1678.66,-0.0090199957444818,26.880556952259777,1.54,564293.0,365782.0,930075.0,17.67,14996.48,3774.34,2.606,6.37,1070.9,108.44,1542.800049,73.2,79.75,1317.6,103.29,-0.009071534070177,-0.0107203742080574,-0.0108199527795616,-0.0053009050820316,-0.0018791111072751,-0.002349999186328,-0.0082916016884393,0.2126335422528864,0.1377622044439714,0.1825157535378014,0.0,0.6436207560380729
796,2013-10-04,1690.5,0.0070284870655754,26.693909340086805,1.77,506533.0,285531.0,792064.0,16.74,15072.58,3807.75,2.652,6.36,1078.25,108.72,1547.5,73.2,80.12,1309.9,103.83,0.0050616921498729,0.008812930534896,0.0068399401211225,0.0030417464642438,0.0046287691326636,-0.0058611014598275,0.0052143802968203,-0.1079841455716756,-0.247686922891388,-0.1606230314265087,0.0,0.655029456412349
797,2013-10-07,1676.12,-0.0085427446236554,26.546580912720565,2.04,386981.0,189401.0,576382.0,19.41,14936.24,3770.38,2.634,6.35,1065.79,109.17,1536.400024,73.2,79.94,1325.1,103.07,-0.0090867243773757,-0.0098626713771388,-0.0116230483326686,-0.0071986924660691,-0.0022491575144396,0.011537129866987,-0.0073465772666612,-0.2692138783599151,-0.4104841440685192,-0.3178715613063545,0.0,0.6788333623640548
798,2013-10-08,1655.45,-0.0124087233488676,26.58610592312496,1.59,640285.0,401970.0,1042255.0,20.34,14776.53,3694.83,2.636,6.34,1047.26,109.45,1523.099976,73.2,80.06,1324.6,103.54,-0.0107503634391292,-0.0202412469136579,-0.0175390785953952,-0.0086943172285609,0.0015000002812497,-0.000377401219711,0.0045496424250544,0.503537793514214,0.7525109983995417,0.5923712787388222,0.0,0.6748383023740642
799,2013-10-09,1656.4,0.0005736974959953,25.347644477730164,1.68,675931.0,401949.0,1077880.0,19.6,14802.98,3677.78,2.65,6.34,1043.46,109.37,1519.800049,73.2,80.38,1307.2,101.63,0.0017884006225763,-0.004625235946456,-0.0036351153520826,-0.0021689363873527,0.0039890354566276,-0.0132230819451404,-0.0186192443240802,0.0541776100959161,-5.224406937820447e-05,0.0336095139556391,0.0,0.7801099082152128
800,2013-10-10,1692.56,0.0215956030036492,23.974239433847615,1.45,694167.0,480045.0,1174212.0,16.48,15126.07,3760.75,2.685,6.3,1069.5,109.55,1545.900024,73.2,80.42,1296.9,103.08,0.0215912333633756,0.0223090963195726,0.0246491352746547,0.0170275010504568,0.0004975124480726,-0.0079106437640428,0.0141666186344888,0.0266215657374022,0.1775546346084304,0.0856011352833885,0.0,0.7199469609460677
801,2013-10-11,1703.2,0.0062666589042077,22.807423624961345,1.9,588211.0,308838.0,897049.0,15.72,15237.11,3791.87,2.682,6.3,1084.31,109.82,1557.400024,73.2,80.36,1268.2,102.17,0.0073141545137112,0.0082408955088926,0.013752590453036,0.0074114990259595,-0.0007463615223937,-0.0223782290757643,-0.008867293180832,-0.1656268384977508,-0.4410629819331308,-0.2692420762022234,0.0,0.7211590088775462
802,2013-10-14,1710.14,0.0040664039111897,21.15229728822238,1.44,546662.0,378660.0,925322.0,16.07,15301.26,3815.27,2.691,6.27,1090.3,109.95,1562.800049,73.2,80.26,1276.6,102.46,0.004201278218705,0.0061521343908559,0.0055090477368393,0.0034613359817106,-0.0012451751079627,0.0066017215560254,0.0028343859077244,-0.0732550315387676,0.203821837249654,0.0310312979452547,0.0,0.7379041344638009
803,2013-10-15,1698.06,-0.007088815554411,19.30732945203247,1.48,556365.0,375255.0,931620.0,18.66,15168.01,3794.01,2.72,6.23,1079.62,109.91,1558.199951,73.2,80.48,1273.2,101.15,-0.0087465731535996,-0.0055879282455517,-0.0098437603603089,-0.0029478380846788,0.0027373415126579,-0.0026668774140192,-0.0128679148973018,0.017593858157058,-0.0090329099490347,0.0067832211761693,0.0,0.7600151656759386
804,2013-10-16,1721.54,0.0137328161229808,19.025727940679324,1.59,840864.0,529786.0,1370650.0,14.71,15373.83,3839.43,2.671,6.21,1092.42,110.45,1570.300049,73.2,80.47,1282.3,102.34,0.0134781084408892,0.0119004108317071,0.0117862913919015,0.0077354376449196,-0.0001242621933874,0.0071219240571327,0.0116960397631915,0.4130053809633995,0.3448673565475904,0.3861153526387575,0.0,0.7662749237208132
805,2013-10-17,1733.15,0.0067213230176514,19.317310529328715,1.24,912667.0,736275.0,1648942.0,13.48,15371.65,3863.15,2.587,6.12,1102.27,111.38,1586.599976,73.2,79.65,1323.0,100.72,-0.0001418094629617,0.0061589947735107,0.0089762710335197,0.0103266316460803,-0.010242407801984,0.0312465446498855,-0.0159562136408544,0.0819411477615243,0.3291305388239358,0.1848487902491111,0.0,0.7710166445617601
806,2013-10-18,1744.5,0.0065274195501485,20.09980046779337,1.38,783635.0,568249.0,1351884.0,13.04,15399.65,3914.28,2.589,6.06,1114.77,111.45,1598.099976,73.2,79.65,1314.6,100.87,0.0018198781155103,0.0131484916284208,0.0112764158116265,0.0072220618320129,0.0,-0.0063694482854801,0.0014881693306527,-0.1524277316916702,-0.2590439873044161,-0.1986346950035891,0.0,0.7556977480284179
807,2013-10-21,1744.66,9.171261857421342e-05,21.391393588302787,1.5,409258.0,272673.0,681931.0,13.16,15392.2,3920.05,2.609,6.02,1112.48,111.22,1599.699951,73.2,79.69,1315.8,99.28,-0.0004838942866616,0.0014730043394344,-0.0020563482383666,0.0010006724435767,0.0005020710535994,0.0009124088224217,-0.0158884181703928,-0.6495975867048838,-0.7342864278935295,-0.6843259744008137,0.0,0.751933836376508
808,2013-10-22,1754.67,0.0057211107858847,23.4983256555691,1.06,469767.0,444123.0,913890.0,13.33,15467.66,3929.57,2.512,5.98,1115.63,111.44,1610.800049,73.2,79.23,1342.6,97.63,0.0048905050378227,0.0024255963136035,0.0028275103999702,0.0069148993801597,-0.0057890924325061,0.0201631868527538,-0.0167593176587717,0.1378910630874728,0.487828276045601,0.2927817343974865,0.0,0.7594045250824173
809,2013-10-23,1746.38,-0.0047357309912259,24.781904456684053,1.81,417911.0,231172.0,649083.0,13.42,15413.33,3907.07,2.485,5.97,1110.93,111.762,1601.599976,73.2,79.26,1334.0,96.9,-0.0035186732067362,-0.0057422726642144,-0.0042217653966583,-0.0057278658210249,0.0003785727851379,-0.0064260850290827,-0.0075053043408592,-0.116968335907158,-0.6529395288966402,-0.3421496165150106,0.0,0.7554416199510847
810,2013-10-24,1752.07,0.0032528719960209,26.047506079910107,1.53,354899.0,231485.0,586384.0,13.2,15509.21,3928.96,2.522,5.95,1118.85,111.66,1607.900024,73.2,79.19,1350.3,96.65,0.0062013215774872,0.0055870273444842,0.0071038697152614,0.0039258801007262,-0.0008835595399681,0.0121448424914278,-0.0025833132423809,-0.1634352492407185,0.0013530544128901,-0.101585732516483,0.0,0.7571009093110102
811,2013-10-25,1759.77,0.0043851726383197,27.64994514960264,1.68,356483.0,212747.0,569230.0,13.09,15570.28,3943.36,2.503,5.96,1118.34,111.65,1608.0,73.2,79.19,1352.5,97.4,0.00392992797493,0.0036583919506814,-0.0004559290975141,6.217606224456773e-05,0.0,0.0016279417536395,0.0077300049941495,0.0044533109294881,-0.0844114103141162,-0.0296902946921306,0.0,0.7527810923681973
812,2013-10-28,1762.11,0.0013288359309981,29.29723756926252,1.53,527937.0,343993.0,871930.0,13.31,15568.93,3940.13,2.512,5.98,1117.97,111.72,1610.199951,73.2,79.25,1352.2,98.74,-8.67074020725056e-05,-0.0008194340782399,-0.000330902248236,0.001367193695966,0.0007573845350696,-0.0002218360640586,0.0136639221822276,0.3926904055226199,0.480517642032666,0.4264245750789328,0.0,0.7550354747427467
813,2013-10-29,1771.95,0.0055686804572374,31.388692855705,1.7,355301.0,209167.0,564468.0,13.41,15680.35,3952.34,2.507,5.99,1121.07,111.29,1614.300049,73.2,79.61,1345.5,98.29,0.007131074518357,0.0030940908843302,0.0027690456452766,0.0025430920823188,0.0045323003430963,-0.0049672044896169,-0.0045678402521787,-0.3960116408595038,-0.4974883323670909,-0.4348254508083879,0.0,0.7343602995804577
814,2013-10-30,1763.31,-0.0048879104801313,32.67826448343828,1.39,598004.0,429420.0,1027424.0,13.65,15618.76,3930.62,2.527,5.95,1105.5,110.96,1611.900024,73.2,79.78,1349.3,96.81,-0.0039355802446916,-0.0055106343212205,-0.0139858650713069,-0.0014878342250499,0.0021331333767742,0.0028202482697814,-0.0151719978465578,0.5206321253455108,0.7193024850165024,0.5989262830490301,0.0,0.7376865868412493
815,2013-10-31,1756.54,-0.0038467595768496,33.58682958205002,1.59,421539.0,265634.0,687173.0,13.75,15545.75,3919.71,2.542,5.93,1100.15,111.35,1602.900024,73.2,80.19,1323.7,96.29,-0.0046854664853892,-0.0027795027785799,-0.0048511871713508,-0.0055991186874502,0.0051259723416761,-0.0191550937170168,-0.0053858234797878,-0.3496851430394994,-0.4803160395209325,-0.4022238976718011,0.0,0.7233203193090562
816,2013-11-01,1761.64,0.0028992283353028,34.65482283025903,1.58,411286.0,260153.0,671439.0,13.28,15615.55,3922.04,2.62,5.94,1095.67,110.32,1597.900024,75.1,80.72,1313.2,94.56,0.0044799232855368,0.0005942551263586,-0.0040804858468677,-0.0031242214396405,0.0065875572264166,-0.0079639390922876,-0.018129917594404,-0.0246234636096946,-0.0208495019792351,-0.0231629095891232,0.0256251378028231,0.7164431798455669
817,2013-11-04,1767.93,0.0035641773126338,35.791942430983376,1.69,321288.0,190082.0,511370.0,12.93,15639.12,3936.59,2.602,5.94,1108.28,110.3,1603.800049,75.1,80.55,1314.7,94.58,0.0015082548923501,0.0037029397300827,0.0114432156839914,0.0036855617603093,-0.0021082664223701,0.0011415960751213,0.0002114835579414,-0.2469509190905707,-0.3138143614739448,-0.2723297717958477,0.0,0.7168435291670087
818,2013-11-05,1762.97,-0.0028094838497398,36.46086380675218,1.32,319738.0,243121.0,562859.0,13.27,15618.22,3939.86,2.662,5.98,1103.59,109.73,1599.400024,75.1,80.71,1308.1,93.4,-0.0013372860975806,0.0008303233532558,-0.0042407619152742,-0.002747270021949,0.0019843737132969,-0.0050328000083776,-0.0125546919809327,-0.0048360067167774,0.2461037037907605,0.0959357540823457,0.0,0.714676027559166
819,2013-11-06,1770.49,0.004256457610154,37.169773421439785,1.37,343342.0,250407.0,593749.0,12.67,15746.88,3931.95,2.64,5.96,1098.63,109.65,1607.699951,75.1,80.48,1317.8,94.74,0.0082040689581539,-0.0020097036545134,-0.0045045530300722,0.0051759817871745,-0.0028537769848515,0.0073879767855382,0.0142449522608085,0.0712251245204971,0.0295283323115587,0.0534275184132972,0.0,0.7621037533268035
820,2013-11-07,1747.15,-0.0132704554890201,37.12094307559878,1.57,497612.0,316566.0,814178.0,13.91,15593.98,3857.33,2.613,5.93,1079.09,109.39,1588.5,75.1,80.84,1308.5,94.25,-0.0097573080680763,-0.0191602517385458,-0.0179458556729219,-0.0120143809810198,0.0044631861839912,-0.0070822365095191,-0.0051854711674854,0.3710936219343903,0.2344441565436241,0.3157223441788037,0.0,0.7887117686736136
821,2013-11-08,1770.61,0.0133382310390164,37.48997650706091,1.74,524040.0,301165.0,825205.0,12.9,15761.78,3919.23,2.746,6.07,1099.97,108.55,1596.300049,75.1,81.3,1284.6,94.56,0.0107030798724405,0.0159199716457756,0.0191648133422761,0.0048983072568464,0.0056741240183448,-0.018434057146508,0.0032837273296681,0.0517473603956535,-0.0498734633358424,0.0134528250002095,0.0,0.7758673879876431
822,2013-11-11,1771.89,0.000722653524745,37.30527559522352,1.16,328101.0,282210.0,610311.0,12.53,15783.1,3919.79,2.751,6.07,1101.5,107.92,1600.800049,75.1,81.09,1281.1,95.13,0.0013517251133148,0.0001428750024761,0.0013899805551158,0.0028150529128003,-0.0025863675972992,-0.0027283019613042,0.0060098235605776,-0.4682465294717932,-0.0650068126625793,-0.3016631770052385,0.0,0.7702616731412953
823,2013-11-12,1767.69,-0.0023731640314208,37.284474405820895,0.97,442190.0,455745.0,897935.0,12.82,15750.67,3919.92,2.768,6.07,1101.47,107.21,1598.599976,75.1,81.19,1271.2,93.12,-0.0020568432783782,3.316449205570393e-05,-2.7235958730109644e-05,-0.0013753037004358,0.0012324379178894,-0.0077577476398813,-0.0213553932352379,0.2984181661522456,0.4792819679195776,0.3861290192982398,0.0,0.7786068166787256
824,2013-11-13,1782.0,0.0080627195734255,37.57676937192616,1.34,477281.0,356610.0,833891.0,12.52,15821.63,3965.58,2.725,6.1,1112.18,107.63,1601.599976,75.1,80.93,1268.4,93.91,0.004495087116469,0.0115808789076456,0.0096764019308412,0.0018748833971589,-0.0032075033667444,-0.002205072558314,0.0084478928333942,0.0763657620044906,-0.2452906949109046,-0.0739949842352132,0.0,0.7535895417770542
825,2013-11-14,1790.62,0.0048255995473347,37.26419717253612,1.11,717887.0,644815.0,1362702.0,12.37,15876.22,3972.74,2.702,6.03,1111.44,108.352,1612.900024,75.1,81.02,1286.3,93.76,0.0034444010537519,0.001803908620868,-0.0006655813739024,0.007030701227225,0.0011114542669332,0.0140136164204767,-0.0015985509878193,0.4082067590764264,0.5923207062884916,0.4911220740554594,0.0,0.749037694739741
826,2013-11-15,1798.18,0.0042131136773866,37.562891239492416,1.58,468072.0,296156.0,764228.0,12.19,15961.7,3985.97,2.709,6.0,1116.2,108.9,1621.5,75.1,80.85,1287.4,93.8,0.0053697104203163,0.003324662460713,0.0042735875137269,0.0053178309442065,-0.0021004517514287,0.0008548005338457,0.0004265301834758,-0.4276900448084522,-0.778077111428015,-0.5783585984644475,0.0,0.7305029286961426
827,2013-11-18,1791.53,-0.0037050389068857,36.354359829526985,1.55,459202.0,296878.0,756080.0,13.1,15976.02,3949.07,2.678,5.95,1107.29,109.44,1622.800049,75.1,80.83,1272.3,93.03,0.0008967453506159,-0.0093005872660896,-0.0080144706672991,0.0008014357796444,-0.0002474022773624,-0.01179839446986,-0.0082428342317113,-0.0191319298418175,0.0024349374798866,-0.0107189832779184,0.0,0.6822502918138957
828,2013-11-19,1787.87,-0.0020450361935306,32.71581549407363,1.28,403464.0,314459.0,717923.0,13.39,15967.03,3931.55,2.712,5.94,1101.38,108.58,1616.400024,75.1,80.7,1273.5,93.35,-0.0005628767595684,-0.0044463579932383,-0.005351649730624,-0.0039516134748884,-0.0016096084698498,0.0009427292708563,0.0034338482072646,-0.1294029359977013,0.0575324219813708,-0.0517848697292802,0.0,0.6908163643171792
829,2013-11-20,1781.37,-0.003642235986196,27.789559945201997,2.21,592367.0,267676.0,860043.0,13.4,15900.82,3921.27,2.792,5.94,1099.79,108.28,1611.300049,75.1,81.11,1258.0,93.34,-0.0041552910075566,-0.0026181692366016,-0.0014446864863169,-0.0031601320623781,0.0050676828063505,-0.0122458571591259,-0.0001071294660626,0.3840391108388399,-0.1610764080712936,0.1806200670400741,0.0,0.5972224724676102
830,2013-11-21,1795.85,0.0080957162744237,26.06087551556154,1.67,326152.0,195254.0,521406.0,12.66,16009.99,3969.15,2.784,5.97,1119.62,108.16,1616.300049,75.1,81.07,1243.6,95.35,0.0068422221753863,0.0121363850575768,0.0178700895343411,0.0030982797421659,-0.0004932790826384,-0.0115127590757868,0.0213055915247588,-0.5967628448666193,-0.3154760188454375,-0.5004533790845436,0.0,0.5944220212953373
831,2013-11-22,1804.76,0.0049491714942799,25.14339167299172,1.34,446745.0,334426.0,781171.0,12.26,16064.77,3991.65,2.752,5.95,1124.92,108.39,1623.199951,75.1,80.71,1244.1,94.53,0.0034157732286796,0.0056527132730774,0.0047225799944605,0.0042598625924039,-0.0044504956633346,0.000401977735847,-0.0086370876091352,0.3146244316640167,0.5381143543186049,0.4042650670245873,0.0,0.5958290293148066
832,2013-11-25,1802.48,-0.0012641245404365,24.1605863709256,1.53,385723.0,251810.0,637533.0,12.79,16072.54,3994.57,2.741,5.9,1124.73,109.27,1623.699951,75.1,80.92,1241.2,93.86,0.0004835501260931,0.0007312596272388,-0.0001689151649832,0.0003079860907595,0.0025985289632641,-0.0023337233462203,-0.0071129340710216,-0.1468684667606137,-0.2837407945038102,-0.2031880355389219,0.0,0.5730642194205706
833,2013-11-26,1802.75,0.0001497823997382,21.50473383049076,1.59,343574.0,216590.0,560164.0,12.81,16072.8,4017.75,2.696,5.87,1134.53,109.12,1621.900024,75.1,80.61,1241.4,93.41,1.6176528230715803e-05,0.0057861055649954,0.0086754614034871,-0.0011091491239767,-0.003838301004035,0.0001611214053269,-0.0048059044815138,-0.1157169774104662,-0.1506686694310364,-0.1293764424009484,0.0,0.5280731117840493
834,2013-11-27,1807.23,0.0024820094847459,20.665183713793198,1.42,358884.0,251980.0,610864.0,12.98,16097.33,4044.75,2.736,5.86,1141.33,108.74,1624.800049,75.1,80.72,1237.8,92.05,0.0015250174465624,0.0066976994562679,0.005975780791112,0.0017864451326294,0.001363664749844,-0.0029041646742911,-0.0146664982056705,0.0435966986326512,0.1513435538330796,0.086644750473189,0.0,0.5270184508088099
835,2013-12-02,1800.9,-0.0027227046439559,19.993597009369218,1.58,333647.0,210511.0,544158.0,14.23,16008.77,4045.26,2.801,5.9,1129.12,107.26,1621.300049,82.5,80.92,1221.9,93.61,-0.0055167226542316,0.0001260814265187,-0.0107556807759907,-0.0021564346450491,0.0024746362541909,-0.0129285859827845,0.0168053077045664,-0.0729156686455994,-0.1798118109933071,-0.1156347026084176,0.0939777345705454,0.5235146335778746
836,2013-12-03,1795.15,-0.0031979560353168,19.37063371919944,1.76,413417.0,234367.0,647784.0,14.55,15914.62,4037.2,2.775,5.89,1123.78,107.61,1613.300049,82.5,80.61,1220.8,95.83,-0.0058985134708855,-0.0019944429472609,-0.0047405654937762,-0.0049465257340575,-0.003838301004035,-0.0009006427922839,0.0234385729720179,0.2143732209507014,0.1073503545196103,0.1743176615884962,0.0,0.52493749220315
837,2013-12-04,1792.81,-0.001304362552406,19.04991238687836,1.63,479711.0,293813.0,773524.0,14.7,15889.77,4038.0,2.841,5.91,1121.38,106.93,1604.699951,82.5,80.62,1247.2,96.97,-0.0015626776716608,0.0001981375080788,-0.0021379330775097,-0.0053450083746149,0.0001240463935099,0.0213946572133743,0.0118258639607837,0.1487270704418701,0.2260552477396959,0.1773993898764665,0.0,0.5252966970307766
838,2013-12-05,1785.03,-0.0043489995429872,18.04392566286614,1.42,499987.0,351491.0,851478.0,15.08,15821.51,4033.16,2.862,5.91,1122.47,107.4,1598.900024,82.5,80.23,1231.9,97.14,-0.0043050993480466,-0.0011993320861325,0.0009715445201212,-0.003620884868317,-0.0048492479234552,-0.0123433457756387,0.0017515846011439,0.0413982588405374,0.1792405958225131,0.0960169656828036,0.0,0.5499236053995139
839,2013-12-06,1805.09,0.0111752302245857,17.773149954468764,1.8,579979.0,321559.0,901538.0,13.79,16020.2,4062.52,2.883,5.9,1131.38,107.86,1612.599976,82.5,80.31,1229.0,97.48,0.0124800193732408,0.0072532829161477,0.0079065123373851,0.0085318605664292,0.0009966364348059,-0.0023568624018937,0.0034939918394067,0.1484097979042413,-0.0890030647556034,0.0571285307136371,0.0,0.5486169853379937
840,2013-12-09,1808.37,0.0018154350128982,17.880694385784064,1.43,375099.0,261980.0,637079.0,13.49,16025.53,4068.75,2.857,5.87,1129.84,108.16,1617.599976,82.5,80.13,1234.2,97.1,0.0003326496259656,0.0015323562540814,-0.0013620967779317,0.0030957860612881,-0.0022438304103911,0.0042221563209317,-0.0039058534597264,-0.4358019048598844,-0.2049128766458903,-0.3472085270031755,0.0,0.5502121233691989
841,2013-12-10,1802.62,-0.0031847248870446,17.720120355007662,1.82,403429.0,222059.0,625488.0,13.91,15973.13,4060.49,2.797,5.85,1119.69,108.6,1614.199951,82.5,79.97,1261.1,98.32,-0.0032751400739421,-0.0020321709883397,-0.0090241684981897,-0.002104106894734,-0.0019987514461812,0.0215613690748623,0.0124860899605003,0.0728105207516591,-0.165325052640922,-0.0183615216501085,0.0,0.592935430888921
842,2013-12-11,1782.22,-0.0113813839449212,17.55603260743141,1.24,477402.0,384874.0,862276.0,15.42,15843.53,4003.81,2.844,5.85,1101.5,108.08,1600.099976,82.5,79.89,1257.2,97.25,-0.0081467204153415,-0.0140572482067895,-0.0163789740202213,-0.0087733352589109,-0.0010008758498472,-0.0030973300384156,-0.0109424827592237,0.168358391374781,0.5499728956665244,0.3210432599594082,0.0,0.5892932663663137
843,2013-12-12,1775.5,-0.0037777048175726,17.163115975651117,1.34,482297.0,359973.0,842270.0,15.54,15739.43,3998.4,2.877,5.89,1103.27,108.25,1588.699951,82.5,80.21,1224.9,97.21,-0.0065921862288078,-0.0013521266810627,0.0016056100003654,-0.0071500713926164,0.0039975068848825,-0.0260278179297728,-0.0004113956655782,0.0102012036056979,-0.066886979357589,-0.0234747771066654,0.0,0.5818374256262614
844,2013-12-13,1775.32,-0.000101385032277,16.382513669506743,2.07,598034.0,288493.0,886527.0,15.76,15755.36,4000.98,2.868,5.9,1107.05,108.35,1587.699951,82.5,80.21,1234.6,96.27,0.001011595972443,0.0006450500137411,0.0034203225642084,-0.0006296436619379,0.0,0.0078878229661549,-0.0097168430431029,0.2150875016609905,-0.2213582064152657,0.0512109539798508,0.0,0.5868036488924684
845,2013-12-16,1786.54,0.0063001000102778,15.698092427288902,1.88,411281.0,218805.0,630086.0,16.03,15884.57,4029.52,2.877,5.87,1119.85,108.51,1598.199951,82.5,80.07,1244.4,97.18,0.0081675729555037,0.007107931052781,0.0114959279415085,0.0065915680596582,-0.0017469432942913,0.0079064550636873,0.0094081851878824,-0.3743709293438044,-0.2764899000159637,-0.3414552638975276,0.0,0.5888465077815397
846,2013-12-17,1781.0,-0.003105784071482,15.319029484972216,1.44,451088.0,312898.0,763986.0,16.21,15875.26,4023.68,2.843,5.89,1118.89,108.8,1592.800049,82.5,80.06,1230.1,96.99,-0.0005862751952179,-0.0014503553925688,-0.0008576253239249,-0.0033844607674486,-0.0001248985201147,-0.0115580191487429,-0.0019570485723061,0.092385763242218,0.3576963366296493,0.192693146385567,0.0,0.6576559124484046
847,2013-12-18,1810.65,0.0165108925255843,15.134243564495684,1.34,832505.0,620438.0,1452943.0,13.8,16167.97,4070.06,2.885,5.9,1133.72,108.78,1613.800049,82.5,80.11,1235.0,97.59,0.0182702019851337,0.0114608345880782,0.0131671387947189,0.0130981722641019,0.0006243366625984,0.0039755031873385,0.0061671487479184,0.6127767854224846,0.6845484213966255,0.6427969692285007,0.0,0.6546770538225983
848,2013-12-19,1809.6,-0.00058007045339,15.141118366748993,1.0,709530.0,707495.0,1417025.0,14.15,16179.08,4058.13,2.925,5.9,1125.45,108.59,1618.400024,82.5,80.63,1193.6,98.4,0.0006869251098251,-0.002935464984624,-0.0073213055594267,0.0028463449054729,0.0064700984699053,-0.0340970196125818,0.0082657749048378,-0.1598364488382877,0.1313048821220501,-0.0250315511771965,0.0,0.6557373281847299
849,2013-12-20,1818.32,0.0048071714880482,13.59158979284732,2.08,888644.0,427333.0,1315977.0,13.79,16221.14,4104.74,2.887,5.87,1146.47,108.83,1626.699951,82.5,80.58,1203.7,99.11,0.0025962801256316,0.0114201271291136,0.0185047007017793,0.0051153709670774,-0.0006203089337297,0.0084261959361926,0.00718954036041,0.2250939263643747,-0.5041669935736106,-0.0739802479137097,0.0,0.6035532518655005
850,2013-12-23,1827.99,0.0053040046897097,14.34953483143695,1.4,374637.0,268369.0,643006.0,13.04,16294.61,4148.9,2.929,5.86,1157.22,109.13,1637.300049,82.5,80.45,1197.0,98.62,0.0045190484631234,0.0107008353618969,0.0093329206881334,0.006495180922692,-0.001614606324809,-0.0055817198277159,-0.0049562636226374,-0.8637391482128116,-0.4652006696088708,-0.7161805790750826,0.0,0.5610982140888655
851,2013-12-24,1833.32,0.0029115282591201,15.303414242083672,1.25,248583.0,199520.0,448103.0,12.48,16357.55,4155.42,2.983,5.87,1161.8,109.11,1639.699951,82.5,80.53,1203.3,98.87,0.0038551861777964,0.0015702673643875,0.0039499495086721,0.0014646947995409,0.0009939123690614,0.0052493558861437,0.002531775113062,-0.410180763361943,-0.2964484172404038,-0.3611309387499517,0.0,0.5647725165407466
852,2013-12-26,1842.02,0.0047342647208736,16.38153460014019,1.08,355526.0,327728.0,683254.0,12.33,16479.88,4167.18,2.99,5.87,1162.65,108.53,1646.300049,82.5,80.48,1212.3,99.18,0.0074506784425132,0.0028260418202918,0.0007313558371979,0.0040171070453816,-0.0006210794560246,0.0074515993084212,0.0031305251519455,0.3578215892026222,0.496269514126574,0.4218435624596726,0.0,0.5614130210578341
853,2013-12-27,1841.4,-0.0003366436658618,17.735945965858374,1.06,410332.0,387838.0,798170.0,12.46,16478.41,4156.59,3.006,5.87,1161.09,108.4,1654.199951,82.5,80.39,1214.0,99.94,-8.92036571666921e-05,-0.0025445214641504,-0.0013426633223652,0.0047871032185478,-0.0011189160115598,0.0014013108669059,0.007633624855071,0.1433682051238012,0.1684037306036216,0.1554549281795196,0.0,0.5474245198319281
854,2013-12-30,1841.07,-0.000179227529828,19.02267341927722,1.32,390034.0,296526.0,686560.0,13.56,16504.29,4154.2,2.976,5.85,1160.59,108.38,1656.199951,82.5,80.0,1203.8,98.9,0.0015693078681415,-0.0005751559276276,-0.0004307225868593,0.0012083133775639,-0.0048631556659879,-0.0084374725057729,-0.0104607672873919,-0.0507326733093638,-0.2684528223553375,-0.1506279860998312,0.0,0.5455910664057849
855,2013-12-31,1848.36,0.003951835100449,20.707456708316588,1.04,426903.0,409330.0,836233.0,13.72,16576.66,4176.59,3.026,5.93,1163.64,108.16,1661.099976,82.5,80.03,1202.3,98.17,0.0043753347743376,0.0053752534657949,0.0026245266180495,0.0029542270349738,0.0003749297050736,-0.0012468311328071,-0.0074085689242364,0.0903229063351496,0.3223867723767615,0.1972136611435626,0.0,0.5712407705998053
856,2014-01-02,1831.98,-0.0089014102804503,21.128644542974016,1.8,721118.0,399712.0,1120830.0,14.23,16441.35,4143.07,2.985,5.91,1150.72,108.18,1645.199951,81.2,80.63,1225.2,95.14,-0.0081961788417732,-0.0080580652040307,-0.0111651897013089,-0.0096180914761188,0.0074692243179761,0.0188677069777565,-0.0313511787002944,0.5242459643288804,-0.0237773888998464,0.2929174788730915,-0.0158830461730028,0.5657123216964552
857,2014-01-03,1831.37,-0.0003330285152314,21.32525779969218,1.96,591825.0,302122.0,893947.0,13.76,16469.99,4131.91,2.995,5.9,1156.09,108.28,1646.099976,81.2,80.79,1238.6,93.66,0.001740433979867,-0.0026972891212047,0.0046557884699396,0.0005469115804679,0.0019824067946858,0.0108776135453405,-0.0156782872487397,-0.1975918023997831,-0.279913378474026,-0.2261782719600571,0.0,0.5665742479246049
858,2014-01-06,1826.77,-0.0025149406116522,21.01099262357484,1.4,379739.0,271789.0,651528.0,13.55,16425.1,4113.68,2.961,5.86,1147.16,108.71,1641.199951,81.2,80.65,1238.0,93.12,-0.0027292843926218,-0.0044217647743209,-0.0077542991391021,-0.0029811874412954,-0.001734390920399,-0.0004845352594191,-0.0057822197722678,-0.4437268084441417,-0.1058048793459107,-0.3163261159147588,0.0,0.5685102807375625
859,2014-01-07,1837.88,0.0060633534103127,21.49438726241165,2.03,423099.0,208016.0,631115.0,12.92,16530.94,4153.18,2.937,5.81,1157.63,108.85,1647.699951,81.2,80.83,1229.6,93.31,0.0064231238875933,0.0095563008455563,0.0090854889351144,0.003952694613134,0.0022293791745351,-0.0068082610201551,0.0020382992628027,0.1081220195847159,-0.2674110301437498,-0.031832277053228,0.0,0.5529164769527675
860,2014-01-08,1837.49,-0.0002122235320332,22.01845736696822,1.72,451134.0,262490.0,713624.0,12.87,16462.74,4165.61,2.993,5.82,1157.46,108.25,1650.199951,81.2,81.02,1225.5,91.9,-0.0041341309689624,0.0029884176065628,-0.0001468625412446,0.0015161166519099,0.0023478540287911,-0.0033399892562187,-0.0152262538842888,0.0641582186728566,0.2325979862481286,0.1228681166554181,0.0,0.5472698596488831
861,2014-01-09,1838.13,0.0003482405724577,22.46848021844677,1.61,476895.0,296378.0,773273.0,12.89,16444.76,4156.19,2.963,5.81,1158.35,108.33,1646.400024,81.2,81.0,1229.4,91.36,-0.0010927601178583,-0.002263934250628,0.0007686295886246,-0.0023053623198272,-0.0002468831021049,0.003177321504741,-0.0058932834539415,0.055531927982301,0.121422680577659,0.0802759427201209,0.0,0.5469027578462297
862,2014-01-10,1842.37,0.0023040357971462,23.01773171799655,1.42,518662.0,365151.0,883813.0,12.14,16437.05,4174.66,2.86,5.78,1164.53,108.79,1655.099976,81.2,80.66,1246.9,92.39,-0.0004689522955878,0.0044341286332869,0.0053209934057489,0.0052703147888157,-0.0042063652272172,0.0141342255296317,0.0112110017749538,0.0839560777295034,0.2086753000173438,0.1336133460913249,0.0,0.5985851226800727
863,2014-01-13,1819.2,-0.012655942268644,22.998688808058965,1.63,588770.0,360431.0,949201.0,13.28,16257.94,4113.3,2.827,5.76,1148.09,108.88,1645.400024,81.2,80.51,1251.1,91.45,-0.0109565283106505,-0.0148072918123052,-0.0142178801030725,-0.0058778851249119,-0.0018613891333325,0.0033626933208141,-0.0102263728457794,0.1267831964292156,-0.0130104290895953,0.071375076281118,0.0,0.627607532486335
864,2014-01-14,1838.88,0.0107598466241762,23.35871130160086,1.12,411956.0,369098.0,781054.0,12.28,16373.86,4183.02,2.869,5.76,1163.42,108.98,1651.699951,81.2,80.66,1245.4,92.15,0.0071047559505004,0.016807847657521,0.0132642513016634,0.0038215005396917,0.0018613891333325,-0.004566400885003,0.0076253092789579,-0.3571190674997488,0.0237616538621736,-0.1949762885048471,0.0,0.6280333169025291
865,2014-01-15,1848.38,0.0051528891483298,23.93136973889224,1.11,460807.0,416227.0,877034.0,12.28,16481.94,4214.88,2.884,5.73,1171.35,109.0,1660.0,81.2,81.03,1238.3,93.78,0.0065790752224188,0.0075876475915546,0.0067929864559763,0.0050125714899484,0.0045766670274121,-0.0057172922172989,0.0175339295456078,0.1120627527086117,0.1201685930772473,0.1159014705748209,0.0,0.6247946190358631
866,2014-01-16,1845.89,-0.0013480337804585,24.114422881605197,1.51,522985.0,346648.0,869633.0,12.53,16417.01,4218.69,2.843,5.72,1173.13,109.1,1659.300049,81.2,80.91,1240.2,93.54,-0.0039472435627718,0.000903532017686,0.0015184606753013,-0.0004217461513222,-0.0014820306528857,0.0015331856947247,-0.0025624613637003,0.1265734827267657,-0.1829209286490627,-0.0084744765807442,0.0,0.6297872825354112
867,2014-01-17,1838.7,-0.0039027458285234,23.859637451220287,2.25,544058.0,241735.0,785793.0,12.44,16458.56,4197.58,2.827,5.7,1168.43,109.16,1657.300049,81.2,81.22,1251.9,93.96,0.0025277141733557,-0.0050164845637361,-0.0040144231298269,-0.0012060545036067,0.0038240964384037,0.0093897403498397,0.0044800074929716,0.0395030758544567,-0.3604677710251369,-0.1013778846034672,0.0,0.6235042603557255
868,2014-01-22,1844.86,0.0005747344722362,23.378063447771027,3.23,554191.0,171381.0,725572.0,12.84,16373.34,4243.0,2.86,5.69,1181.29,108.6,1661.699951,81.2,81.17,1238.6,96.35,-0.0051913042734206,0.0107623974685804,0.0109460943462273,0.0026513435236337,-0.0006158014850674,-0.0106806877616563,0.0251182350696632,0.0184535338525844,-0.3439529366280407,-0.0797330896633408,0.0,0.61913298716542
869,2014-01-23,1828.46,-0.0089293113410997,23.211929228287666,2.1,657220.0,313442.0,970662.0,13.77,16197.35,4218.87,2.773,5.7,1172.4,108.14,1650.5,81.2,80.44,1262.3,97.23,-0.0108067537261007,-0.0057032465415751,-0.0075541318317586,-0.0067628729260453,-0.0090341558686333,0.0189537442548548,0.0090919109611906,0.1705094251640719,0.6037251867718769,0.2910180036423746,0.0,0.730438860056251
870,2014-01-24,1790.29,-0.0210964646100375,23.71344893142238,1.97,968593.0,492746.0,1461339.0,18.14,15879.11,4128.17,2.735,5.83,1144.13,107.55,1618.400024,81.2,80.46,1264.3,96.66,-0.0198432397023768,-0.0217331101767701,-0.0244084069894796,-0.0196402506102515,0.0002486016171907,0.0015831555590359,-0.0058796394046281,0.3878256851811539,0.4523794933107261,0.4091301047448468,0.0,0.7333889794224855
871,2014-01-27,1781.56,-0.0048882329232613,23.753746903326974,1.8,909561.0,503979.0,1413540.0,17.42,15837.88,4083.61,2.766,5.87,1127.73,107.43,1604.900024,81.2,80.52,1263.4,95.82,-0.0025998698630544,-0.0108528083724479,-0.0144377601429654,-0.0083765574016831,0.0007454342499491,-0.0007121098532518,-0.0087282349619615,-0.0628824374898755,0.0225407722434898,-0.0332559424065017,0.0,0.7124591467228225
872,2014-01-28,1792.5,0.0061219085114441,22.74038455366266,1.67,381944.0,228938.0,610882.0,15.8,15928.56,4097.96,2.746,5.83,1138.23,108.0299,1611.400024,81.2,80.57,1250.8,97.49,0.0057091853105273,0.0035078877807208,0.009267661523812,0.0040419169556633,0.0006207710175134,-0.0100231528809136,0.0172783771862041,-0.8676880645261136,-0.7890833759977909,-0.8389486607854977,0.0,0.7342481245207478
873,2014-01-29,1774.2,-0.0102616763872882,22.824620846246194,1.64,571683.0,348465.0,920148.0,17.35,15738.79,4051.43,2.675,5.85,1122.45,107.75,1603.699951,81.2,80.5,1262.2,97.34,-0.0119853585273741,-0.0114193836922549,-0.0139606280336268,-0.0047899522765568,-0.0008691873645867,0.0090728835664526,-0.0015398042358718,0.4033106409507798,0.4200865702022067,0.4096307121727331,0.0,0.7624909121522547
874,2014-01-30,1794.19,0.0112040495085059,22.425931831231257,1.6,484484.0,302646.0,787130.0,17.29,15848.61,4123.13,2.693,5.83,1139.36,107.54,1607.5,81.2,81.08,1242.5,98.25,0.0069534334883449,0.0175426784488301,0.0149529050393368,0.0023667481513545,0.007179137159281,-0.0157307511793547,0.0093052463440619,-0.1655002349026304,-0.1409739890774979,-0.1561411076502299,0.0,0.7638787169321247
875,2014-01-31,1782.59,-0.0064863036975735,22.32075513683041,2.05,709889.0,346653.0,1056542.0,18.41,15698.85,4103.88,2.668,5.91,1130.88,107.28,1598.5,81.2,81.31,1239.8,97.55,-0.0094943380529617,-0.004679715991795,-0.007470610542537,-0.0056144876118784,0.0028326886359471,-0.0021754027029654,-0.0071501836802498,0.3820242127354127,0.1357604739497357,0.294363171150394,0.0,0.8688259615199592
876,2014-02-03,1741.89,-0.0230966322881664,26.881832954280007,1.85,1023168.0,553553.0,1576721.0,21.44,15372.8,3996.96,2.581,5.92,1094.58,106.69,1571.900024,81.6,81.01,1259.9,96.44,-0.0209877472404045,-0.0263987955014144,-0.0326253626630945,-0.0167805954975568,-0.0036964063773456,0.0160822764487651,-0.01144401375615,0.3655503555572981,0.468033222242143,0.4003460629417095,0.0049140148024289,0.8210487094702819
877,2014-02-04,1755.2,0.0076120799117127,29.486995933609983,1.89,694022.0,367592.0,1061614.0,19.11,15445.24,4031.52,2.624,5.97,1102.84,107.4,1569.900024,81.6,81.12,1251.2,97.24,0.0047011512357855,0.0086094038898085,0.0075179427730649,-0.0012731556684695,0.001356936000473,-0.0069292619255367,0.0082610961349516,-0.3881553150498806,-0.4093838743963367,-0.395556982539718,0.0,0.8212168855550064
878,2014-02-05,1751.64,-0.0020303185904788,32.067704662045976,1.9,533267.0,280940.0,814207.0,19.95,15440.23,4011.55,2.667,5.96,1093.59,107.72,1572.400024,81.6,81.04,1256.9,97.4,-0.0003244244004658,-0.0049657757638694,-0.0084228085445081,0.0015911914771278,-0.0009866799024456,0.0045452811397446,0.001644061200567,-0.2634814234679936,-0.2688325040563182,-0.2653310371442003,0.0,0.8512412273879416
879,2014-02-06,1773.43,0.0123630325296035,33.03826481615433,1.86,612734.0,329007.0,941741.0,17.23,15628.53,4057.12,2.702,5.93,1103.93,107.93,1592.699951,81.6,80.91,1257.2,97.84,0.0121216492476463,0.0112956619937403,0.0094106777729674,0.0128275286813712,-0.0016054341206794,0.0002386539926213,0.0045072807304276,0.1389086734516453,0.1579379037320087,0.1455156564219475,0.0,0.8829114602573377
880,2014-02-07,1797.02,0.0132142129220795,33.06927979560919,1.46,669443.0,458204.0,1127647.0,15.29,15794.08,4125.86,2.675,5.88,1116.55,108.6,1611.800049,81.6,80.69,1262.9,99.98,0.0105370961708146,0.0168011206120226,0.0113670340511893,0.0119209387988359,-0.0027227739593334,0.0045236377287114,0.0216366746065075,0.0885151130677623,0.3312354726588271,0.1801581499685465,0.0,0.8814395799023884
881,2014-02-10,1799.84,0.0015680346623456,32.79327889496659,1.5,366059.0,244722.0,610781.0,15.26,15801.79,4148.17,2.678,5.84,1118.73,108.42,1616.800049,81.6,80.64,1274.7,100.12,0.0004880384780054,0.0053927902288499,0.0019505392534,0.0030973201049855,-0.0006198475373562,0.0093001931367515,0.0013993005781491,-0.6036515007484766,-0.627191627378922,-0.6131499737032318,0.0,0.901897651452863
882,2014-02-11,1819.75,0.0110013569538516,32.40492773109952,1.53,922815.0,603083.0,1525898.0,14.51,15994.77,4191.04,2.719,5.8,1129.16,108.49,1634.5,81.6,80.64,1289.8,99.96,0.0121385690492985,0.0102816400248677,0.0092798801090809,0.0108880297680755,0.0,0.0117763107874013,-0.0015993605968223,0.924634258448469,0.9019319599480832,0.9155999020795492,0.0,0.9018992430228044
883,2014-02-12,1819.26,-0.0002693040156316,32.00155652813326,1.4,421141.0,301638.0,722779.0,14.3,15963.94,4201.29,2.763,5.78,1132.54,108.48,1637.699951,81.6,80.68,1295.0,100.38,-0.0019293650816063,0.0024427078288535,0.0029889043783724,0.0019558413715454,0.0004959087629528,0.0040235275573605,0.004192878260036,-0.7844610865690971,-0.6928272094706642,-0.7472348635790755,0.0,0.9089230665162235
884,2014-02-13,1829.83,0.0057932413627508,31.460385608525343,1.36,494334.0,363180.0,857514.0,14.14,16027.59,4240.67,2.736,5.78,1147.79,108.47,1643.199951,81.6,80.32,1300.1,100.27,0.0039791834892319,0.0093296546403696,0.0133754564953409,0.0033527418186185,-0.0044720571425926,0.0039304894344853,-0.0010964366909531,0.1602437076117251,0.1856709562395533,0.1709340008215569,0.0,0.9103832741107064
885,2014-02-14,1838.63,0.0047976627138055,31.629633239163603,1.35,618477.0,458790.0,1077267.0,13.57,16154.39,4244.03,2.746,5.75,1149.21,108.53,1650.099976,81.6,80.14,1318.6,100.31,0.0078802271437599,0.0007920139016448,0.0012363954557184,0.0041903472197564,-0.0022435507354199,0.0141293831110758,0.0003988433595596,0.2240486023124006,0.2336940098964905,0.2281450518576466,0.0,0.9010331426415916
886,2014-02-19,1828.75,-0.0065458564679827,31.90480794838467,1.81,936367.0,517570.0,1453937.0,15.5,16040.56,4237.95,2.734,5.66,1149.07,108.39,1655.0,81.6,80.14,1320.4,103.46,-0.0070713248087503,-0.0014336277711919,-0.0001218302384158,0.0029651312369773,0.0,0.0013641532998391,0.0309196736799757,0.4147474892469329,0.1205521926642863,0.2998477711113896,0.0,0.9077369193879843
887,2014-02-20,1839.78,0.0060133259028152,31.95874125551727,1.95,597476.0,305762.0,903238.0,14.79,16133.23,4267.55,2.754,5.66,1162.12,108.24,1656.0,81.6,80.29,1316.9,103.2,0.0057606055281489,0.0069602303208728,0.0112930037692127,0.0006040471340416,0.0018699749885939,-0.0026542312628636,-0.0025162115279071,-0.4492933780109958,-0.5263377601438872,-0.4760442438253971,0.0,0.9071920228570094
888,2014-02-21,1836.25,-0.0019205507490624,31.926192865936333,1.4,504055.0,359027.0,863082.0,14.68,16103.3,4263.41,2.734,5.62,1164.63,108.72,1659.900024,81.6,80.24,1323.6,102.53,-0.001856900144034,-0.0009705825194341,0.0021575166852008,0.0023523180856708,-0.0006229365429124,0.0050748073312822,-0.0065134143654619,-0.1700287265333386,0.16059057302534,-0.0454763806302782,0.0,0.907427695141887
889,2014-02-24,1847.61,0.0061674634806481,32.23370505011467,1.37,524973.0,382201.0,907174.0,14.23,16207.14,4292.97,2.75,5.59,1174.55,109.36,1668.300049,81.6,80.2,1338.0,103.17,0.006427665950154,0.0069094915377956,0.0084816555109679,0.0050477992019679,-0.0004986287812114,0.0108206646407165,0.0062226744302842,0.0406614435961216,0.0625490536600583,0.0498245690000089,0.0,0.9078491742716538
890,2014-02-25,1845.12,-0.0013485959587526,32.324331115467565,1.7,352779.0,207028.0,559807.0,13.67,16179.66,4287.59,2.701,5.54,1173.95,109.46,1669.400024,81.6,80.14,1342.7,102.2,-0.0016969880688844,-0.0012539975724212,-0.0005109644565077,0.0006591215602149,-0.00074840966447,0.0035065503904894,-0.0094464353426806,-0.3975050341462012,-0.6130925984156654,-0.482742191481746,0.0,0.9078476509732564
891,2014-02-26,1845.16,2.1678571816785563e-05,32.840986789783635,1.69,375111.0,222396.0,597507.0,14.35,16198.41,4292.06,2.673,5.51,1181.72,109.45,1664.900024,81.6,80.43,1328.0,102.93,0.0011581914608225,0.0010420006420872,0.0065968732278811,-0.0026992188269723,0.0036121357079785,-0.0110084610422838,0.0071174677688645,0.0613801836195531,0.0716055267849,0.0651739177491563,0.0,0.9112684992173591
892,2014-02-27,1854.29,0.0049358788663713,33.36303657198711,1.76,451195.0,255978.0,707173.0,14.04,16272.65,4318.93,2.642,5.49,1187.94,109.96,1668.400024,81.6,80.28,1331.8,102.68,0.0045726951544118,0.0062408822243149,0.005249710325514,0.002100021741743,-0.0018667169878394,0.0028573596401431,-0.002431789535529,0.1846776363911111,0.1406319266835503,0.1685093326433655,0.0,0.8792761295929301
893,2014-02-28,1859.45,0.0027788716067975,33.81093497866233,1.4,685687.0,489876.0,1175563.0,14.0,16321.71,4308.12,2.658,5.51,1183.03,110.54,1675.400024,81.6,79.69,1321.6,102.88,0.0030103390309896,-0.0025060723323946,-0.0041417706836872,0.0041868593368166,-0.0073764165184808,-0.0076882869098087,0.0019459044863694,0.4185216368201292,0.6490607945680651,0.5082271288976568,0.0,0.8702691063830936
894,2014-03-03,1845.73,-0.0074058818780429,33.80585602528941,2.28,538843.0,236234.0,775077.0,16.0,16168.03,4277.3,2.607,5.53,1176.36,109.12,1655.400024,80.0,80.08,1350.3,105.34,-0.0094602878420779,-0.0071796446511704,-0.0056540188513398,-0.0120092710953443,0.0048820275973078,0.0214836662002833,0.0236299535659343,-0.2409970070520213,-0.7293294586420931,-0.416540081502541,-0.0198026272961797,0.9089842538995183
895,2014-03-04,1873.91,0.0151522938545154,35.24878096032247,1.81,566537.0,313324.0,879861.0,14.1,16395.88,4351.97,2.691,5.52,1208.65,109.84,1677.900024,80.0,80.17,1337.9,103.64,0.0139942481403814,0.0173066467393017,0.0270791091904749,0.0135003398499442,0.0011232450478955,-0.0092255694874232,-0.0162698583613343,0.0501181433324156,0.2824149597055534,0.1268015611939716,0.0,0.9083856539659466
896,2014-03-05,1873.81,-5.336577974013324e-05,36.47363674580098,2.02,501608.0,248170.0,749778.0,13.89,16360.18,4357.97,2.698,5.51,1205.91,109.96,1679.099976,80.0,80.11,1340.3,101.75,-0.0021797501979872,0.0013777364595117,-0.0022695656153732,0.0007148954728055,-0.0007486898278346,0.0017922490048771,-0.0184045313712042,-0.1217234535078422,-0.2331238037190566,-0.1599867777369539,0.0,0.9047076959094958
897,2014-03-06,1877.03,0.0017169491586006,37.77495834900723,1.66,557670.0,336568.0,894238.0,14.21,16421.89,4352.13,2.737,5.54,1204.55,109.74,1686.099976,80.0,79.66,1351.8,101.82,0.0037648673735937,-0.001340972176008,-0.0011284154429533,0.0041602342778519,-0.0056331124735278,0.0085435681818033,0.0006877241514855,0.105948451432317,0.3046862137078712,0.1761947962691241,0.0,0.9033526196711539
898,2014-03-07,1878.04,0.000537939385607,39.30507104971618,1.75,623854.0,357255.0,981109.0,14.11,16452.72,4336.22,2.79,5.62,1203.32,109.55,1681.199951,80.0,79.72,1338.2,102.82,0.0018756121540679,-0.003662379573436,-0.0010216499287638,-0.0029103605647904,0.0007529175910958,-0.0101116103175371,0.0097733381531686,0.1121489770470205,0.0596496036062319,0.0927116055212575,0.0,0.8856466572811514
899,2014-03-10,1877.17,-0.0004633562520153,40.26131543514241,2.28,408557.0,179556.0,588113.0,14.2,16418.68,4334.45,2.784,5.63,1200.54,109.33,1676.5,80.0,79.77,1341.5,101.39,-0.0020711020624482,-0.0004082729534378,-0.002312947708563,-0.0027995080788301,0.0006269985784443,0.0024629635169617,-0.0140054196628707,-0.4232849271844916,-0.6879626755240125,-0.511764458198325,0.0,0.7938348571886037
900,2014-03-11,1867.63,-0.0050950761792529,40.31147297391438,1.42,462466.0,326466.0,788932.0,14.8,16351.25,4307.19,2.766,5.62,1187.05,109.12,1672.199951,80.0,79.74,1346.7,100.29,-0.0041153640039759,-0.0063090085725452,-0.0113002178347789,-0.0025681914930411,-0.0003761519698288,0.0038687645903179,-0.0109084778643708,0.123941601287024,0.5978386715421689,0.2937610257816025,0.0,0.7852054147122738
901,2014-03-12,1868.2,0.0003051530741089,40.55290978964475,1.76,437458.0,248781.0,686239.0,14.47,16340.08,4323.33,2.726,5.64,1191.37,109.14,1665.599976,80.0,79.61,1370.5,98.29,-0.0006833616395969,0.0037402193183098,0.0036326676959133,-0.0039546909617591,-0.0016316288527224,0.017518481286844,-0.0201436965215791,-0.0555923395473403,-0.2717528171419872,-0.1394541685359946,0.0,0.816674859999406
902,2014-03-13,1846.34,-0.0117700993202083,39.3825302887876,1.41,605376.0,428678.0,1034054.0,16.22,16108.89,4260.42,2.653,5.63,1176.74,108.93,1651.699951,80.0,79.62,1372.4,98.57,-0.0142496918691623,-0.0146581916791763,-0.0123560021541759,-0.0083803735908425,0.0001256044716848,0.0013853952414537,0.0028446630988092,0.3248690514013308,0.5441330629597037,0.4100163145247286,0.0,0.7924283473820467
903,2014-03-14,1841.13,-0.0028257875816493,38.82792673715503,2.55,762003.0,299191.0,1061194.0,17.82,16065.67,4245.4,2.645,5.66,1181.41,109.16,1641.099976,80.0,79.45,1379.0,99.23,-0.0026865962422562,-0.0035317031425403,0.0039607371075005,-0.0064382967993958,-0.0021374245894465,0.0047975668090076,0.0066734322488031,0.2301007400960646,-0.3596238889151681,0.0259076901948667,0.0,0.7857795387433201
904,2014-03-17,1858.83,0.0095677439884953,37.978928816071154,1.52,385550.0,254046.0,639596.0,15.64,16247.22,4279.95,2.699,5.64,1188.23,109.28,1653.900024,80.0,79.39,1372.9,98.43,0.011237119948058,0.0081052834542703,0.0057561645066952,0.0077694157136587,-0.0007554772457032,-0.0044333078897427,-0.0080947522850305,-0.6812796064078004,-0.1635668124503126,-0.50631324123942,0.0,0.7793796827357156
905,2014-03-18,1872.25,0.0071936586040903,34.31203462333836,1.87,572904.0,306326.0,879230.0,14.52,16336.19,4333.31,2.681,5.6,1205.04,109.6,1665.5,80.0,79.41,1359.0,100.08,0.0054610748914925,0.0123903568810685,0.0140479565169497,0.0069892288588313,0.0002518891700979,-0.0101761557524158,0.0166242305175359,0.3960472771324834,0.1871345413531457,0.318209797404748,0.0,0.6467140883010771
906,2014-03-19,1860.77,-0.0061505355930613,30.670427197479597,1.42,542595.0,381996.0,924591.0,15.12,16222.17,4307.6,2.772,5.6,1195.66,109.5,1658.099976,80.0,80.02,1341.3,100.71,-0.0070040669199826,-0.0059507796909556,-0.0078144272359228,-0.0044530246008056,0.0076522985219691,-0.0131098422430984,0.0062752335013973,-0.0543549781203438,0.22076024301073,0.0503049531314516,0.0,0.642738240742771
907,2014-03-20,1872.01,0.0060223393671963,25.91286538838918,1.71,593705.0,348153.0,941858.0,14.52,16331.05,4319.29,2.775,5.65,1198.97,109.43,1654.300049,80.0,80.19,1330.5,99.68,0.0066893785629371,0.0027101324243314,0.0027645207051412,-0.0022943658001803,0.0021222153898481,-0.0080844814903011,-0.0102800446209103,0.09001937771189,-0.0927680990206916,0.0185030425459427,0.0,0.6449834408481183
908,2014-03-21,1866.52,-0.0029369853639487,22.198435589850664,1.97,604160.0,306939.0,911099.0,15.0,16302.77,4276.79,2.75,5.62,1193.73,109.28,1653.400024,80.0,80.12,1336.0,99.97,-0.0017331717267037,-0.0098883086939203,-0.0043799961358885,-0.0005441998986297,-0.0008733080213199,0.0041252636788469,0.0029050859399468,0.0174565005140809,-0.1259930075509565,-0.033202956968843,0.0,0.6268146493402752
909,2014-03-24,1857.44,-0.0048765389499374,19.90857439298121,1.85,451650.0,244383.0,696033.0,15.09,16276.69,4226.39,2.733,5.61,1178.23,109.68,1646.0,80.0,79.95,1311.2,100.05,-0.0016010090757028,-0.011854527417709,-0.0130695463944467,-0.0044856860971034,-0.0021240715176542,-0.0187373266669705,0.0007999200506523,-0.2909315199212283,-0.2279123639992253,-0.2692544901413249,0.0,0.5892802469326842
910,2014-03-25,1865.62,0.0043942419206484,17.515356286844376,1.79,328649.0,183927.0,512576.0,14.02,16367.88,4234.27,2.735,5.59,1178.05,109.97,1655.699951,80.0,79.94,1311.4,99.66,0.0055868548547124,0.0018627393793142,-0.0001527832009351,0.0058757482818165,-0.0001250859967854,0.0001525203998991,-0.0039056681764835,-0.3179172316415428,-0.2841977270199294,-0.3059480803023078,0.0,0.6082271452463585
911,2014-03-26,1852.56,-0.007024971200666,16.314002433349046,1.95,530666.0,272239.0,802905.0,14.93,16268.99,4173.58,2.701,5.57,1155.49,110.29,1654.300049,80.0,80.01,1303.4,100.61,-0.0060600359431806,-0.0144367594761103,-0.0193360327177449,-0.0008458622860834,0.0008752735788553,-0.0061190339312391,0.0094872634507003,0.479142509499713,0.3921414171996407,0.4487874078956135,0.0,0.5795032753679878
912,2014-03-27,1849.04,-0.0019018808412747,14.933135507486847,1.63,464904.0,285929.0,750833.0,14.62,16264.23,4151.23,2.672,5.58,1151.44,111.05,1653.099976,80.0,80.13,1294.7,101.25,-0.0002926239722942,-0.0053695048172386,-0.0035111634603479,-0.0007256896919596,0.0014986889279464,-0.0066972268336789,0.0063410496826898,-0.1323018887936378,0.0490631712956339,-0.0670531437337107,0.0,0.5840285084711375
913,2014-03-28,1857.62,0.0046295129977682,14.11544375114904,1.89,602415.0,318836.0,921251.0,14.41,16323.06,4155.76,2.712,5.58,1151.81,110.99,1661.800049,80.0,80.18,1294.3,101.73,0.0036106140714124,0.0010906478637977,0.0003212851433262,0.0052490831761913,0.000623791424382,-0.0003089996162088,0.0047295388190082,0.2591156439136952,0.1089333357516366,0.20454927212152,0.0,0.5916177192070958
914,2014-03-31,1872.34,0.0078928870113301,13.978198229389868,1.39,374516.0,270271.0,644787.0,13.88,16457.66,4198.99,2.723,5.63,1173.04,111.42,1673.900024,80.0,80.11,1283.8,101.57,0.0082121903638441,0.0103486964447565,0.0182640515710827,0.0072548657293678,-0.0008734169873356,-0.0081455785707147,-0.0015740288542476,-0.4753120508979247,-0.1652517046753576,-0.3568124992857857,0.0,0.5982158054769109
915,2014-04-01,1885.52,0.0070146594306006,14.486664719859482,2.16,485731.0,224810.0,710541.0,13.1,16532.61,4268.04,2.759,5.61,1188.7,111.63,1683.699951,84.1,80.09,1280.0,99.69,0.0045437717818348,0.0163106852870065,0.0132616033177548,0.0058374761148343,-0.0002496878914346,-0.0029643519640147,-0.018682844916797,0.2600204470454184,-0.1841695583123961,0.0971066220143406,0.0499799323050211,0.58742824329787
916,2014-04-02,1890.9,0.0028492612790413,14.426155687638788,1.13,395656.0,349643.0,745299.0,13.09,16573.0,4276.46,2.803,5.59,1192.81,111.04,1687.5,84.1,80.22,1290.8,99.6,0.0024400710356946,0.001970859084901,0.003451595063951,0.002254420185503,0.0016218580063158,0.0084021032641441,-0.0009032064440601,-0.2051098258628698,0.4416570329135343,0.0477588284319736,0.0,0.5813440411816981
917,2014-04-03,1888.77,-0.0011270826423892,14.680308509155296,1.21,377733.0,312567.0,690300.0,13.37,16572.55,4237.74,2.79,5.57,1181.12,110.93,1685.099976,84.1,80.46,1284.6,100.29,-2.71529662381198e-05,-0.009095456280832,-0.0098487272088965,-0.0014232487826664,0.0029873061797349,-0.0048147953541146,0.0069038245095649,-0.0463575500276007,-0.1120937877333911,-0.0766591944357379,0.0,0.6293915216712611
918,2014-04-04,1865.09,-0.0126165142585641,13.792258781352103,1.77,776521.0,437552.0,1214073.0,13.96,16412.71,4127.73,2.726,5.54,1153.38,111.6,1676.300049,84.1,80.42,1303.5,101.16,-0.0096916775024453,-0.0263024892074987,-0.0237663788488093,-0.0052358820957429,-0.0004972650525143,0.0146055685498645,0.0086374327016471,0.7206360898220794,0.3363767096815149,0.564609815897887,0.0,0.6525196564708438
919,2014-04-07,1845.04,-0.0108083518298034,13.904219821461009,1.59,560916.0,353801.0,914717.0,15.57,16245.87,4079.75,2.695,5.54,1135.78,111.33,1659.300049,84.1,80.22,1298.3,100.43,-0.0102173120456932,-0.0116919070344803,-0.0153771224384593,-0.0101931566690094,-0.0024900411272206,-0.0039972380073489,-0.0072424543965166,-0.3252525249618543,-0.2124609477002614,-0.2831213737891804,0.0,0.6555900418184467
920,2014-04-08,1851.96,0.0037435802443237,13.641318745611397,1.67,354733.0,212424.0,567157.0,14.89,16256.14,4112.99,2.681,5.55,1144.24,111.85,1663.800049,84.1,79.77,1309.1,102.57,0.0006319609366798,0.0081145459010816,0.0074210215922798,0.0027083161011756,-0.0056253664188687,0.0082841618198452,0.0210845249140714,-0.4582057678706039,-0.5101503308426292,-0.4779785664754286,0.0,0.684438410570755
921,2014-04-09,1872.18,0.0108589895604653,13.24022905372947,1.45,360852.0,248728.0,609580.0,13.82,16437.18,4183.9,2.684,5.54,1159.96,111.93,1675.300049,84.1,79.53,1305.9,103.55,0.0110751585041661,0.0170935679733954,0.0136448606006007,0.0068881106475373,-0.0030131849539944,-0.0024474199596911,0.009509095522274,0.0171025081513693,0.1577756525817193,0.0721340340925706,0.0,0.7821673671237109
922,2014-04-10,1833.08,-0.0211059150749219,14.346716296723695,1.64,596914.0,363175.0,960089.0,15.89,16170.22,4054.11,2.628,5.5,1127.66,112.46,1656.099976,84.1,79.41,1320.5,103.37,-0.0163745631292382,-0.0315126445465718,-0.0282408325646255,-0.0115268568444131,-0.0015100040619238,0.0111179945108252,-0.0017398032611994,0.5033051474424521,0.3785248818425426,0.4542557930627851,0.0,0.7971360556750829
923,2014-04-11,1815.69,-0.0095320514425907,16.852082431907185,1.95,901887.0,462832.0,1364719.0,17.03,16026.75,3999.73,2.619,5.55,1111.44,112.28,1638.400024,84.1,79.45,1319.0,103.68,-0.0089120777260927,-0.0135043225151498,-0.0144882173420137,-0.0107452556099403,0.0005035880756052,-0.0011365790198727,0.0029944480235704,0.4127161856383772,0.2424793255090218,0.3516778371228923,0.0,0.8033334014836118
924,2014-04-14,1830.61,0.0081836838818931,17.58838200637411,2.62,571339.0,217709.0,789048.0,16.11,16173.24,4022.69,2.639,5.5,1115.36,112.06,1644.400024,84.1,79.76,1327.5,104.05,0.0090988233623843,0.0057239742342556,0.0035207508974819,0.003655420125086,0.0038942326708575,0.0064236003987794,0.0035623202356793,-0.456506506292774,-0.7542048285866336,-0.5478766701236459,0.0,0.760560245837136
925,2014-04-15,1842.98,0.006734582113407,17.78593781659958,1.54,577596.0,374710.0,952306.0,15.61,16262.56,4034.16,2.628,5.51,1119.49,111.67,1646.699951,84.1,79.79,1300.3,103.7,0.0055075087265255,0.0028472685351932,0.0036960017016474,0.0013976648487581,0.0003760576666067,-0.02070246705882,-0.0033694376041619,0.0108919335867323,0.5429930847792672,0.1880592562183878,0.0,0.7867244559281332
926,2014-04-16,1862.31,0.010433825888179,17.62814162410204,1.49,681250.0,458350.0,1139600.0,14.18,16424.85,4086.23,2.637,5.51,1131.77,111.99,1664.900024,84.1,79.83,1303.5,103.71,0.0099298986074263,0.012824682970054,0.0109095544674833,0.0109918204986163,0.000501190337518,0.0024579473162829,9.64273661612225e-05,0.1650546836305721,0.2014806909471822,0.1795461909080558,0.0,0.7864567896224831
927,2014-04-17,1864.85,0.0013629682617377,17.380506814227324,1.47,503179.0,341480.0,844659.0,13.36,16408.54,4095.52,2.721,5.53,1137.9,112.11,1669.800049,84.1,79.87,1293.9,104.33,-0.0009935009051176,0.0022709087890486,0.0054016794557441,0.0029388121386446,0.00050093927159,-0.0073920410516494,0.0059604098782353,-0.3029833743714452,-0.2943439722656791,-0.2994996070107714,0.0,0.7896997523407371
928,2014-04-21,1871.89,0.0037679947383892,17.200811073962853,1.76,323904.0,183985.0,507889.0,13.25,16449.25,4121.55,2.721,5.52,1142.31,112.31,1672.400024,84.1,79.95,1288.5,104.35,0.0024779524630709,0.0063356128328635,0.0038680696063257,0.0015558467283129,0.0010011263506655,-0.0041821622294877,0.0001916810433311,-0.4404987960143955,-0.6184348795953287,-0.5086700758469718,0.0,0.793306947036686
929,2014-04-22,1879.55,0.0040837708429828,17.286997292626204,1.18,485764.0,410800.0,896564.0,13.19,16514.37,4161.46,2.726,5.51,1155.61,112.2,1682.0,84.1,79.89,1281.1,101.69,0.0039510275093324,0.0096366680359611,0.0115758150986762,0.0057238266998496,-0.000750750786012,-0.0057596672300315,-0.0258216637201629,0.4052757336607975,0.8032522455076254,0.5683067594650879,0.0,0.7885939159592812
930,2014-04-23,1875.39,-0.0022157486947724,17.457815941985096,1.72,270329.0,157419.0,427748.0,13.27,16501.65,4126.97,2.686,5.5,1147.08,112.06,1679.300049,84.1,79.86,1284.6,101.47,-0.0007705350693001,-0.0083224926978253,-0.0074087602042931,-0.0016064924531073,-0.0003755868588752,0.0027283019613042,-0.0021657815120548,-0.5860831735266778,-0.959195437793257,-0.740035442098014,0.0,0.789099446002336
931,2014-04-24,1878.61,0.0017155038836937,17.71666612257251,1.7,362648.0,213856.0,576504.0,13.32,16501.65,4148.34,2.688,5.49,1144.35,111.95,1681.199951,84.1,79.77,1290.6,102.2,0.0,0.0051647726800538,-0.0023827926593238,0.0011307259053268,-0.0011276077120374,0.0046598406780473,0.0071684894786123,0.293792931109154,0.3063918510675147,0.2984480409734669,0.0,0.7729066699292367
932,2014-04-25,1863.4,-0.0081293656428789,17.505868523200352,2.54,563814.0,221646.0,785460.0,14.06,16361.46,4075.56,2.666,5.5,1123.03,111.55,1670.800049,84.1,79.75,1300.8,100.85,-0.0085318066603115,-0.017700093657277,-0.0188064006642179,-0.0062052120348248,-0.0002507522580845,0.0078722332918061,-0.0132974133693828,0.4412917430373611,0.0357786232299037,0.309287255313512,0.0,0.772286264895287
933,2014-04-28,1869.43,0.0032307955332084,17.130775106225478,1.37,292751.0,214399.0,507150.0,13.97,16448.74,4074.4,2.677,5.5,1117.06,111.59,1672.699951,84.1,79.7,1299.0,101.13,0.0053203092865405,-0.0002846639757336,-0.0053301556046818,0.0011364750737188,-0.0006271558687842,-0.0013847221229461,0.002772553513858,-0.6554019915163956,-0.0332427495518992,-0.437462715598059,0.0,0.7575620152207532
934,2014-04-29,1878.33,0.0047495126317658,17.35875036863997,1.34,264942.0,197123.0,462065.0,13.71,16535.37,4103.54,2.695,5.49,1120.83,112.03,1682.400024,84.1,79.81,1296.3,101.56,0.0052528444268382,0.0071265192281515,0.0033692483244189,0.0057823016298179,0.0013792240917478,-0.0020806850646026,0.0042429389223981,-0.099811484249237,-0.0840108656214759,-0.0931012439958536,0.0,0.748267356577156
935,2014-04-30,1883.95,0.0029875523247042,17.70045023434957,1.76,265108.0,151004.0,416112.0,13.41,16580.84,4114.56,2.648,5.53,1126.86,112.17,1687.699951,84.1,79.51,1295.9,100.07,0.0027460889138044,0.002681886714722,0.0053655214610337,0.0031452665550171,-0.0037660099745249,-0.0003086181646283,-0.014779815734113,0.0006263560246271,-0.2665215728548951,-0.1047511190317571,0.0,0.7386233395465787
936,2014-05-01,1883.68,-0.0001433261761167,18.07124166086397,1.72,514562.0,299180.0,813742.0,13.25,16558.87,4127.45,2.606,5.53,1125.97,111.73,1690.400024,81.9,79.52,1283.4,99.69,-0.0013259019598326,0.00312788033726,-0.0007901173602098,0.0015985752908278,0.0001257624349264,-0.0096926281249531,-0.0038045700677518,0.6631787632276716,0.6837390724160208,0.6706889076508755,-0.0265075761198785,0.7315708096079003
937,2014-05-02,1881.14,-0.0013493343030379,18.28273473890488,1.79,503623.0,280676.0,784299.0,12.91,16512.89,4123.9,2.591,5.53,1128.8,111.99,1689.0,81.9,79.51,1302.9,100.09,-0.0027806218735193,-0.000860465310291,0.0025102351779127,-0.0008285636918703,-0.0001257624349264,0.0150797428924702,0.0040044101963152,-0.0214880810640245,-0.0638444197682357,-0.0368530372497737,0.0,0.7297594455737205
938,2014-05-05,1884.66,0.0018694572336084,18.64761912305272,1.5,329243.0,220143.0,549386.0,13.29,16530.55,4138.06,2.611,5.54,1126.31,112.03,1689.800049,81.9,79.51,1309.3,99.74,0.0010688960762816,0.0034277614184681,-0.0022083188952279,0.0004735699084585,0.0,0.0049000940248218,-0.0035029811129509,-0.4250318923379002,-0.2429236439842199,-0.3559890342033771,0.0,0.7436682092387716
939,2014-05-06,1867.72,-0.0090289976403568,18.595987420780883,1.35,337141.0,249485.0,586626.0,13.8,16401.02,4080.76,2.595,5.52,1108.01,112.39,1683.5,81.9,79.14,1308.6,99.81,-0.0078666560986011,-0.0139438333976364,-0.0163811891061165,-0.0037352481151291,-0.0046643639561141,-0.0005347797980688,0.000701578580518,0.0237051605176059,0.1251214579499393,0.0655861877875345,0.0,0.7463504292602434
940,2014-05-07,1878.21,0.0056007599828582,18.74113368894584,1.28,275867.0,214944.0,490811.0,13.4,16518.54,4067.67,2.59,5.52,1108.55,113.29,1684.0,81.9,79.24,1288.9,101.06,0.0071398584452513,-0.0032128916270526,0.0004872415009593,0.0002969562011427,0.001262785873072,-0.0151687220249048,0.0124460211652674,-0.2005823749588522,-0.1490212640593444,-0.178328353806112,0.0,0.7344742635866052
941,2014-05-08,1875.63,-0.0013745926338062,18.648673925732982,1.42,424687.0,299608.0,724295.0,13.43,16550.97,4051.5,2.602,5.5,1097.42,113.77,1686.800049,81.9,79.44,1287.7,100.52,0.0019613239141413,-0.0039831710332354,-0.0100908846842084,0.0016613561192198,0.0025207979065671,-0.0009314601309959,-0.0053576871883711,0.4314335614927511,0.3320974244718044,0.3891396429870131,0.0,0.7333719360687189
942,2014-05-09,1878.48,0.0015183361955397,18.46359614583737,1.56,430956.0,276307.0,707263.0,12.92,16583.34,4071.87,2.623,5.5,1107.22,113.55,1683.400024,81.9,79.87,1287.6,100.32,0.0019538665690017,0.0050151704761418,0.008890398930065,-0.0020176998871548,0.0053982931923801,-7.766085508453813e-05,-0.0019916357907803,0.0146535697168488,-0.0809623871667728,-0.0237961768944305,0.0,0.7486404120878757
943,2014-05-12,1896.65,0.0096262329027441,19.097863345429698,1.35,425203.0,315575.0,740778.0,12.23,16695.47,4143.86,2.656,5.49,1133.65,113.45,1694.900024,81.9,79.89,1295.8,100.89,0.0067388481942511,0.0175253672079271,0.0235901463885763,0.0068081841497988,0.0002503755646534,0.0063482445912033,0.0056657375356774,-0.0134392947791468,0.1328838052494401,0.046298394200674,0.0,0.7361743791929002
944,2014-05-13,1897.45,0.000421707394036,19.78996089667017,1.23,392833.0,318798.0,711631.0,12.13,16715.44,4130.17,2.618,5.46,1121.16,113.49,1698.0,81.9,80.12,1294.8,102.01,0.0011954180462687,-0.0033091522493098,-0.0110786520797869,0.0018273316871564,0.0028748223036663,-0.0007720219637672,0.0110400332741393,-0.0791821167747546,0.0101613017317347,-0.0401414666241048,0.0,0.7312396720513155
945,2014-05-14,1888.53,-0.0047121308116251,19.87998220337926,1.75,592626.0,337931.0,930557.0,12.17,16613.97,4100.63,2.543,5.42,1103.14,114.07,1694.800049,81.9,80.06,1305.9,102.63,-0.0060889354777629,-0.0071779479108187,-0.0162032048299405,-0.001886319206922,-0.0007491572331899,0.0085362151742724,0.0060594399631952,0.4111789234571379,0.058284059260707,0.2682238129519572,0.0,0.749050933816731
946,2014-05-15,1870.85,-0.0094058756211605,19.481712641966386,1.47,783393.0,532711.0,1316104.0,13.17,16446.81,4069.29,2.502,5.44,1095.99,113.98,1682.300049,81.9,80.02,1293.6,101.74,-0.0101123702755856,-0.0076720833802053,-0.0065025943841794,-0.0074028348124652,-0.0004997501353383,-0.0094634289634649,-0.008709748263004,0.2790709771534789,0.4551373305996939,0.3466478045237391,0.0,0.7525361001588659
947,2014-05-16,1877.86,0.003739957569885,19.20371713281128,1.73,583108.0,337975.0,921083.0,12.44,16491.31,4090.59,2.518,5.45,1102.9,113.87,1683.699951,81.9,80.06,1293.4,102.31,0.002702038068632,0.0052206768674132,0.0062850099333564,0.0008317897092773,0.0004997501353383,-0.0001546192504049,0.0055868804962297,-0.2952620678744395,-0.4550071349805922,-0.3568809844881979,0.0,0.7183266326103982
948,2014-05-19,1885.08,0.003837429701277,19.414760556446485,2.2,356748.0,162028.0,518776.0,12.42,16511.86,4125.82,2.536,5.43,1114.43,114.09,1685.900024,81.9,80.02,1293.8,102.95,0.0012453350787708,0.0085755739799484,0.0103999891070145,0.001305836496293,-0.0004997501353383,0.0003092145973928,0.0062360135829502,-0.4913427677331707,-0.7352027684469391,-0.5740779608593449,0.0,0.6995578929725004
949,2014-05-20,1872.83,-0.0065196044560611,18.86225695573418,2.15,421560.0,196209.0,617769.0,12.96,16374.31,4096.89,2.509,5.42,1097.89,114.13,1678.0,81.9,80.04,1294.6,102.8,-0.0083652673521061,-0.0070366386192848,-0.0149529075175687,-0.0046969520303239,0.0002499062864433,0.0006181425015245,-0.0014580804527337,0.1669324658912891,0.1914112578352984,0.1746424104035266,0.0,0.710952381742346
950,2014-05-21,1888.03,0.0080833015659251,18.793630569766663,2.16,670673.0,310986.0,981659.0,11.91,16533.06,4131.54,2.537,5.43,1103.63,114.05,1686.5,81.9,80.07,1288.1,104.31,0.0096483694391178,0.0084220695354417,0.0052145908343455,0.0050527674745532,0.0003747423690096,-0.0050335027093675,0.0145818816668148,0.4643195697811553,0.460567477449981,0.4631293963655096,0.0,0.685106131422899
951,2014-05-22,1892.49,0.0023594648720788,19.175864931077594,1.53,369040.0,240673.0,609713.0,12.03,16543.08,4154.34,2.555,5.41,1113.87,114.25,1692.400024,81.9,80.22,1295.0,104.03,0.000605874827384,0.005503352099005,0.0092356913528908,0.0034922785252522,0.0018716082573648,0.0053424307315959,-0.002687915605076,-0.5973766465973274,-0.2563087294208728,-0.4762556428918003,0.0,0.5579416647797717
952,2014-05-23,1900.53,0.0042393723425773,18.353948834213732,1.31,455566.0,347853.0,803419.0,11.36,16606.27,4185.81,2.536,5.45,1126.19,114.3,1697.900024,81.9,80.35,1291.7,105.01,0.0038124473956546,0.0075466626755602,0.0109998162748023,0.0032445534301173,0.0016192318416141,-0.0025515148956678,0.0093762646350983,0.2106355626730671,0.3683408110715955,0.2758880164871247,0.0,0.5234359422941581
953,2014-05-28,1909.78,-0.0011146902132566,14.36211715549625,1.72,401068.0,232814.0,633882.0,11.68,16633.18,4225.07,2.438,5.4,1136.68,115.04,1706.199951,81.9,80.55,1259.3,103.37,0.0016191607189117,0.0093355951187632,0.009271478382347,0.0048764392987292,0.0024860174394625,-0.0254031692261689,-0.0157407991375082,-0.1274096129326078,-0.4015401252333888,-0.2370135538942506,0.0,0.5136925576841038
954,2014-05-29,1920.03,0.0053527587392556,14.32769797640644,1.02,463415.0,452256.0,915671.0,11.57,16698.74,4247.95,2.447,5.4,1140.07,115.53,1713.300049,81.9,80.5,1257.1,104.26,0.0039337718644869,0.0054006849063217,0.0029779312662618,0.004152717182901,-0.0006209251984659,-0.0017485300910156,0.0085729947595663,0.1444919919276177,0.664008539679596,0.3677943126103944,0.0,0.5044442800926037
955,2014-05-30,1923.57,0.0018420236241798,15.59069553400804,1.47,478577.0,325702.0,804279.0,11.4,16717.17,4242.62,2.457,5.38,1134.5,115.63,1715.199951,81.9,80.39,1246.0,103.4,0.001103067483049,-0.0012555106901288,-0.0048976387922978,0.0011082993696813,-0.0013673940846485,-0.0088690605733869,-0.0082828172656315,0.0321941365694371,-0.3282655383022028,-0.1297109059427637,0.0,0.47466939480150033
956,2014-06-02,1924.97,0.0007275486609232,16.73121970303905,1.67,467548.0,279271.0,746819.0,11.58,16743.63,4237.2,2.534,5.34,1128.9,115.24,1717.300049,82.5,80.63,1244.0,103.07,0.0015815524742617,-0.0012783291952143,-0.0049483179523956,0.0012236552145923,0.0029809983570618,-0.0016064260482737,-0.0031965930256276,-0.0233151002321392,-0.153800216329305,-0.0741233706792812,0.007299302481611,0.47541999487213465
957,2014-06-03,1924.24,-0.0003792986138719,17.79484012755215,1.99,393795.0,198245.0,592040.0,11.87,16722.34,4234.08,2.593,5.36,1126.15,114.4,1715.800049,82.5,80.54,1244.5,103.34,-0.0012723374145195,-0.000736606543775,-0.0024389715201138,-0.0008738458260069,-0.0011168332736231,0.0004018485085222,0.0026161538103375,-0.1716715479309254,-0.3426789970382788,-0.2322486530603171,0.0,0.47294329112681827
958,2014-06-04,1927.88,0.0018898689985702,19.073491651656663,1.35,430763.0,318383.0,749146.0,12.08,16737.53,4251.64,2.606,5.36,1131.22,114.33,1717.800049,82.5,80.67,1244.3,103.27,0.000907953380782,0.0041387236593894,0.0044919605780879,0.0011649581600101,0.0016128035255746,-0.0001607200260611,-0.000677605175726,0.0897275855473669,0.4737514210690747,0.2353596909212747,0.0,0.48046655356830265
959,2014-06-05,1940.46,0.0065041047829357,20.920790121384982,1.17,696200.0,594502.0,1290702.0,11.68,16836.11,4296.23,2.584,5.35,1153.94,114.62,1725.599976,82.5,80.37,1253.3,103.17,0.0058724811073584,0.0104331030926747,0.0198854773232923,0.0045303713097588,-0.0037257867242557,0.0072069498358908,-0.0009688045710278,0.4800789205059566,0.6244690197117233,0.5440076442964354,0.0,0.48055686081540666
960,2014-06-06,1949.44,0.0046170934741924,23.169681311179936,1.36,684096.0,502929.0,1187025.0,10.73,16924.28,4321.4,2.597,5.32,1165.21,115.56,1734.5,82.5,80.43,1252.5,103.32,0.0052232927676598,0.0058415298809393,0.00971915461733,0.0051443852430645,0.0007462686913504,-0.0006385186584569,0.0014528551153549,-0.0175387167258573,-0.1672750732415568,-0.083736079499241,0.0,0.4805356591749139
961,2014-06-09,1951.27,0.0009382907902706,24.561615216870734,1.2,461967.0,386120.0,848087.0,11.15,16943.1,4336.24,2.613,5.3,1175.88,115.51,1736.0,82.5,80.62,1253.9,105.09,0.0011113940279514,0.0034281893296324,0.0091154751696294,0.000864428810491,0.0023595167730423,0.001117140237473,0.0169861576498657,-0.3926047986923127,-0.2643008050747788,-0.3362222310183718,0.0,0.4480062193517046
962,2014-06-10,1950.79,-0.0002460238963113,25.77856118064684,1.66,459406.0,277407.0,736813.0,10.99,16945.92,4338.0,2.635,5.28,1172.71,115.08,1735.300049,82.5,80.81,1260.1,105.02,0.0001664255860163,0.0004057992456178,-0.0026994936749726,-0.0004032788866457,0.0023539625563362,0.0049323886791547,-0.0006663176677923,-0.0055591092757438,-0.3306624600993899,-0.1406490962182758,0.0,0.45614931296630873
963,2014-06-11,1943.89,-0.0035432986633585,26.596027228900667,1.54,390577.0,253892.0,644469.0,11.6,16843.88,4331.93,2.64,5.28,1166.71,114.69,1731.199951,82.5,80.77,1261.2,105.04,-0.0060397108112688,-0.0014002422145917,-0.0051294877839946,-0.0023655559855546,-0.0004951107911512,0.0008725657952579,0.0001904217848274,-0.1623092177431235,-0.0885767621346946,-0.1339074067301613,0.0,0.47612987457303935
964,2014-06-12,1930.11,-0.0071141239638476,26.8063005201912,1.73,501515.0,290130.0,791645.0,12.56,16734.19,4297.63,2.586,5.28,1159.4,114.56,1725.5,82.5,80.58,1274.0,107.2,-0.006533454137509,-0.0079494622273177,-0.006285192071127,-0.0032979178100376,-0.0023551296910033,0.0100979084612031,0.020355018642161,0.2500083842835785,0.1334201186506511,0.2056863370844084,0.0,0.47635101940004415
965,2014-06-13,1936.16,0.0031296339563011,27.126627551014,1.81,484080.0,267852.0,751932.0,12.18,16775.74,4310.65,2.604,5.28,1162.68,114.8,1727.199951,82.5,80.61,1274.1,107.49,0.0024798632103024,0.003024996846852,0.0028250552792803,0.0009847082929237,0.0003722315323084,7.84898552268487e-05,0.0027015713482709,-0.0353833349098131,-0.0798945092321066,-0.0514671646757669,0.0,0.47593068726835946
966,2014-06-16,1937.78,0.0008363578653423,27.30565154742413,2.15,443223.0,206001.0,649224.0,12.65,16781.01,4321.11,2.597,5.24,1166.82,114.14,1727.0,82.5,80.44,1275.3,107.52,0.0003140947823201,0.0024236088862679,0.0035544145599333,-0.0001157726843032,-0.0021111463910585,0.0009413980455184,0.0002790567898669,-0.0881771529206467,-0.2625535660181448,-0.1468680907954649,0.0,0.474392804045184
967,2014-06-17,1941.99,0.0021702325923405,27.62667520054169,1.88,541761.0,288270.0,830031.0,12.06,16808.49,4337.23,2.655,5.25,1176.62,113.77,1728.699951,82.5,80.6,1272.0,106.95,0.0016362259712643,0.0037235818009904,0.0083638216712484,0.0009838534370629,0.0019870846081317,-0.0025909801327861,-0.0053154412464246,0.2007519153854424,0.3360165178105561,0.2456852459569383,0.0,0.48955854526405673
968,2014-06-18,1956.98,0.0076892481123618,27.74252315331216,1.94,852245.0,439222.0,1291467.0,10.61,16906.62,4362.84,2.613,5.24,1183.13,114.61,1737.800049,82.5,80.41,1272.7,106.64,0.0058211453025318,0.0058873259574845,0.0055175476347066,0.0052503210179342,-0.002360102952525,0.0005501630979338,-0.0029027596579611,0.4530490993988252,0.4211074390582006,0.442071011034594,0.0,0.4496510181632548
969,2014-06-19,1959.48,0.0012766632824314,28.212786503487177,1.55,703681.0,452927.0,1156608.0,10.62,16921.46,4359.33,2.622,5.2,1184.03,114.41,1748.400024,82.5,80.32,1314.1,107.08,0.0008773776668355,-0.0008048456265985,0.0007604049099896,0.0060811241143197,-0.0011198906166391,0.032011392651591,0.0041175427816986,-0.1915489157117988,0.0307259845789591,-0.1102871979999839,0.0,0.4432624414917332
970,2014-06-20,1962.87,0.0017285560156965,28.456058191685024,1.89,641841.0,340278.0,982119.0,10.85,16947.08,4368.04,2.624,5.18,1188.43,114.61,1747.400024,82.5,80.33,1316.6,107.95,0.0015129087280865,0.0019960200820623,0.0037092343346172,-0.0005721151173094,0.0001244942423026,0.0019006353841835,0.0080919383086639,-0.0919845190010111,-0.2859680340166708,-0.1635343802500344,0.0,0.44108076356578
971,2014-06-23,1962.61,-0.0001324678767335,28.530400017610365,2.02,375457.0,185477.0,560934.0,10.98,16937.26,4368.68,2.623,5.16,1184.95,114.87,1746.300049,82.5,80.27,1318.4,106.83,-0.0005796188017779,0.0001465080719409,-0.0029325287091994,-0.0006296905935609,-0.0007471980422355,0.0013662241214316,-0.0104293710030196,-0.5361966587992715,-0.6068320454359135,-0.560109230732424,0.0,0.46438839282752237
972,2014-06-24,1949.98,-0.0064561039462427,28.608232325224872,1.89,498531.0,263329.0,761860.0,12.13,16818.13,4350.36,2.586,5.16,1173.24,115.31,1737.800049,82.5,80.32,1321.3,106.64,-0.0070584576037031,-0.0042023036847975,-0.0099314272806285,-0.0048793184034492,0.0006227037999328,0.0021972202649633,-0.0017801100873429,0.283521823362463,0.3504733158194977,0.306159560229732,0.0,0.44219953057727746
973,2014-06-25,1959.53,0.0048855324556189,28.940089197357945,2.05,382202.0,186721.0,568923.0,11.59,16867.51,4379.76,2.559,5.19,1182.68,115.58,1738.199951,82.5,80.2,1322.6,107.04,0.002931815181224,0.0067353280695563,0.0080138973493886,0.0002300932116021,-0.0014951410709498,0.0009833958203904,0.0037439205094651,-0.2657165093732114,-0.3437886768247722,-0.2920177119353973,0.0,0.44400457856652686
974,2014-06-26,1957.22,-0.0011795495080528,28.66593081573704,2.07,446847.0,216351.0,663198.0,11.63,16846.13,4379.05,2.525,5.2,1180.71,115.55,1737.300049,82.5,80.21,1317.0,106.49,-0.0012683295465034,-0.0001621224804626,-0.0016670972258108,-0.0005178547087387,0.0001246805063646,-0.0042430734972809,-0.0051515123526266,0.1562669894877046,0.1472865646636751,0.1533284882977437,0.0,0.430715705321764
975,2014-06-27,1960.96,0.0019090501895577,27.2259973291536,2.01,524110.0,260376.0,784486.0,11.26,16851.84,4397.93,2.532,5.21,1189.5,115.558,1740.900024,82.5,80.04,1320.0,106.46,0.0003388928208227,0.0043021697942311,0.0074170983138541,0.0020700225461061,-0.002121685663301,0.0022753138371358,-0.0002817562826811,0.1594853318117142,0.1852246513879976,0.1679551381172253,0.0,0.38285135686672833
976,2014-06-30,1960.23,-0.0003723359533376,25.86879269524544,2.31,493264.0,213567.0,706831.0,11.57,16826.6,4408.18,2.516,5.28,1192.96,115.27,1743.400024,82.5,79.78,1322.0,106.07,-0.0014988820578061,0.0023279301823286,0.0029045628741046,0.0014350086930345,-0.0032536632382713,0.0015140048312147,-0.0036700742272319,-0.060657058281512,-0.1981761394197292,-0.1042371271193598,0.0,0.39223830882638094
977,2014-07-01,1973.32,0.0066555901516327,25.22881079956272,1.33,602641.0,452576.0,1055217.0,11.15,16956.07,4458.65,2.563,5.29,1205.95,114.75,1754.800049,81.8,79.82,1326.6,106.06,0.0076649142221594,0.0113841237663425,0.0108300244407324,0.0065176748717892,0.0005012531433266,0.0034735366798246,-9.428180839510247e-05,0.2002771352087577,0.7510051040695593,0.4007101128303869,-0.0085210497319332,0.3904323961062169
978,2014-07-02,1974.62,0.0006585713293443,23.19702016122117,1.79,494182.0,276813.0,770995.0,10.82,16976.24,4457.73,2.628,5.3,1199.5,114.57,1757.0,81.8,79.94,1330.9,105.18,0.001188837563701,-0.0002063617753531,-0.0053628347780998,0.001252890971628,0.0015022536625899,0.0032361270010543,-0.0083318035477857,-0.1984177924913392,-0.491613516879493,-0.3138198235052503,0.0,0.36569298470470174
979,2014-07-03,1985.44,0.0054645772666077,22.56193906471856,1.88,492167.0,261956.0,754123.0,10.32,17068.26,4485.93,2.648,5.3,1208.15,114.49,1764.099976,81.8,80.21,1320.6,104.76,0.0054058790169122,0.0063061640210033,0.0071854606917138,0.0040328225105925,0.0033718420956558,-0.007769226332039,-0.004001148521687,-0.0040857805971992,-0.0551656372321183,-0.0221264037808115,0.0,0.41694354359519253
980,2014-07-08,1963.71,-0.0070737299445005,19.82415582389695,1.95,569337.0,292015.0,861352.0,11.98,16906.62,4391.46,2.565,5.29,1172.15,115.41,1741.599976,81.8,80.17,1316.5,104.06,-0.009515337189951,-0.0212840860461369,-0.0302505946759366,-0.0128364145577837,-0.0004988153239731,-0.0031094788241068,-0.0067043637773531,0.1456544361477139,0.1086286200854314,0.1329477631489943,0.0,0.420974048667719
981,2014-07-09,1972.83,0.0046335189363313,19.14774921178092,2.49,392675.0,157515.0,550190.0,11.65,16985.61,4419.03,2.547,5.31,1173.81,115.78,1746.099976,81.8,80.03,1324.3,102.93,0.0046612538047696,0.0062584691633329,0.0014151991313173,0.0025804986432582,-0.0017478156759054,0.005907317996554,-0.0109185103236892,-0.3714902282116004,-0.6172844789858445,-0.4482395747098895,0.0,0.4291121166509834
982,2014-07-10,1964.68,-0.004139677938002,17.77950029983194,1.85,524277.0,282690.0,806967.0,12.59,16915.07,4396.2,2.532,5.39,1161.86,115.44,1734.5,81.8,80.12,1339.2,103.61,-0.004161574446595,-0.0051796835799819,-0.0102326992012287,-0.0066655283733592,0.0011239464186623,0.0111884028022926,0.0065847047251921,0.2890378728726652,0.5848301990607094,0.3830191021242424,0.0,0.42331594188124483
983,2014-07-11,1967.57,0.0014698966344175,16.979439632156765,2.61,720769.0,275937.0,996706.0,12.08,16943.81,4415.49,2.52,5.38,1159.93,115.55,1736.0,81.8,80.19,1337.4,101.48,0.0016976348244437,0.0043782817631399,-0.0016625107736132,0.000864428810491,0.0008733080213199,-0.0013449901153324,-0.020772115532579,0.31829852699836,-0.0241783120946674,0.2111730665803168,0.0,0.4215588991428629
984,2014-07-14,1977.1,0.0048318457773097,16.579953981092473,1.45,405099.0,279610.0,684709.0,11.82,17055.42,4440.42,2.549,5.36,1165.62,115.32,1747.0,81.8,80.17,1306.7,101.73,0.0065654663894072,0.0056301533899656,0.0048934758267416,0.0063164149137602,-0.0002494387640767,-0.0232225556247778,0.0024605100745755,-0.5761872159208128,0.013223196307095,-0.3754619113373962,0.0,0.4245341011954399
985,2014-07-15,1973.28,-0.0019339917631571,15.909408699400366,1.65,438173.0,265748.0,703921.0,11.96,17060.68,4416.39,2.549,5.4,1153.81,115.19,1741.400024,81.8,80.38,1297.1,100.56,0.0003083588125072,-0.0054263462723156,-0.0101836244801658,-0.0032106299575263,0.0026160089661946,-0.0073738716484736,-0.0115676805236653,0.0784823278831385,-0.0508472837756439,0.027672203468823,0.0,0.4288763435983137
986,2014-07-16,1981.57,0.0041923269614834,15.337539477814063,2.24,764651.0,341401.0,1106052.0,11.0,17138.2,4425.97,2.538,5.44,1151.55,115.1,1751.5,81.8,80.53,1299.8,101.88,0.0045334895627728,0.0021668431840247,-0.0019606488565608,0.0057831624610118,0.0018643967863987,0.0020794031136208,0.0130410858292639,0.5568057110187059,0.2505092481478996,0.4518860632996393,0.0,0.488235069965623
987,2014-07-17,1958.12,-0.0119046305390995,14.216671951319247,2.12,783129.0,369153.0,1152282.0,14.54,16976.81,4363.45,2.475,5.49,1133.6,114.85,1735.099976,81.8,80.53,1316.9,103.84,-0.009461594998303,-0.0142264346124907,-0.0157104515655461,-0.0094075288619714,0.0,0.0130700832559265,0.0190556028445243,0.0238779127975554,0.0781534527784266,0.0409474057139984,0.0,0.5188839310873247
988,2014-07-18,1978.22,0.0102126212157642,14.154500766403926,2.43,700430.0,288549.0,988979.0,12.06,17100.18,4432.15,2.484,5.55,1151.61,115.26,1744.300049,81.8,80.5,1309.4,103.83,0.007240694615314,0.015621764773444,0.0157625538945325,0.0052883223400161,-0.0003726013829359,-0.0057114727091835,-9.630664041804238e-05,-0.1116030012172561,-0.2463462767027966,-0.1528265051378969,0.0,0.5107233336156513
989,2014-07-21,1973.63,-0.0023229637076465,14.183063272269608,2.72,437612.0,160938.0,598550.0,12.81,17051.73,4424.7,2.474,5.57,1146.66,115.52,1740.099976,81.8,80.56,1313.9,105.34,-0.0028373249111712,-0.0016823140861745,-0.004307594542058,-0.0024107880863644,0.0007450639857893,0.0034307966407851,0.0144382677398811,-0.4703617591261917,-0.5838457178977432,-0.5021630341306373,0.0,0.5118333278576348
990,2014-07-22,1983.53,0.0050035988712577,14.601168371338732,1.64,355484.0,216831.0,572315.0,12.24,17113.54,4456.02,2.466,5.55,1156.15,115.7,1750.800049,81.8,80.78,1306.3,104.59,0.0036182981978551,0.0070535113938223,0.0082421508710313,0.0061302852747235,0.0027271617249597,-0.0058011001552582,-0.0071452692890661,-0.2078524318371606,0.2980990506240921,-0.0448205245960942,0.0,0.5122410907741036
991,2014-07-23,1987.01,0.0017529106323479,15.08649011583109,1.42,367996.0,258303.0,626299.0,11.52,17086.63,4473.7,2.464,5.52,1158.11,116.31,1754.099976,81.8,80.81,1304.7,103.81,-0.0015736767129208,0.0039598157841602,0.001693846385991,0.0018830368635587,0.000371310110089,-0.0012255842208155,-0.0074856395610227,0.0345918273465386,0.1750150661627696,0.0901383537499,0.0,0.5119894448943006
992,2014-07-24,1987.98,0.0004880515519554,15.233360562103742,1.96,586755.0,299892.0,886647.0,11.84,17083.8,4472.11,2.509,5.51,1156.26,116.14,1756.300049,81.8,80.87,1290.8,102.76,-0.0001656402922911,-0.0003554736835997,-0.0015987075480836,0.0012534601597469,0.000742206862375,-0.0107109480938953,-0.0101661329634712,0.4665352876670159,0.1492890954044377,0.3476190395593335,0.0,0.5162257698208218
993,2014-07-25,1978.34,-0.0048609385938274,13.887357472833452,2.51,649891.0,258814.0,908705.0,12.69,16960.57,4449.56,2.469,5.52,1144.72,115.98,1748.199951,81.8,81.03,1303.3,105.23,-0.0072394077609043,-0.0050551181607509,-0.0100305928394046,-0.0046226922096934,0.001976529364903,0.0096373283588668,0.0237522585110374,0.1021973003084077,-0.1473127528501319,0.0245735766416625,0.0,0.4954979091463754
994,2014-07-28,1978.91,0.0002880788446235,12.782955353839442,1.86,350412.0,188557.0,538969.0,12.56,16982.59,4444.91,2.491,5.53,1139.5,115.57,1748.199951,81.8,81.01,1303.3,105.68,0.0012974633527971,-0.0010455935932416,-0.0045704959127403,0.0,-0.0002468526302337,0.0,0.004267229461349,-0.6176950514688837,-0.3167093085443575,-0.5223624537118283,0.0,0.5029783892329103
995,2014-07-29,1969.95,-0.0045380263552576,11.416048438319638,1.78,341154.0,191605.0,532759.0,13.28,16912.11,4442.7,2.462,5.57,1141.64,115.44,1744.199951,81.8,81.21,1298.3,104.91,-0.0041587682783053,-0.0004973215623884,0.001876255405449,-0.0022906894177818,0.0024657884519188,-0.003843793170466,-0.0073128204706751,-0.0267756168108501,0.0160356127835132,-0.0115888910270776,0.0,0.5030461378233454
996,2014-07-30,1970.07,6.091339639713311e-05,10.183408237194632,1.59,439519.0,276877.0,716396.0,13.33,16880.36,4462.9,2.554,5.63,1146.57,115.39,1740.199951,81.8,81.4,1296.9,104.29,-0.0018791174094499,0.0045364792136144,0.0043090517289243,-0.0022959487255356,0.0023368807141759,-0.0010789150245118,-0.0059273596102729,0.2533469588947277,0.36813740301994,0.2961639223847747,0.0,0.6263477219866275
997,2014-07-31,1930.67,-0.0202019821803869,12.281987071676086,1.95,988017.0,507209.0,1495226.0,16.95,16563.3,4369.77,2.556,5.9,1120.07,114.58,1714.300049,81.8,81.46,1282.8,98.23,-0.0189614114878775,-0.0210884027995845,-0.0233836934840159,-0.0149951583777099,0.000736829211771,-0.0109316125226959,-0.059863812446343,0.810018956942514,0.6053497831954715,0.7357995582701804,0.0,0.6099315140377796
998,2014-08-01,1925.15,-0.0028632061512494,14.61321384766415,2.36,1179694.0,500491.0,1680185.0,17.03,16493.37,4352.64,2.505,6.04,1114.86,113.33,1705.699951,82.5,81.3,1294.8,97.86,-0.0042309224925762,-0.0039278185783793,-0.0046623468633786,-0.0050293076769118,-0.0019660856665009,0.0093110542330894,-0.0037737818258012,0.1773104577184696,-0.013333530869465,0.1166265404140372,0.0085210497319332,0.6253221426380621
999,2014-08-04,1938.99,0.0071633321677371,15.536203847531496,2.7,676478.0,250467.0,926945.0,15.12,16569.28,4383.89,2.491,6.02,1124.82,113.65,1710.099976,82.5,81.32,1288.9,98.26,0.0045918964985212,0.0071539005249672,0.0088941863644373,0.0025762793651225,0.0002459722063807,-0.0045671016413555,0.0040791408795248,-0.5561104350391979,-0.6922624412556591,-0.5947649527524117,0.0,0.6467123523646288
1000,2014-08-05,1920.21,-0.0097326638909587,17.7592337676785,2.36,603013.0,255745.0,858758.0,16.87,16429.47,4352.84,2.483,5.94,1121.56,113.51,1698.199951,82.5,81.53,1285.3,97.34,-0.0084737050083223,-0.0071079524554669,-0.00290244953087,-0.0069829965735586,0.0025790619146732,-0.0027969872946478,-0.0094070223351936,-0.1149611713897407,0.020853678978538,-0.0764070732706034,0.0,0.646763749441074
1001,2014-08-06,1920.24,1.5623169160150496e-05,19.436109246342223,2.22,547500.0,246158.0,793658.0,16.37,16443.34,4355.05,2.474,5.97,1125.55,113.37,1693.099976,82.5,81.43,1308.2,96.93,0.0008438585458971,0.0005075856602339,0.003551231753887,-0.0030076837521777,-0.001227295195779,0.0176599924110263,-0.0042209359007916,-0.0965762936764456,-0.0382072481145936,-0.078834521381724,0.0,0.6442742265204622
1002,2014-08-07,1909.57,-0.0055720924051181,21.906465168962825,2.04,786975.0,386229.0,1173204.0,16.66,16368.27,4334.97,2.424,5.92,1119.76,113.17,1684.699951,82.5,81.43,1312.5,97.34,-0.0045758273358611,-0.0046214015014811,-0.0051574284477817,-0.0049736766521437,0.0,0.0032815689386662,0.0042209359007916,0.3628340200214293,0.4504568516179716,0.3908411085983054,0.0,0.6747337276754525
1003,2014-08-08,1931.59,0.011465412125835,22.6415766071283,2.18,726756.0,334012.0,1060768.0,15.77,16553.93,4370.9,2.415,5.92,1131.35,113.57,1690.599976,82.5,81.39,1311.0,97.61,0.0112788311946339,0.0082542477661959,0.0102972332849464,0.003496003991823,-0.0004913401400896,-0.0011435107020787,0.0027699427815655,-0.0796056863732275,-0.1452535373268588,-0.1007452935117534,0.0,0.6771067703399803
1004,2014-08-11,1936.92,0.0027555846424931,23.118520614312597,2.06,491209.0,238046.0,729255.0,14.23,16569.98,4401.33,2.42,5.85,1141.93,113.8,1701.599976,82.5,81.46,1310.5,98.09,0.0009690885681123,0.0069378304167599,0.009308203467965,0.0064854894829711,0.0008596868813155,-0.0003814610002388,0.0049054773893502,-0.3917210961982089,-0.3387129881682664,-0.3747249879804801,0.0,0.6761640033564243
1005,2014-08-12,1933.75,-0.0016379596859126,23.67550675744849,1.79,600950.0,335051.0,936001.0,14.13,16560.54,4389.25,2.442,5.81,1133.03,113.95,1699.400024,82.5,81.51,1310.6,97.36,-0.0005698673160257,-0.0027483983091105,-0.0078243533118484,-0.0012937090895821,0.0006136098861002,7.63038419355766e-05,-0.007469975896952,0.20164203725815,0.3418188267371391,0.2495930797694914,0.0,0.6886592706618971
1006,2014-08-13,1946.72,0.0066847821518631,23.689346594219867,1.53,459483.0,301285.0,760768.0,12.9,16651.8,4434.13,2.413,5.74,1141.78,114.25,1708.699951,82.5,81.61,1314.5,97.57,0.0054955615701857,0.0101730599965623,0.0076929881208078,0.0054575570853829,0.001226091374785,0.0029713175645396,0.0021546204405868,-0.2684097920230357,-0.10622609841508,-0.2072880954949312,0.0,0.6819023741064121
1007,2014-08-14,1955.18,0.0043363557532503,23.539177848540493,1.84,594468.0,322255.0,916723.0,12.42,16713.58,4453.0,2.4,5.66,1143.34,114.87,1715.699951,82.5,81.62,1315.7,95.54,0.0037032439375384,0.0042465966758236,0.0013653552044052,0.0040883132521525,0.0001225264965079,0.0009124782018563,-0.0210250611580429,0.2575649435611975,0.0672864969739226,0.1864769052915491,0.0,0.681685313879934
1008,2014-08-15,1955.06,-6.137730678368314e-05,23.023044277597517,2.72,908469.0,334363.0,1242832.0,13.15,16662.91,4464.93,2.345,5.63,1141.65,115.04,1714.199951,82.5,81.42,1306.2,97.3,-0.0030362712751994,0.0026755103744022,-0.0014792189971561,-0.0008746611495888,-0.0024533869028262,-0.0072466849032357,0.0182539812301429,0.4240938771376736,0.0368840715530911,0.3043425708479681,0.0,0.6928096169632877
1009,2014-08-18,1971.74,0.0084955181427632,22.87634533178872,1.64,514947.0,314080.0,829027.0,12.32,16838.74,4508.31,2.387,5.58,1158.4,115.05,1727.400024,82.5,81.57,1299.3,96.44,0.0104968928085167,0.0096688237363338,0.0145651582499413,0.007670930859879,0.0018406042376559,-0.0052965005798659,-0.0088779358789885,-0.5676967823281238,-0.0625794986276684,-0.4048952015320761,0.0,0.6683277146548694
1010,2014-08-19,1981.6,0.0049881975467807,23.258253549074567,1.74,538864.0,308841.0,847705.0,12.21,16919.59,4527.51,2.405,5.55,1162.47,115.38,1734.900024,82.5,81.87,1296.7,94.35,0.0047899380438423,0.0042497590471519,0.0035073090454549,0.0043323869260341,0.003671076075868,-0.0020030823338519,-0.0219097814984117,0.0453992372152018,-0.0168211491702283,0.0222799739444461,0.0,0.6646589301462889
1011,2014-08-20,1986.51,0.0024747310461945,23.675750249510024,1.21,511149.0,422290.0,933439.0,11.78,16979.13,4526.48,2.426,5.53,1157.51,114.83,1735.800049,82.5,82.24,1295.2,96.4,0.0035128206154393,-0.0002275239986886,-0.004275905444981,0.0005186417732696,0.0045091783184982,-0.0011574521914132,0.0214949298019409,-0.0528020871334877,0.3128657004531536,0.0963429174626,0.0,0.6611212206362418
1012,2014-08-21,1992.37,0.0029455546469971,24.42744670019688,1.49,500747.0,336674.0,837421.0,11.76,17039.49,4532.1,2.407,5.54,1160.03,115.0,1741.900024,82.5,82.16,1275.4,93.97,0.0035486485543696,0.0012408127368868,0.0021747206030324,0.0035080548222721,-0.0009732360865521,-0.0154052684822545,-0.0255306192215263,-0.0205601493137219,-0.2265771787028914,-0.1085486844808336,0.0,0.6623682170114765
1013,2014-08-22,1988.4,-0.0019945896478237,24.93919786875534,2.15,602436.0,280042.0,882478.0,11.47,17001.22,4538.55,2.403,5.54,1160.34,114.99,1735.900024,82.5,82.33,1280.2,93.61,-0.0022484851886712,0.0014221695439964,0.0002671987673039,-0.0034504605612895,0.0020669956900318,0.0037564608267315,-0.00383836701132,0.1848804521417424,-0.18417551118781,0.0524069284264321,0.0,0.6622391751620684
1014,2014-08-25,1997.92,0.0047763441463173,25.688416817951,1.38,359675.0,259715.0,619390.0,11.7,17076.87,4557.35,2.387,5.52,1165.22,114.95,1745.199951,82.5,82.58,1278.9,95.39,0.0044398101106697,0.0041337364682654,0.0041968447710001,0.0053431094722578,0.0030319591476093,-0.0010159822686279,0.0188365357734632,-0.5157805897331489,-0.075354715967018,-0.3539987365655879,0.0,0.6609007551058355
1015,2014-08-26,2000.02,0.0010505411252479,26.562447271468837,1.24,329947.0,266323.0,596270.0,11.63,17106.7,4570.64,2.391,5.52,1175.17,115.27,1749.099976,82.5,82.67,1285.2,95.78,0.0017452833376889,0.0029119246166633,0.0085029075907963,0.0022322220192325,0.0010892588066395,0.0049140148024289,0.0040801437573465,-0.0862688104217106,0.0251249818940042,-0.0380415381357206,0.0,0.6571544833174455
1016,2014-08-27,2000.12,4.999825007168113e-05,27.23317670912167,1.57,308872.0,196809.0,505681.0,11.78,17122.01,4569.62,2.361,5.52,1172.71,116.0,1750.699951,82.5,82.47,1283.4,95.82,0.0008945707285494,-0.0002231884003816,-0.002095508203304,0.0009143237584066,-0.0024221884193194,-0.0014015419252881,0.000417536540513,-0.0660050839067167,-0.3024761425675528,-0.1647875489196479,0.0,0.6172866788512587
1017,2014-08-28,1996.74,-0.0016913280954211,27.90159779738873,1.68,416379.0,247478.0,663857.0,12.05,17079.57,4557.69,2.334,5.51,1165.95,115.71,1744.400024,82.5,82.49,1290.4,96.44,-0.0024817579645599,-0.0026141342397352,-0.0057811044164157,-0.0036050092231585,0.0002424830273755,0.0054394414945839,0.0064496218579943,0.2986689515977385,0.2290879738891966,0.2721607291397561,0.0,0.5925906384384118
1018,2014-08-29,2003.37,0.0033149118755346,28.702552419503863,2.39,543310.0,227773.0,771083.0,11.98,17098.45,4580.27,2.343,5.5,1174.35,115.63,1748.699951,82.5,82.74,1287.4,97.86,0.0011048037259264,0.0049420321290991,0.0071785976776945,0.0024619559718743,0.0030260871606255,-0.0023275671924842,0.0146168325480067,0.2660841562328606,-0.0829721702025167,0.1497292553316622,0.0,0.5912678493338998
1019,2014-09-03,2000.72,-0.0007794154778784,29.978261012363426,1.53,390117.0,254761.0,644878.0,12.36,17078.28,4572.57,2.41,5.59,1172.2,115.03,1752.0,84.6,82.85,1270.3,95.5,-0.0011803354119432,-0.0016825382758831,-0.001832477979704,0.0018853657975395,0.0013285828393065,-0.0133715875891002,-0.0244116383742927,-0.3312333652925776,0.1119763317919648,-0.1787348685503609,0.025135973271543,0.585977803324163
1020,2014-09-04,1997.65,-0.0015356260692698,30.289339014298204,1.47,550182.0,375513.0,925695.0,12.64,17069.58,4562.29,2.448,5.64,1167.21,115.01,1748.599976,84.6,83.85,1266.5,94.51,-0.0005095487792345,-0.0022507196256196,-0.0042660393584599,-0.0019425384748128,0.0119977443966456,-0.0029959025876848,-0.0104205984797198,0.3438024384463976,0.3879672403524523,0.3614836551223099,0.0,0.5919095424367146
1021,2014-09-05,2007.71,0.0050232793825966,30.968116494024137,2.02,627981.0,310773.0,938754.0,12.09,17137.36,4582.9,2.461,5.71,1170.13,115.42,1750.599976,84.6,83.76,1267.3,93.32,0.0039629437012838,0.0045072950681639,0.0024985680466613,0.0011431185672279,-0.0010739217069364,0.0006314626462886,-0.0126712018537356,0.1322607786543557,-0.1892303489779276,0.0140086573139637,0.0,0.5952108780982619
1022,2014-09-08,2001.54,-0.0030778848267845,31.529740021987337,1.59,380953.0,239785.0,620738.0,12.66,17111.42,4592.29,2.469,5.72,1172.31,114.68,1744.300049,84.6,84.3,1254.3,92.64,-0.0015147987729893,0.0020468248130622,0.0018613075505697,-0.0036052154731658,0.0064262984455281,-0.0103110050573898,-0.0073134333285436,-0.4998339032962136,-0.2593200536228011,-0.4136443713070843,0.0,0.6009916399492307
1023,2014-09-09,1988.44,-0.0065664725492675,31.687011625256883,2.28,450614.0,197242.0,647856.0,13.5,17013.87,4552.29,2.5,5.77,1158.5,114.33,1733.199951,84.6,84.17,1248.5,92.73,-0.0057171831044531,-0.0087484072784338,-0.0118500964086694,-0.0063839745212375,-0.0015433017843244,-0.0046348173108006,0.0009710309874488,0.1679350892631266,-0.1953112872746114,0.042759356687501,0.0,0.6043037967139919
1024,2014-09-10,1995.69,0.0036394434933182,32.068033253906314,2.64,474155.0,179921.0,654076.0,12.88,17068.71,4586.52,2.534,5.86,1164.99,114.3,1735.800049,84.6,84.2,1245.3,91.71,0.0032180690151264,0.0074911635267849,0.0055864383995425,0.0014990478448533,0.0003563580247964,-0.0025663659927257,-0.0110606202412819,0.0509231752599017,-0.0919135355741609,0.0095551032216114,0.0,0.5974357195196985
1025,2014-09-11,1997.45,0.0008815118498075,32.47001353314469,2.05,510311.0,248969.0,759280.0,12.8,17049.0,4591.81,2.531,5.9,1172.34,114.31,1737.0,84.6,84.27,1239.0,92.89,-0.0011554117901066,0.0011527152729868,0.0062892481825009,0.0006910568019025,0.0008310085359806,-0.0050718620979601,0.0127845728285773,0.0734860713248242,0.3248105250608173,0.1491470631655893,0.0,0.6089028918288156
1026,2014-09-12,1985.54,-0.0059804496107265,31.68631516668647,2.07,729577.0,352447.0,1082024.0,13.31,16987.51,4567.6,2.614,5.94,1160.61,113.68,1729.5,84.6,84.17,1231.5,92.18,-0.0036131828378653,-0.0052863790092647,-0.0100560225021029,-0.0043271378638811,-0.0011873665607771,-0.0060716640685498,-0.0076728101070671,0.3574445703553373,0.3475718656157855,0.3542180244842168,0.0,0.4743737216166765
1027,2014-09-15,1984.13,-0.0007103865355535,30.465797179921065,2.19,511734.0,233310.0,745044.0,14.12,17031.14,4518.9,2.591,5.93,1146.52,113.44,1726.900024,84.6,84.25,1235.1,92.86,0.0025650649818356,-0.0107193014506137,-0.0122144614105765,-0.0015044418888638,0.0009500060089857,0.0029189998833762,0.0073497952994134,-0.3546599553540321,-0.4125322149630452,-0.3731453632682076,0.0,0.4834487121521882
1028,2014-09-16,1998.98,0.007456519556098,30.035866421931555,1.4,483994.0,345070.0,829064.0,12.73,17131.97,4552.76,2.589,5.96,1150.97,113.58,1732.599976,84.6,84.11,1236.7,94.91,0.0059028755154919,0.0074650410712955,0.0038737975484881,0.0032952491156654,-0.0016631032581244,0.0012946033040428,0.0218360915506243,-0.0557324488408106,0.3913792536259954,0.1068540765646979,0.0,0.47034923792948163
1029,2014-09-17,2001.57,0.0012948221428841,28.42948779953095,1.49,555120.0,371817.0,926937.0,12.65,17156.85,4562.19,2.6,5.94,1153.89,113.28,1735.400024,84.6,84.73,1235.9,94.33,0.0014512021333139,0.0020691289287118,0.0025337778105454,0.0016147915850286,0.0073442642360266,-0.000647092152322,-0.0061298014806387,0.1371117966457173,0.0746545027483609,0.1115882484883972,0.0,0.4288715327511765
1030,2014-09-18,2011.36,0.0048792375757882,26.75522736319572,1.57,557697.0,355465.0,913162.0,12.03,17265.99,4593.43,2.629,5.89,1159.27,113.32,1742.699951,84.6,84.29,1226.9,93.07,0.0063411598643536,0.0068242502939526,0.004651653755884,0.0041976583602529,-0.0052064962009819,-0.0073087867985526,-0.0134473744641425,0.0046314975535963,-0.044975006236088,-0.0149723002156481,0.0,0.429575835440027
1031,2014-09-19,2010.4,-0.0004774029371388,23.471690164692085,2.07,710750.0,343478.0,1054228.0,12.11,17279.74,4579.79,2.587,5.87,1146.92,113.49,1740.300049,84.6,84.73,1216.6,92.43,0.0007960463261937,-0.0029738761422066,-0.01071040812631,-0.0013780662531139,0.0052064962009819,-0.0084305799105317,-0.006900296920933,0.2425049463862176,-0.0343037284812268,0.1436507226176573,0.0,0.44561215812911165
1032,2014-09-22,1994.29,-0.0080456099735064,21.198060529722245,1.62,522038.0,321438.0,843476.0,13.69,17172.68,4527.69,2.566,5.89,1129.36,113.66,1726.5,84.6,84.7,1217.9,91.46,-0.0062149680403607,-0.0114412698868324,-0.0154289879544586,-0.0079613024661453,-0.000354128552364,0.00106798120646,-0.0105498830467771,-0.308580368363172,-0.066318383985731,-0.2230325757870446,0.0,0.42211293913145115
1033,2014-09-23,1982.77,-0.0057932403429417,18.962644572613613,2.11,458258.0,217573.0,675831.0,14.93,17055.87,4508.69,2.535,5.97,1118.71,113.79,1716.199951,84.6,84.7,1222.0,91.55,-0.0068253229228893,-0.0042052299703172,-0.0094748648160187,-0.0059837220084784,0.0,0.0033607966384758,0.0009835528906112,-0.1303080378809209,-0.3902702526455073,-0.2215884039185507,0.0,0.4396942136817541
1034,2014-09-24,1998.3,0.0078019621743088,15.890602445590464,1.5,477349.0,318366.0,795715.0,13.27,17210.06,4555.22,2.569,6.05,1128.31,113.96,1723.699951,84.6,85.06,1219.5,93.6,0.0089996705593513,0.0102671824292333,0.008544702236275,0.004360598911556,0.0042412881674787,-0.0020479220755662,0.0221451123630265,0.0408155352559109,0.3806672379480567,0.1632980367439263,0.0,0.5391187100156586
1035,2014-09-25,1965.99,-0.0163008838630567,14.347124121807784,1.79,719361.0,402419.0,1121780.0,15.64,16945.8,4466.75,2.511,6.15,1110.24,113.78,1703.099976,84.6,85.18,1221.9,93.59,-0.0154740810511011,-0.0196127532874399,-0.016144729844961,-0.012023008980285,0.0014097746695798,0.0019660856665018,-0.0001068433143815,0.4101154384058798,0.2342921700218365,0.3434309068936976,0.0,0.5474742216148949
1036,2014-09-26,1982.85,0.0085392684693319,12.70787351613884,2.47,730548.0,296188.0,1026736.0,14.85,17113.15,4512.19,2.535,6.25,1119.33,113.44,1707.900024,84.6,85.62,1215.4,95.55,0.0098271583116549,0.0101215484070973,0.0081540838506297,0.0028144539246506,0.0051522362217326,-0.0053337836212214,0.0207261305171169,0.0154316195021362,-0.3064994465244197,-0.0885318709385512,0.0,0.5457930575285631
1037,2014-09-29,1977.8,-0.0025500878576281,10.939396928727165,2.78,535942.0,192989.0,728931.0,15.98,17071.22,4505.85,2.491,6.32,1117.91,112.91,1702.199951,84.6,85.62,1218.8,94.53,-0.0024531691546769,-0.0014060707303436,-0.0012694214216493,-0.0033430564209071,0.0,0.002793527410299,-0.0107324262489889,-0.309768991190376,-0.4283611953842712,-0.3425610401635452,0.0,0.5488419597213736
1038,2014-09-30,1972.29,-0.0027898116618692,10.902112522951498,2.11,552515.0,262030.0,814545.0,16.31,17042.9,4493.39,2.508,6.26,1101.68,112.85,1698.400024,84.6,85.93,1211.6,91.17,-0.0016603099540972,-0.0027691244953995,-0.0146245831613489,-0.0022348577365907,0.003614110608332,-0.0059249679584718,-0.0361913488404814,0.0304546360840731,0.3058258085608614,0.1110505978114524,0.0,0.579494309904695
1039,2014-10-01,1946.16,-0.0133371038696097,13.776482059033668,1.83,884404.0,482995.0,1367399.0,16.71,16804.71,4422.09,2.403,6.21,1085.41,113.13,1679.199951,86.9,85.91,1215.5,90.74,-0.0140744904549467,-0.015994993002808,-0.0148784916387141,-0.0113691851941322,-0.0002327746751671,0.0032137146030954,-0.0047276213609936,0.4704333894687682,0.6115473006092884,0.5180359990297863,0.0268237656591683,0.5704916335146731
1040,2014-10-02,1946.17,5.138310472219132e-06,16.129999237264492,1.55,785525.0,506282.0,1291807.0,16.16,16801.05,4430.19,2.438,6.2,1096.38,112.72,1668.0,86.9,85.61,1215.1,91.02,-0.000217819803181,0.0018300375181539,0.0100560479644018,-0.0066921564071682,-0.0034981378955709,-0.0003291368416116,0.0030809883526776,-0.118561687762325,0.0470875246675159,-0.0568683817853514,0.0,0.6074313475016463
1041,2014-10-03,1967.9,0.011103645698161,16.666406865547046,2.02,707309.0,349946.0,1057255.0,14.55,17009.69,4475.62,2.447,6.11,1104.74,112.87,1675.300049,86.9,86.64,1192.9,89.76,0.0123417972117501,0.0102024170881964,0.0075961694036443,0.004366979029287,0.0119595039383408,-0.0184390606266662,-0.0139398208141088,-0.1048846556450211,-0.3693149694337236,-0.2003660867873407,0.0,0.6046994696730507
1042,2014-10-06,1964.82,-0.0015663462589339,17.29599867662328,2.05,473374.0,230905.0,704279.0,15.46,16991.91,4454.8,2.425,6.04,1094.65,113.1,1679.800049,86.9,85.78,1207.3,90.33,-0.0010458332325882,-0.0046627230792282,-0.0091753356948576,0.0026824849136861,-0.0099757236040005,0.0119991440504421,0.0063301893873655,-0.4015818546764311,-0.4157724863440695,-0.4062566211244114,0.0,0.6611830231130869
1043,2014-10-07,1935.1,-0.0152416333390092,19.8402555048476,2.09,605349.0,289557.0,894906.0,17.2,16719.39,4385.2,2.35,6.09,1076.31,113.11,1661.400024,86.9,85.66,1212.4,88.89,-0.0161682246978944,-0.0157469317185601,-0.0168961531364093,-0.011014133011046,-0.0013999069015095,0.004215404845306,-0.0160699809081688,0.2459193774858583,0.2263457983023933,0.2395441003586569,0.0,0.7350379167464736
1044,2014-10-08,1968.89,0.0173109274416782,19.9641916680194,1.59,756594.0,475316.0,1231910.0,15.11,16994.22,4468.59,2.33,6.15,1097.12,113.56,1673.5,86.9,85.32,1206.0,87.29,0.0163041625056745,0.0188376878051439,0.0191500402191184,0.0072566068007615,-0.0039770785840751,-0.0052927678965168,-0.0181637415063251,0.2230216307378807,0.495627677178863,0.3196024046509151,0.0,0.8214455942281378
1045,2014-10-09,1928.21,-0.0208778207559419,22.406968458699662,2.09,795080.0,380568.0,1175648.0,18.76,16659.25,4378.34,2.327,6.19,1067.99,113.55,1652.900024,86.9,85.55,1225.3,85.76,-0.0199076685249597,-0.0204032655057471,-0.0269101873556296,-0.0123859062081388,0.0026921067350524,0.0158766136682695,-0.0176832114247664,0.0496159565690295,-0.2223149724477195,-0.0467463255513997,0.0,0.8420601845467228
1046,2014-10-10,1906.13,-0.0115171028462741,26.365019187809384,2.44,1113738.0,457040.0,1570778.0,21.24,16544.1,4276.24,2.307,6.32,1053.32,113.21,1626.699951,86.9,85.91,1221.7,85.87,-0.0069360749229741,-0.0235955383082178,-0.0138312965755407,-0.0159779427931683,0.0041992363117628,-0.0029423805453863,0.0012818273619012,0.3370344657938009,0.1831060408608298,0.2897515530779433,0.0,0.8849274989861076
1047,2014-10-13,1874.74,-0.0166050254318301,32.35066309066602,2.38,1270411.0,533081.0,1803492.0,24.64,16321.07,4213.66,2.286,6.32,1049.3,113.06,1613.599976,86.9,85.22,1230.0,85.73,-0.0135726316829334,-0.0147424901186781,-0.0038238054410184,-0.0080856998836464,-0.008064088578199,0.0067708379564486,-0.0016317019937286,0.1316185448293616,0.1539024681846079,0.1381537475109819,0.0,0.8818411775703977
1048,2014-10-14,1877.7,0.0015776404760323,36.64231334759435,2.4,1186923.0,494080.0,1681003.0,22.79,16315.19,4227.17,2.206,6.38,1061.6,113.34,1610.699951,86.9,85.88,1234.3,81.72,-0.0003603354099777,0.0032011097336468,0.0116539288541321,-0.0017988560913497,0.0077148249388141,0.0034898383834196,-0.0479040527412433,-0.0679762260587075,-0.0759759352044575,-0.0703341464554991,0.0,0.888387323610787
1049,2014-10-15,1862.49,-0.0081333214869818,41.34457382002971,2.46,1901959.0,774105.0,2676064.0,26.25,16141.74,4215.32,2.09,6.51,1072.45,113.35,1595.199951,86.9,84.86,1244.8,81.82,-0.0106881119797375,-0.0028072305165984,0.0101685466508065,-0.0096697471846551,-0.0119481332364008,0.0084708666742443,0.0012229425518315,0.4715201635295702,0.4490100759072604,0.4649564191960866,0.0,0.8894444073963712
1050,2014-10-16,1862.76,0.0001449567145686,45.14316511310315,2.13,1312033.0,614887.0,1926920.0,25.2,16117.24,4217.39,2.153,6.47,1086.11,113.36,1592.599976,86.9,84.96,1241.2,82.33,-0.0015189571840519,0.0004909453880372,0.0126567548301173,-0.0016312037367756,0.0011777177194494,-0.0028962208499017,0.0062138488090823,-0.3713065649896823,-0.2302690122167288,-0.3284241850112916,0.0,0.9226543379196867
1051,2014-10-17,1886.76,0.0128018134438327,46.42051277645403,2.74,954826.0,348509.0,1303335.0,21.99,16380.41,4258.44,2.199,6.22,1082.33,113.96,1613.599976,86.9,85.2,1239.0,82.8,0.0161966020982173,0.0096864427357843,-0.0034863808348655,0.0130998070127805,0.0028208763416417,-0.0017740509450829,0.0056925000808787,-0.317803996699137,-0.5677744562556359,-0.3909965091609493,0.0,0.944577012860754
1052,2014-10-20,1904.01,0.0091011161681739,46.76986175778968,2.3,638039.0,277864.0,915903.0,18.57,16399.67,4316.07,2.181,6.2,1094.97,114.21,1626.099976,86.9,85.02,1244.7,82.76,0.0011751040397882,0.0134423699537844,0.0116108409509596,0.0077168023060094,-0.0021149109046261,0.0045899343777895,-0.000483208513871,-0.4031297149244413,-0.2265322694752924,-0.3527711792125299,0.0,1.0153465301457716
1053,2014-10-21,1941.28,0.0193853608652041,46.43289326672024,1.87,1035058.0,552970.0,1588028.0,16.08,16614.81,4419.48,2.208,6.04,1112.85,113.96,1651.099976,86.9,85.4,1251.7,83.25,0.013033253614795,0.0236767761244216,0.016197326688629,0.0152572228295859,0.00445957786388,0.0056080903270459,0.0059032759832104,0.4838133327735416,0.6881719651468945,0.550337810023116,0.0,1.0186654067651544
1054,2014-10-22,1927.11,-0.0073260779688419,46.01720930577028,2.22,865409.0,390312.0,1255721.0,17.87,16461.32,4382.85,2.229,6.0,1096.87,114.2,1647.199951,86.9,85.75,1245.5,80.52,-0.0092810798470619,-0.008322844393616,-0.0144636230643619,-0.0023648709358941,0.0040899852515252,-0.0049655716317422,-0.0333425280889621,-0.1790105152248848,-0.3483573312085983,-0.2347830852986234,0.0,1.0473252073236148
1055,2014-10-23,1950.82,0.0122283256528463,45.21420801505891,1.41,626925.0,444288.0,1071213.0,16.53,16677.9,4452.79,2.275,5.98,1116.49,114.04,1660.0,86.9,85.83,1229.1,82.81,0.0130711032798291,0.0158316682928205,0.0177291664401391,0.0077407553844599,0.0009325096840786,-0.0132548614813003,0.0280432262740175,-0.3223753112984902,0.1295265815050097,-0.1589182583691712,0.0,1.0518687315337207
1056,2014-10-24,1964.58,0.0070286850120311,44.81550537806188,1.68,484745.0,288814.0,773559.0,16.11,16805.41,4483.72,2.273,5.98,1118.82,114.09,1667.900024,86.9,85.73,1231.8,81.27,0.0076163686561532,0.0069221930049518,0.0020847227846356,0.0047477621218909,-0.0011657730394638,0.0021943200320073,-0.0187718822804949,-0.2572039367789163,-0.4306901185012464,-0.3255449864569382,0.0,1.0520743365467313
1057,2014-10-27,1961.63,-0.0015027217368066,44.40896195140623,1.73,446703.0,257946.0,704649.0,16.04,16817.94,4485.93,2.257,6.0,1117.48,114.31,1666.800049,86.9,85.58,1229.3,81.26,0.0007453154180065,0.0004927728606407,-0.0011984082282108,-0.0006597145265336,-0.0017512117019933,-0.0020316125796471,-0.0001230542055328,-0.0817290352221693,-0.113032621608772,-0.0933021372764582,0.0,1.066523166968709
1058,2014-10-28,1985.05,0.0118683424581398,43.94010018997338,1.66,726043.0,437977.0,1164020.0,14.39,17005.75,4564.29,2.284,5.99,1149.45,114.57,1684.5,86.9,85.41,1229.4,81.36,0.0111053483634666,0.017317138860303,0.0282074168486765,0.0105631339006615,-0.0019884210306155,8.134379961344251e-05,0.0012298611807235,0.485715297468742,0.5294161368929018,0.5019350037820995,0.0,1.066368958509134
1059,2014-10-29,1982.3,-0.0013863160247664,43.27586349654472,1.41,720535.0,510539.0,1231074.0,15.15,16974.31,4549.23,2.323,6.0,1146.37,114.26,1686.400024,86.9,86.0,1224.9,82.25,-0.0018504975548463,-0.0033049828624385,-0.0026831387894548,0.0011273097319346,0.0068841062954518,-0.0036670374792686,0.0108796379051767,-0.0076152500844308,0.1533006327950676,0.0560074278320144,0.0,1.0688797740096532
1060,2014-10-30,1994.65,0.006210809640156,42.53370718082297,1.85,593449.0,320980.0,914429.0,14.52,17195.42,4566.14,2.305,6.0,1155.77,114.51,1689.199951,86.9,86.17,1198.6,81.06,0.012942044684248,0.0037102211754902,0.0081663602039858,0.0016589214734317,0.0019747929981681,-0.0217049989695556,-0.0145737684453184,-0.1940427121973869,-0.4640882144842067,-0.2973424113430223,0.0,1.0908918333381055
1061,2014-10-31,2018.05,0.0116631022772253,42.94497216758934,1.04,896095.0,865128.0,1761223.0,14.03,17390.52,4630.74,2.335,6.01,1173.51,114.68,1708.099976,86.9,86.92,1171.6,80.53,0.0112821608707225,0.0140484734929806,0.0152324692725462,0.0111266125413411,0.0086660661365538,-0.0227838730705061,-0.0065598353927089,0.4120951547010332,0.9914986569699842,0.655463906310743,0.0,1.0799019663842124
1062,2014-11-03,2017.81,-0.0001189337589924,44.025561509186375,1.63,595669.0,366193.0,961862.0,14.73,17366.24,4638.91,2.348,6.01,1170.2,113.8,1699.099976,88.8,87.29,1169.8,78.77,-0.0013971385105815,0.0017627423075357,-0.0028245834174649,-0.0052829426267271,0.0042477533590288,-0.0015375419446526,-0.0220975720922211,-0.4083612904769254,-0.8597169560428579,-0.6048927438419351,0.0216286177267779,1.075376472713809
1063,2014-11-04,2012.1,-0.0028338120807536,45.12468145515298,1.4,388788.0,277736.0,666524.0,14.89,17383.84,4623.64,2.342,6.06,1165.42,113.52,1698.199951,88.8,87.0,1167.7,77.15,0.0010129473949351,-0.0032971511805293,-0.0040931373028012,-0.0005298472554056,-0.0033277900926744,-0.0017967919272567,-0.0207806349060621,-0.4266509357508319,-0.2764894946112779,-0.3667948412594519,0.0,1.0710908063362414
1064,2014-11-05,2023.57,0.0056843254698462,46.28824052636609,1.47,468562.0,317994.0,786556.0,14.17,17484.53,4620.72,2.35,6.04,1167.07,113.45,1706.5,88.8,87.47,1145.7,78.71,0.0057754509248972,-0.0006317365609103,0.0014147972983611,0.0048756516355794,0.0053877587771795,-0.0190201981820887,0.0200186333451881,0.186634222256762,0.1353614924687889,0.1655877735166662,0.0,1.0251364947894919
1065,2014-11-06,2031.21,0.0037683963328118,48.52683874530573,1.24,535570.0,430195.0,965765.0,13.67,17554.47,4638.47,2.375,6.04,1171.86,113.37,1707.5,88.8,88.07,1142.6,77.87,0.0039921283647732,0.003834033375158,0.0040958957271595,0.0005858230981834,0.0068360753856051,-0.0027094366092184,-0.0107294425654638,0.1336631701298678,0.3022060795872789,0.2052566119063712,0.0,1.015515785712751
1066,2014-11-07,2031.92,0.0003494842681517,50.37689546239408,1.64,576462.0,352177.0,928639.0,13.12,17573.93,4632.53,2.312,6.04,1173.32,113.56,1707.0,88.8,87.64,1169.8,78.71,0.0011079355729624,-0.0012814153409141,0.0012451071462482,-0.0002928686505043,-0.004894438090103,0.0235264267185639,0.0107294425654638,0.0735778222332133,-0.2001047041398624,-0.0392004599841104,0.0,1.0142202123511095
1067,2014-11-10,2038.26,0.0031153438558826,52.52008281560203,1.53,474861.0,309617.0,784478.0,12.67,17613.74,4651.62,2.359,6.05,1179.57,113.42,1714.599976,88.8,87.78,1159.8,77.43,0.0022627253799605,0.0041123908820477,0.0053126280446615,0.0044423594527804,0.0015961695328226,-0.0085852175665852,-0.016395909755726,-0.1938872929015698,-0.1287978403562437,-0.1687015449714728,0.0,1.0116633997302495
1068,2014-11-11,2039.68,0.0006964300884231,54.63292222878548,1.66,397231.0,239760.0,636991.0,12.92,17614.9,4660.56,2.36,6.05,1179.96,113.36,1716.800049,88.8,87.59,1163.0,77.85,6.585550849713684e-05,0.0019200665679921,0.0003305743123007,0.0012823181706851,-0.00216684808509,0.002755297076324,0.0054095958813746,-0.1785041541808869,-0.2556976267604121,-0.2082630016962205,0.0,0.9752804855132434
1069,2014-11-12,2038.25,-0.0007013362458963,56.47773694724123,1.32,427243.0,324780.0,752023.0,13.02,17612.2,4675.13,2.359,6.05,1186.47,113.4,1715.0,88.8,87.84,1159.1,77.16,-0.0001532910745023,0.0031213572493236,0.0055019725260327,-0.0010490408178664,0.0028501415862223,-0.0033590316239653,-0.008902710242479,0.0728349625614477,0.3035096070285341,0.1660113818445694,0.0,0.9750337866209088
1070,2014-11-13,2039.33,0.000529725977298,58.14430226672294,1.46,611926.0,418843.0,1030769.0,13.79,17652.79,4680.14,2.347,6.07,1175.41,113.34,1716.199951,88.8,87.77,1161.5,74.13,0.0023020008186342,0.001071054171378,-0.0093654892216932,0.000699435221529,-0.0007972211571942,0.0020684313157648,-0.0400608793688999,0.3592584221575556,0.2543481179963383,0.3152934960083371,0.0,0.9583573035779236
1071,2014-11-14,2039.82,0.0002402461308639,59.74689319189757,1.73,546986.0,316192.0,863178.0,13.31,17634.74,4688.54,2.32,6.11,1173.81,113.25,1717.199951,88.8,87.53,1185.6,75.91,-0.0010230243700366,0.001793209342388,-0.0013621544575608,0.0005825129940122,-0.0027381648596795,0.0205367023313582,0.0237281193600482,-0.1121881522242986,-0.2811465240207287,-0.1774394775393393,0.0,0.9569533856198009
1072,2014-11-17,2041.32,0.0007350887583097,61.26528750426738,1.86,436488.0,235241.0,671729.0,13.99,17647.75,4671.0,2.34,6.16,1164.23,112.92,1715.0,88.8,88.0,1183.5,75.64,0.0007374763283216,-0.0037480518344565,-0.0081949441529651,-0.0012819482155412,0.0053552227338604,-0.0017728255877837,-0.0035631842384198,-0.2256623244517097,-0.2957391034521066,-0.2507659416806298,0.0,0.9070913362604018
1073,2014-11-18,2051.8,0.0051207992441204,62.692867035400695,1.45,567894.0,391010.0,958904.0,13.86,17687.82,4702.44,2.322,6.21,1170.28,113.14,1728.199951,88.8,87.61,1197.1,74.55,0.0022679706129338,0.0067083414210245,0.0051831121256755,0.007667295454059,-0.0044416677999343,0.0114258153032853,-0.014515202579509,0.2631738980943883,0.508122614545444,0.355935980220508,0.0,0.8604592033218789
1074,2014-11-19,2048.72,-0.0015022487778297,64.17126393795174,1.79,564394.0,314800.0,879194.0,13.96,17685.73,4675.71,2.351,6.27,1157.69,113.21,1724.699951,88.8,87.69,1193.9,74.55,-0.0001181673879173,-0.0057005000739227,-0.0108163960415383,-0.0020272821674822,0.000912721112992,-0.0026767059059809,0.0,-0.00618219242339,-0.2167956185626405,-0.0867853869170627,0.0,0.7532503678807876
1075,2014-11-20,2052.75,0.0019651497131158,64.99155122803582,2.16,628570.0,290682.0,919252.0,13.58,17719.0,4701.87,2.335,6.29,1170.75,113.55,1725.5,88.8,87.7,1190.9,75.63,0.0018794104512593,0.0055792790591553,0.0112179287056353,0.0004637696514411,0.0001140315868726,-0.0025159355773922,0.0143829886571902,0.1076948089573601,-0.0797076304001542,0.0445547171853952,0.0,0.7099824897728029
1076,2014-11-21,2063.5,0.0052232126037381,65.15601169406335,1.58,718271.0,454439.0,1172710.0,12.9,17810.06,4712.97,2.315,6.22,1172.42,114.01,1737.199951,88.8,88.31,1197.7,76.52,0.0051259560138419,0.0023579806227331,0.0014254196518059,0.0067577299162993,0.0069314521025738,0.0056937271795103,0.0116991147041138,0.1333995370413951,0.446833805045669,0.2435122928950388,0.0,0.6111202073416959
1077,2014-11-24,2069.41,0.0028599722850843,63.419004588374754,1.68,389109.0,231246.0,620355.0,12.62,17817.9,4754.89,2.31,6.2,1186.94,114.03,1740.099976,88.8,88.15,1195.7,75.74,0.0004401037907619,0.0088552796371708,0.0123085780176488,0.0016679755748647,-0.0018134426368314,-0.0016712630279265,-0.0102457220984026,-0.6129874251388792,-0.6755816122431266,-0.6367806939382081,0.0,0.615808903155416
1078,2014-11-25,2067.03,-0.0011507481131776,61.0326225194438,2.07,409023.0,197803.0,606826.0,12.25,17814.94,4758.25,2.26,6.17,1186.33,114.06,1742.800049,88.8,87.9,1197.1,74.04,-0.0001661388767679,0.0007063913996248,-0.0005140586729988,0.0015504743297407,-0.0028401041527477,0.0011701773317893,-0.022700934768352,0.0499118791568147,-0.1562104930368537,-0.0220498005403335,0.0,0.5776515054514759
1079,2014-11-26,2072.83,0.002802028955001,56.83445216372076,1.58,409158.0,258151.0,667309.0,12.07,17827.75,4787.32,2.234,6.16,1190.62,114.44,1748.0,88.8,87.67,1196.6,73.7,0.0007188009968697,0.0060908023029622,0.0036096717710742,0.0029792338565179,-0.0026200390906376,-0.0004177633013924,-0.0046026885100056,0.0003300003329957,0.2662730991262041,0.0950111127235686,0.0,0.62154933504265
1080,2014-12-01,2053.44,-0.0068527324708353,45.83179618186338,2.48,517044.0,208067.0,725111.0,14.29,17776.8,4727.35,2.218,6.42,1154.05,112.69,1729.900024,93.6,87.98,1218.1,68.98,-0.0028619957155875,-0.012605964085413,-0.0311966851454226,-0.010408659988915,0.0035297503200792,0.0178080657499819,-0.0661861916865964,0.2340265877565546,-0.215684541817076,0.0830715395780323,0.0526437334854223,0.5977631346299096
1081,2014-12-02,2066.55,0.0063641145965673,41.31853927067969,2.01,395327.0,197016.0,592343.0,12.85,17879.55,4755.81,2.285,6.49,1168.45,112.64,1736.0,93.6,88.63,1199.4,66.99,0.0057633652583675,0.0060022366897989,0.0124005894760559,0.0035199989937302,0.0073608848297332,-0.0154708359715041,-0.0292732529885189,-0.2684147067449185,-0.0545751995038372,-0.2022388875905942,0.0,0.5868438661804365
1082,2014-12-03,2074.33,0.0037576597991098,39.32854345848695,1.24,380244.0,306697.0,686941.0,12.47,17912.62,4774.47,2.287,6.48,1179.01,112.8,1739.699951,93.6,88.96,1208.7,67.3,0.0018478907208105,0.0039159445148158,0.0089970191037931,0.0021290401644327,0.0037164297519654,0.0077239701310016,0.0046168821305059,-0.0389001186029389,0.4425753458128074,0.1481625489007108,0.0,0.4989200019244236
1083,2014-12-04,2071.92,-0.0011624963624505,35.25650514513314,1.77,495291.0,279695.0,774986.0,12.38,17900.1,4769.44,2.257,6.48,1173.01,112.93,1736.599976,93.6,88.6,1207.7,66.73,-0.0006991929409458,-0.0010540754189261,-0.0051020084992812,-0.0017834915782923,-0.0040549728912369,-0.0008276775840814,-0.0085056097351667,0.2643323167013207,-0.0921605657747814,0.1205965567801214,0.0,0.465908651377683
1084,2014-12-05,2075.37,0.0016637374265151,32.555881372576955,1.92,752576.0,391796.0,1144372.0,11.82,17958.79,4780.76,2.307,6.51,1182.43,112.49,1738.5,93.6,89.36,1190.4,65.89,0.0032733892435405,0.0023706320917753,0.007998548230236,0.0010935076414799,0.0085412971499101,-0.0144283392025021,-0.012667941989787,0.4183565195774221,0.3370415724157709,0.3897663292329909,0.0,0.4605897229300014
1085,2014-12-08,2060.31,-0.0072829941231695,29.842859445373207,2.11,616730.0,291707.0,908437.0,14.21,17852.48,4740.69,2.257,6.57,1167.21,111.68,1726.5,93.6,89.12,1194.9,63.13,-0.0059372545175993,-0.0084168349477611,-0.0129553573126939,-0.0069264346178687,-0.0026893785819712,0.0037731147768811,-0.0427905925461935,-0.1990706613675499,-0.294991422324669,-0.2308857535495967,0.0,0.45122999696522
1086,2014-12-09,2059.82,-0.0002378565736078,26.14236523769591,1.94,562163.0,289599.0,851762.0,14.89,17801.2,4766.47,2.22,6.73,1188.06,111.34,1722.0,93.6,88.69,1232.0,63.74,-0.0028765633931868,0.0054232942723189,0.0177054390138886,-0.0026098318423715,-0.0048366327906128,0.0305763652377564,0.0096162166096558,-0.0926394834047119,-0.0072526663762761,-0.0644183952745809,0.0,0.555662546698746
1087,2014-12-10,2026.14,-0.016486095225713,23.9918971592814,1.99,636595.0,319609.0,956204.0,18.53,17533.15,4684.03,2.169,6.83,1161.87,110.28,1698.400024,93.6,88.22,1229.4,60.99,-0.0151724960089154,-0.01744713850813,-0.0222909486202276,-0.0137997604676831,-0.0053134487115675,-0.002112619620556,-0.0441023926808252,0.124341817162886,0.0986011662289527,0.1156641343256534,0.0,0.5212092107308386
1088,2014-12-11,2035.33,0.0045254627925936,21.03592394175078,1.79,576418.0,321709.0,898127.0,20.08,17596.34,4708.16,2.178,6.89,1166.96,109.69,1699.099976,93.6,88.55,1225.6,60.01,0.0035975511259849,0.0051383230302484,0.004371300700428,0.0004120394465951,0.0037336695520489,-0.0030957254865819,-0.0161987013069433,-0.09930056864013,0.0065490365332756,-0.0626597957161916,0.0,0.6064514057596608
1089,2014-12-12,2002.33,-0.0163464654358174,20.4261915588874,2.49,1072264.0,430079.0,1502343.0,21.08,17280.83,4653.6,2.103,7.04,1152.45,108.27,1675.0,93.6,88.32,1222.5,57.81,-0.0180931312433099,-0.0116560599130313,-0.0125119657962047,-0.0142855197074212,-0.0026007817000577,-0.0025325776372993,-0.0373494439070372,0.6206944880168699,0.2903215025140628,0.5144696847448333,0.0,0.607877588963569
1090,2014-12-15,1989.63,-0.0063628106729405,22.352134162096757,2.46,913199.0,371125.0,1284324.0,20.42,17180.84,4605.16,2.116,7.13,1140.3,106.7,1654.599976,93.6,88.43,1207.7,55.96,-0.0058029852061007,-0.0104636996681701,-0.0105987253184407,-0.0122538920081005,0.0012446960588592,-0.0121802180676979,-0.0325246212971039,-0.160573760363647,-0.147429979659293,-0.1567933795701428,0.0,0.5841976864920304
1091,2014-12-16,1972.74,-0.0085252524609655,25.55561661036613,2.04,832336.0,408655.0,1240991.0,23.57,17068.87,4547.83,2.071,7.28,1139.38,106.04,1655.5,93.6,87.97,1194.3,55.97,-0.0065384728167341,-0.0125272178242905,-0.0008071308691963,0.0005438047362344,-0.0052154313230605,-0.0111574846069482,0.0001786831059877,-0.092717614153523,0.0963323462126375,-0.0343222559046623,0.0,0.699819994488478
1092,2014-12-17,2012.89,0.0201480610156945,25.522105054794647,2.63,1081379.0,411255.0,1492634.0,19.44,17356.87,4644.31,2.148,7.12,1174.83,108.71,1672.5,93.6,89.08,1194.5,56.43,0.0167320568301558,0.0209926182851329,0.030639201465795,0.0102164350150832,0.0125389951245837,0.0001674480914832,0.0081850990777807,0.261756152036888,0.0063421807638235,0.1846320905187735,0.0,0.823798536525019
1093,2014-12-18,2061.23,0.0237313916385568,25.412319566271503,1.05,764595.0,725399.0,1489994.0,16.81,17778.15,4748.4,2.204,6.84,1192.16,110.22,1706.300049,93.6,89.24,1194.8,54.18,0.0239817817413037,0.0221649047901557,0.0146433315455061,0.0200077992479421,0.0017945271751642,0.0002511195760899,-0.0406890953241001,-0.3466460756140925,0.5675083882377017,-0.001770251395369,0.0,0.8217533006752022
1094,2014-12-19,2070.65,0.0045596756540122,25.68338423452586,1.7,946019.0,557587.0,1503606.0,16.49,17804.8,4765.38,2.176,6.77,1195.94,111.37,1717.0,93.6,89.6,1196.0,56.91,0.0014979086884547,0.0035695628929008,0.003165699222662,0.0062512696471497,0.0040259504165529,0.0010038481686223,0.0491592359580836,0.2129163715428408,-0.2631033033272825,0.0090941300192852,0.0,0.8217971202177214
1095,2014-12-22,2078.54,0.0038031565245635,26.176735779754942,1.53,474255.0,308987.0,783242.0,15.25,17959.44,4781.42,2.162,6.71,1201.86,111.55,1723.300049,93.6,89.78,1179.8,55.25,0.0086477981201671,0.0033602914260377,0.0049378697378621,0.0036625038238735,0.0020069133729014,-0.0136377229416018,-0.0296027322171701,-0.6905175016946625,-0.5903193401554869,-0.6521797861774434,0.0,0.8219284438560021
1096,2014-12-23,2082.17,0.0017448949438962,26.829951501583817,1.85,510516.0,276001.0,786517.0,14.8,18024.17,4765.42,2.257,6.69,1202.44,111.11,1724.099976,93.6,90.07,1178.0,56.78,0.003597752967039,-0.003351897587116,0.0004824689192295,0.0004640755401501,0.0032249124418655,-0.001526847357443,0.0273158106469626,0.0736768272132,-0.1128947159163242,0.0041726210860222,0.0,0.8209739550545622
1097,2014-12-24,2081.88,-0.0001392874727583,27.396901471170096,1.62,275937.0,169843.0,445780.0,14.37,18030.21,4773.47,2.264,6.69,1206.79,110.88,1726.199951,93.6,89.92,1173.5,55.7,0.000335049447889,0.0016878278103735,0.0036111161882068,0.0012172711380067,-0.0016667596502708,-0.0038273489204536,-0.0192040041115868,-0.6152494001432114,-0.4855300079765268,-0.5677887802355777,0.0,0.8223128493895537
1098,2014-12-26,2088.77,0.0033040443422533,28.13401898083682,1.09,422639.0,386234.0,808873.0,14.5,18053.71,4806.86,2.25,6.68,1215.21,110.8,1729.400024,93.6,90.03,1195.3,54.59,0.0013025194226372,0.0069705605543841,0.0069529594724171,0.0018521090044689,0.0012225619750045,0.0184064635928571,-0.0201294311395718,0.4263458079812743,0.821568922483273,0.5958163640263994,0.0,0.8218071785501395
1099,2014-12-29,2090.57,0.0008613800797716,28.84674249009632,1.34,355021.0,265433.0,620454.0,15.06,18038.23,4806.91,2.207,6.67,1219.11,110.26,1731.699951,93.6,90.2,1181.9,53.46,-0.0008578093030866,1.0401746660448907e-05,0.0032041829641995,0.0013290152582356,0.0018864789481929,-0.01127388686574,-0.0209170050828935,-0.1743414441179727,-0.3750809486193507,-0.2651904526709217,0.0,0.828524977283754
1100,2014-12-30,2080.35,-0.0049006072778077,29.09267735003708,1.8,580701.0,321781.0,902482.0,15.92,17983.07,4777.44,2.19,6.66,1213.06,110.56,1721.0,93.6,89.94,1200.4,54.14,-0.0030626347808393,-0.0061496278567574,-0.004974991450755,-0.0061980394506715,-0.0028866457260168,0.0155315215480165,0.0126395734753823,0.4920590517806964,0.1925087351450169,0.3746972772762778,0.0,0.8525761156171351
1101,2014-12-31,2058.9,-0.0103642891877555,28.970614568848926,1.48,577288.0,391298.0,968586.0,19.2,17823.07,4736.05,2.17,6.71,1204.7,109.71,1709.699951,93.6,90.28,1184.1,53.45,-0.0089370741972842,-0.0087013832253184,-0.0069155195864327,-0.0065876293624747,0.0037731706067738,-0.0136718422293009,-0.012826646715101,-0.0058947190047966,0.1955982281039983,0.0706885306039506,0.0,0.8526325705713471
1102,2015-01-02,2058.2,-0.0003400451807076,28.960288196163464,2.6,789157.0,303486.0,1092643.0,17.79,17832.99,4726.81,2.123,6.72,1198.8,109.32,1704.699951,98.1,91.16,1186.2,52.72,0.000556427168675,-0.0019528985817469,-0.004909516830299,-0.0029287744362465,0.0097002524281482,0.0017719280677157,-0.0137517472768027,0.3126240116777676,-0.2541339371006259,0.1205175348388358,0.0469569830877709,0.9120278993287748
1103,2015-01-05,2020.58,-0.0184472155074288,29.66679004737792,2.19,826362.0,377029.0,1203391.0,19.92,17501.65,4652.57,2.039,6.8,1181.35,108.62,1671.300049,98.1,91.37,1204.0,50.05,-0.0187549505129389,-0.0158308012812078,-0.0146632041330239,-0.0197873173994445,0.0023009926330459,0.0148944264641395,-0.0519723844330219,0.0460676470640972,0.2169866266317281,0.0965438730956584,0.0,0.9248044034901716
1104,2015-01-06,2002.61,-0.0089332691248884,31.20114398124226,1.92,754945.0,393452.0,1148397.0,21.12,17371.64,4592.74,1.963,6.89,1161.31,108.28,1654.400024,98.1,91.75,1219.4,47.98,-0.0074561707438167,-0.0129429592356409,-0.017109174055494,-0.0101633761924944,0.0041502899241505,0.0127095876049496,-0.042238248349681,-0.0903880352597887,0.0426369706395899,-0.0467763480349496,0.0,0.9509333685021863
1105,2015-01-07,2025.9,0.011562716479232,31.55344966462819,1.59,593878.0,373175.0,967053.0,19.31,17584.52,4650.47,1.954,6.81,1175.97,109.64,1662.199951,98.1,92.02,1210.7,48.69,0.0121799781071842,0.0124914939005105,0.0125446606751102,0.0047035768190424,0.0029384577926423,-0.0071602297600215,0.0146894127830607,-0.2399709878509686,-0.0529115996867926,-0.1718690332752839,0.0,1.0033781890659252
1106,2015-01-08,2062.14,0.0177302322705541,31.44762993632097,1.71,674509.0,393823.0,1068332.0,17.01,17907.87,4736.19,2.016,6.71,1196.12,110.11,1694.199951,98.1,92.31,1208.5,48.8,0.0182213114644262,0.018264725259911,0.0169896459964729,0.0190686274353231,0.0031465332747382,-0.0018187835701564,0.0022566426644923,0.127311107713572,0.0538540912620693,0.0996005299979465,0.0,1.0134297389764422
1107,2015-01-09,2044.81,-0.0084394028943686,31.351649627394824,2.04,685057.0,335827.0,1020884.0,17.55,17737.37,4704.07,1.971,6.69,1185.68,110.04,1683.800049,98.1,91.92,1216.1,48.35,-0.0095665676726302,-0.006804923582246,-0.0087665352769139,-0.0061574510708384,-0.0042338444615603,0.0062690958434155,-0.0092640909597982,0.0155170277031686,-0.1593054233672628,-0.0454296350296861,0.0,1.0232042270088713
1108,2015-01-12,2028.26,-0.0081265930033875,31.367748969178944,2.39,422785.0,176786.0,599571.0,19.6,17640.84,4664.71,1.912,6.7,1180.09,109.4,1676.699951,98.1,92.08,1232.8,46.06,-0.0054570448617852,-0.0084024241299562,-0.004725742911007,-0.0042256262847155,0.0017391308731271,0.0136389880189522,-0.0485213275067639,-0.4826382708796917,-0.6416561848662674,-0.5322097981245353,0.0,1.02178070557799
1109,2015-01-13,2023.03,-0.0025818951027174,31.567498397063652,1.58,556711.0,352775.0,909486.0,20.56,17613.68,4661.5,1.89,6.69,1180.64,109.75,1678.199951,98.1,92.22,1234.4,45.92,-0.0015407956411426,-0.0006883825534202,0.0004659575724046,0.0008942145183272,0.0015192623649324,0.0012970170430453,-0.0030441423812281,0.2751824786906347,0.6908904983959818,0.4166652052848469,0.0,1.0135216887404042
1110,2015-01-14,2011.27,-0.0058300241971984,32.27758685720628,2.0,728716.0,365148.0,1093864.0,21.48,17427.09,4639.32,1.837,6.73,1177.06,110.58,1665.400024,98.1,92.09,1234.5,48.49,-0.0106499807861322,-0.0047694809803378,-0.0030368602887431,-0.007656412025347,-0.0014106670452838,8.100773628338942e-05,0.0544568391059496,0.2692378270546527,0.0344722909061445,0.1845920560452469,0.0,1.0163327498008172
1111,2015-01-15,1992.67,-0.0092909153471456,33.54698263822132,1.71,703734.0,412082.0,1115816.0,22.39,17320.71,4570.82,1.775,6.71,1154.71,110.73,1662.400024,98.1,92.14,1264.8,46.37,-0.006122996699549,-0.0148751838917782,-0.0191705738429277,-0.0018029934307497,0.0005427997744948,0.0242479771100274,-0.0447048927138915,-0.034883637495664,0.1209196078221026,0.0198695939841488,0.0,1.0830986491032246
1112,2015-01-21,2032.12,0.0047204915668688,32.516603555304776,2.03,605587.0,298892.0,904479.0,18.85,17554.28,4667.42,1.853,6.74,1166.25,110.69,1694.300049,98.1,92.71,1293.7,47.85,0.0133948994574719,0.0209138366078924,0.0099442429831677,0.0190073493026368,0.0061671821111204,0.0225923230285944,0.0314184194955942,-0.1502022082706542,-0.3211400545446459,-0.2099821674772535,0.0,1.1211863908346402
1113,2015-01-22,2063.15,0.0151543580013822,32.58226011388989,1.86,600534.0,322789.0,923323.0,16.4,17813.98,4750.4,1.896,6.69,1190.37,110.35,1710.5,98.1,94.19,1300.7,45.93,0.014685747473413,0.0176223685369709,0.0204707099868048,0.009516020333101,0.0158376772158348,0.0053962511458385,-0.0409526195612612,-0.0083789761774557,0.0769165548599826,0.0206200317961826,0.0,1.124950774607459
1114,2015-01-23,2051.82,-0.0055067369293277,32.44652535268632,1.93,765700.0,397370.0,1163070.0,16.66,17672.6,4757.88,1.817,6.67,1188.93,111.65,1707.699951,98.1,94.99,1292.6,45.26,-0.0079681247406284,0.0015733658544032,-0.0012104401931827,-0.0016383182180303,0.0084576040673649,-0.0062468872409002,-0.0146948581323109,0.2429711887180996,0.2078689775912607,0.2308392207584084,0.0,1.1183407855732177
1115,2015-01-26,2057.09,0.0025651585893742,32.492897791483486,1.8,402960.0,224307.0,627267.0,15.52,17678.7,4771.76,1.828,6.64,1200.74,110.61,1712.599976,98.1,94.93,1279.4,44.8,0.0003451075383669,0.0029130187111157,0.0098842904268261,0.0028652623786822,-0.0006318450083835,-0.0102644758127574,-0.0102155007844517,-0.6419531466816828,-0.571852187336173,-0.6174460525628049,0.0,1.144795731408398
1116,2015-01-27,2029.55,-0.0134782691487478,32.54305741227104,1.85,460497.0,248562.0,709059.0,17.22,17387.21,4681.5,1.825,6.66,1194.66,111.4,1705.599976,98.1,94.08,1291.7,45.84,-0.0166256466322956,-0.0190966381960695,-0.0050764073280031,-0.00409572867808,-0.0089942937433908,0.0095679622219329,0.0229489329855447,0.133469039578765,0.1026766621568828,0.1225664515562687,0.0,1.13222077487334
1117,2015-01-28,2002.16,-0.013587495823832,32.54995207179728,1.78,516112.0,290123.0,806235.0,20.44,17191.37,4637.99,1.724,6.6,1175.12,111.51,1689.199951,98.1,94.63,1285.9,44.08,-0.0113273647443907,-0.0093374886675601,-0.0164913560308397,-0.009661925848257,0.0058290663698246,-0.0045003179615763,-0.0391509075618254,0.1140174551760999,0.154612659591109,0.1284365244189675,0.0,1.1432612313987278
1118,2015-01-29,2021.25,0.0094895341296696,31.33445274521011,1.99,775728.0,390091.0,1165819.0,18.76,17416.85,4683.41,1.751,6.6,1190.18,111.66,1693.800049,98.1,94.68,1255.9,44.12,0.0130306147195717,0.0097453943551713,0.0127342861479009,0.00271953936456,0.0005282341256416,-0.0236064152523125,0.000907029540643,0.407478147082136,0.2960750742485487,0.368803860014129,0.0,1.1290954669820044
1119,2015-01-30,1994.99,-0.0130770941112432,29.878468309084543,2.53,848370.0,335027.0,1183397.0,20.97,17164.95,4635.24,1.675,6.61,1165.39,111.76,1677.5,98.1,94.85,1279.2,47.79,-0.0145686144359515,-0.0103384994718602,-0.0210487612437093,-0.0096699645706967,0.0017939117352403,0.0183824354956634,0.0799032182047652,0.0895149181120018,-0.1521689196468099,0.0149652718710537,0.0,1.1469322343649044
1120,2015-02-02,2020.85,0.0128791771862264,29.64254257930537,1.63,517383.0,317856.0,835239.0,19.43,17361.04,4676.69,1.673,6.51,1175.52,111.49,1694.400024,95.4,94.56,1276.9,49.25,0.0113591012706564,0.0089026171298787,0.0086548079446169,0.0100241201656103,-0.0030621427232349,-0.0017996170891088,0.0300929550280306,-0.4945334487649049,-0.0526126755592812,-0.3484264837304565,-0.0279087881170765,1.1607097732828249
1121,2015-02-03,2050.03,0.0143362122054178,29.46961496911701,1.94,631515.0,324970.0,956485.0,17.33,17666.4,4727.74,1.78,6.44,1196.99,112.09,1715.199951,95.4,93.75,1260.3,53.04,0.0174359151585647,0.0108566923095061,0.0180994694322285,0.0122009532969382,-0.0086028888072684,-0.0130854775871895,0.0741369782595091,0.1993382818560753,0.0221344203438675,0.1355471951422693,0.0,1.107351574087672
1122,2015-02-04,2041.51,-0.0041646970650344,28.97597154346661,2.25,444060.0,197209.0,641269.0,18.33,17673.02,4716.7,1.797,6.4,1191.44,111.15,1715.099976,95.4,94.57,1264.5,48.45,0.0003746524463306,-0.0023378845179689,-0.0046474127265838,-5.828936370377846e-05,0.0087086361769008,0.0033269992665738,-0.0905140075408317,-0.3521620060401389,-0.4994687903044692,-0.3998160809070867,0.0,1.032824240956863
1123,2015-02-05,2062.52,0.0102388060248346,28.40685354394435,1.73,510099.0,295066.0,805165.0,16.85,17884.88,4765.1,1.815,6.35,1208.71,111.74,1727.5,95.4,93.59,1262.7,50.48,0.0119164802785451,0.0102091207108472,0.0143910156051099,0.0072039026971433,-0.0104167608582557,-0.0014245016653857,0.0410448798961824,0.1386451360896075,0.4029349800574771,0.2275981996837401,0.0,1.0311245372914368
1124,2015-02-06,2055.47,-0.0034240038891466,27.46557288287202,1.76,952765.0,540680.0,1493445.0,17.29,17824.29,4744.4,1.938,6.29,1205.46,111.45,1720.599976,95.4,94.65,1234.6,51.66,-0.0033935293453417,-0.0043535480718386,-0.0026924383645985,-0.0040022234032006,0.0112623374861673,-0.0225052544848392,0.0231065694347369,0.6247634590022368,0.6056285464858071,0.6177935853715919,0.0,1.0308285229267002
1125,2015-02-09,2046.74,-0.0042562487923012,26.33578500719672,1.9,500183.0,263765.0,763948.0,18.55,17729.21,4726.01,1.948,6.31,1195.83,111.51,1714.199951,95.4,94.51,1241.5,52.99,-0.005348571964193,-0.0038836804562105,-0.0080207318786875,-0.0037265823586052,-0.0014802286483677,0.0055732949884266,0.025419428836976,-0.6443942520687447,-0.7177690514045896,-0.6703410867080759,0.0,1.0501363789265374
1126,2015-02-10,2068.59,0.0106189322945757,25.24647629885236,1.68,452752.0,268715.0,721467.0,17.23,17868.76,4787.64,1.991,6.3,1203.18,110.7,1725.800049,95.4,94.74,1232.2,50.06,0.0078403748787554,0.0129563021822729,0.0061275467775612,0.006744268586817,0.0024306484886409,-0.0075191363677511,-0.0568809305010424,-0.0996295172578403,0.0185927831916981,-0.057213084900745,0.0,1.05013923653989
1127,2015-02-11,2068.53,-2.900568511599033e-05,23.950461766777178,1.85,431492.0,233132.0,664624.0,16.96,17862.14,4801.18,1.988,6.3,1201.56,110.6,1721.599976,95.4,94.92,1219.6,48.8,-0.0003705476254864,0.0028241241360706,-0.0013473392092855,-0.0024366624398917,0.0018981340719577,-0.010278253466371,-0.0254919731445264,-0.0480955438279,-0.1420465216458009,-0.0820651719066614,0.0,1.0636416084495643
1128,2015-02-12,2088.48,0.0095983185809505,24.494934097238545,1.56,556697.0,356497.0,913194.0,15.34,17972.38,4857.61,1.986,6.28,1216.27,111.48,1741.199951,95.4,94.18,1220.7,51.17,0.0061527458870855,0.0116848263716597,0.0121680858449693,0.0113204255096857,-0.0078265867521549,0.0009015285616547,0.047423109957899,0.254772135901284,0.4247210079147425,0.3177268771163124,0.0,1.0661019641105347
1129,2015-02-13,2096.99,0.0040664545328548,26.54359336933828,1.97,718077.0,365246.0,1083323.0,14.69,18019.35,4893.84,2.021,6.27,1223.13,111.75,1752.199951,95.4,94.19,1227.1,52.66,0.0026100455112665,0.0074307239856903,0.0056243486789311,0.0062976107307886,0.0001061740193177,0.0052291973067477,0.0287027312511627,0.2545556993619353,0.0242452744960157,0.1708401038168219,0.0,1.0619763453639295
1130,2015-02-18,2099.68,-0.0003142842202814,30.361826069755143,2.19,773750.0,352627.0,1126377.0,15.45,18029.85,4906.36,2.066,6.19,1227.95,111.52,1759.0,95.4,94.1,1200.2,52.13,0.0005825372156351,0.0025550512869472,0.0039329652341537,0.0038733524701388,-0.0009559722433918,-0.0221654524270897,-0.0101155552881486,0.0746720183607969,-0.0351602581140095,0.0389731180125725,0.0,1.0431809194491934
1131,2015-02-19,2097.45,-0.0010626309930072,30.96252002709008,1.46,596989.0,408788.0,1005777.0,15.29,17985.77,4924.7,2.113,6.19,1227.91,111.19,1760.800049,95.4,94.39,1207.6,51.12,-0.0024478280262911,0.0037310363837406,-3.2575146794222576e-05,0.0010228133029537,0.0030770887455187,0.0061467092772717,-0.0195647887107353,-0.2593501362365913,0.1477858431975303,-0.1132459100540721,0.0,1.047690798661307
1132,2015-02-20,2110.3,0.006107796303298,32.85196025209047,1.78,586675.0,330429.0,917104.0,14.3,18140.44,4955.97,2.133,6.17,1231.79,111.5,1768.099976,95.4,94.25,1204.9,49.95,0.0085628104943626,0.0063295514166554,0.0031548589000118,0.004137231069639,-0.0014843090087328,-0.0022383429034533,-0.0231533049747167,-0.0174276839535547,-0.2128048740590689,-0.0922947769772282,0.0,0.9837581906091836
1133,2015-02-23,2109.66,-0.0003033204129456,34.61600194037356,1.55,374905.0,242287.0,617192.0,14.56,18116.84,4960.97,2.059,6.13,1231.83,111.35,1770.400024,95.4,94.55,1200.8,49.56,-0.0013018077105027,0.0010083756529084,3.247254041038872e-05,0.0013000131829477,0.0031779687763462,-0.0034085746099785,-0.0078384483336209,-0.4477983432658909,-0.3102688363059176,-0.3960407204877132,0.0,0.9641734841277683
1134,2015-02-24,2115.48,0.0027549400403312,36.573419600243255,2.08,615948.0,296780.0,912728.0,13.69,18209.19,4968.12,1.988,6.08,1233.98,111.87,1774.900024,95.4,94.48,1197.3,48.48,0.0050845192252051,0.0014402127961137,0.0017438493191672,0.0025385735230907,-0.0007406232153597,-0.0029189795964539,-0.0220327149998826,0.4964898838431395,0.2028681496917528,0.3912577586175789,0.0,0.9473380583291614
1135,2015-02-25,2113.86,-0.000766077014016,37.91296791597769,1.89,554988.0,293878.0,848866.0,13.84,18224.57,4967.14,1.969,6.04,1235.1,112.38,1776.900024,95.4,94.2,1201.5,50.25,0.0008442719562058,-0.0001972771730525,0.0009072205654074,0.0011261896415089,-0.0029679903067894,0.0035017544537252,0.0358592051781259,-0.1042160524948467,-0.0098264083479051,-0.0725365761497371,0.0,0.8961356340839863
1136,2015-02-26,2110.74,-0.0014770631857432,38.68984191124926,1.97,375020.0,190112.0,565132.0,13.91,18214.42,4987.89,2.016,5.98,1239.11,112.26,1774.0,95.4,95.26,1210.1,47.65,-0.0005570955870357,0.0041687528918163,0.0032414415195711,-0.0016334025881734,0.0111898137903976,0.0071322246274831,-0.053127916838974,-0.391967134009489,-0.4355513430567441,-0.4068420089318643,0.0,0.8822212302419027
1137,2015-02-27,2104.5,-0.0029606876752676,38.50848338976093,2.03,650926.0,320577.0,971503.0,13.34,18132.7,4963.53,2.002,5.97,1233.37,112.45,1772.900024,95.4,95.25,1213.1,49.84,-0.0044966499517542,-0.0048957934961304,-0.0046431197115239,-0.0006202464280473,-0.0001049813659044,0.0024760659728668,0.0449352443789869,0.5514166065909656,0.5225091249420615,0.5417850246427811,0.0,0.8698049617077803
1138,2015-03-02,2117.39,0.0061062889142888,37.5282872145174,1.97,398007.0,201838.0,599845.0,13.04,18288.63,5008.1,2.084,6.01,1242.62,111.72,1776.699951,93.0,95.47,1208.2,49.59,0.0085626171647508,0.0089394204980912,0.0074717935321313,0.0021410460211628,0.0023070480031313,-0.0040474180722327,-0.0050286739781553,-0.4919263714030677,-0.4626571016703682,-0.4821730683119511,-0.0254790853009847,0.8736791897725277
1139,2015-03-03,2107.78,-0.0045489372363727,37.231066870769865,2.54,462254.0,181981.0,644235.0,13.86,18203.37,4979.9,2.122,6.04,1234.76,111.92,1768.599976,93.0,95.37,1204.4,50.43,-0.0046728135009832,-0.0056467911358915,-0.0063454345907816,-0.0045694238910609,-0.0010479984191205,-0.0031501310970618,0.0167970355875914,0.1496449304864455,-0.1035631094222253,0.0713922778653355,0.0,0.8699998102464161
1140,2015-03-04,2098.53,-0.0043981612914203,36.56034455074299,1.98,466007.0,235383.0,701390.0,14.23,18096.9,4967.14,2.123,6.08,1230.73,111.48,1760.900024,93.0,95.91,1200.9,51.53,-0.0058660888919792,-0.0025655887578857,-0.0032691299410023,-0.004363203975453,0.0056461881490381,-0.002910241940941,0.0215779262514987,0.0080861319161371,0.2573116886934432,0.0850005140302112,0.0,0.8462750316890008
1141,2015-03-05,2101.04,0.0011953606197181,36.180024146374414,2.04,339176.0,166609.0,505785.0,14.04,18135.72,4982.81,2.112,6.08,1234.31,111.47,1763.699951,93.0,96.35,1196.2,50.76,0.0021428212949601,0.0031497671757563,0.0029046202227824,0.0015887916976895,0.0045771431205157,-0.003921410056181,-0.0150555194939459,-0.3176815087745197,-0.3455642248339714,-0.3269524025989501,0.0,0.8241614008203144
1142,2015-03-06,2071.26,-0.0142753424853072,36.12990841795345,2.15,852724.0,397491.0,1250215.0,15.2,17856.78,4927.37,2.24,6.16,1217.52,110.72,1742.0,93.0,97.72,1164.3,49.61,-0.0155002061394693,-0.011188611781753,-0.0136961065486014,-0.0123799688813672,0.0141188515291643,-0.0270298175674863,-0.0229162165332295,0.9219167845439102,0.869522542446358,0.9049591377004358,0.0,0.7797150934270805
1143,2015-03-09,2079.43,0.0039366999468919,35.901127009685304,2.07,386090.0,186280.0,572370.0,15.06,17995.72,4942.44,2.195,6.2,1223.59,110.64,1741.800049,93.0,97.66,1166.5,49.95,0.0077506838042342,0.0030537592337047,0.0049731577113814,-0.0001147890219916,-0.0006141877560255,0.0018877644185142,0.0068300787816051,-0.7923654283325643,-0.7579213742144528,-0.7812851800987133,0.0,0.8351960543401646
1144,2015-03-10,2044.16,-0.0171068705318857,36.19671786721364,1.67,723353.0,433070.0,1156423.0,16.69,17662.94,4859.79,2.126,6.31,1208.47,110.21,1712.599976,93.0,98.67,1160.1,48.42,-0.0186652926086701,-0.0168639092812021,-0.0124340639646973,-0.0169064198121455,0.0102888902355617,-0.0055016041801234,-0.0311095535846499,0.6278268435279966,0.8436484596398408,0.7033012638487293,0.0,0.8342860270920094
1145,2015-03-11,2040.24,-0.0019194991693254,35.79125097761417,2.26,548603.0,242495.0,791098.0,16.87,17635.39,4849.94,2.109,6.25,1215.78,110.4,1710.800049,93.0,99.67,1150.6,48.06,-0.001560980680626,-0.0020288933634375,0.0060307494320648,-0.001051543583987,0.010083780110289,-0.0082226628521677,-0.0074627212015898,-0.2765222994831404,-0.5799182861457464,-0.3796650453572976,0.0,0.8279682446986375
1146,2015-03-12,2065.95,0.0125227210542373,33.13126096791601,1.9,466340.0,245455.0,711795.0,15.42,17895.22,4893.29,2.096,6.24,1236.64,110.53,1728.599976,93.0,99.27,1151.9,47.12,0.0146259595238014,0.0088985451543699,0.0170121782532675,0.0103506924401459,-0.0040213183777346,0.0011292075032676,-0.0197526909649914,-0.1624600651328887,0.0121325394359157,-0.1056319052924088,0.0,0.7947428102573951
1147,2015-03-13,2053.4,-0.0060932131665856,31.76453988536182,2.09,694944.0,331765.0,1026709.0,16.0,17749.31,4871.76,2.112,6.31,1232.14,109.72,1719.800049,93.0,100.18,1152.4,44.88,-0.0081869961528688,-0.0044096107827318,-0.0036455293575814,-0.0051037849659891,0.0091251573278405,0.0004339712779124,-0.0487052781288905,0.3989162849579948,0.3013132559161313,0.3663238716093033,0.0,0.8129170132101344
1148,2015-03-16,2081.19,0.013442889619502,27.64057942428708,1.79,479579.0,267664.0,747243.0,15.61,17977.42,4929.51,2.098,6.32,1239.78,109.4,1740.099976,93.0,99.69,1153.2,43.93,0.0127698840512522,0.011784323523722,0.0061814495025886,0.0117345355607412,-0.0049031968948582,0.0006939625538739,-0.0213948032267525,-0.3709226310728795,-0.2146944243713928,-0.3177233867769828,0.0,0.7737199672545991
1149,2015-03-17,2074.28,-0.0033257399856241,25.268352692782628,1.5,329087.0,218964.0,548051.0,15.66,17849.08,4937.43,2.058,6.38,1242.23,109.55,1736.599976,93.0,99.65,1148.2,43.39,-0.0071645596965179,0.0016053612773454,0.0019742070303818,-0.0020134042227857,-0.0004013243758089,-0.0043451880307108,-0.0123684581774288,-0.3765864822081042,-0.2008251298465264,-0.310022085127569,0.0,0.7696799327050837
1150,2015-03-18,2099.5,0.0120851156255055,24.68254157287077,2.21,810139.0,366202.0,1176341.0,13.97,18076.19,4982.83,1.951,6.38,1252.14,110.99,1754.099976,93.0,97.82,1151.3,44.63,0.0126436363876898,0.0091530498113705,0.0079459359608442,0.010026726361068,-0.0185349915475923,0.0026962399460819,0.0281772788309191,0.9008836843844552,0.5142777609795477,0.7637957041018524,0.0,0.7360393896552743
1151,2015-03-19,2089.27,-0.0048844984753113,23.34010801056316,1.39,662196.0,474776.0,1136972.0,14.07,17959.03,4992.38,1.977,6.3,1254.86,110.49,1751.300049,93.0,99.07,1169.0,44.02,-0.0065025501619953,0.0019147472419582,0.0021699250636437,-0.0015974939096707,0.0126976158737273,0.0152569437924494,-0.0137622025428627,-0.2016442532585678,0.2596580201370049,-0.0340401851749732,0.0,0.7455435285788883
1152,2015-03-20,2108.1,0.0089723452173249,23.258618970770797,1.57,600028.0,383346.0,983374.0,13.02,18127.65,5026.42,1.93,6.27,1266.37,111.69,1774.599976,93.0,97.8,1184.6,46.0,0.00934534444327,0.0067952511247302,0.0091305275300452,0.013216634619229,-0.0129020939441666,0.0132564823707967,0.0439973203907793,-0.0985852638297863,-0.2139051382374273,-0.145134351495157,0.0,0.7265042433249129
1153,2015-03-23,2104.42,-0.0017471731581739,22.659548635366036,1.91,411746.0,215216.0,626962.0,13.41,18116.04,5010.97,1.915,6.26,1264.71,111.99,1778.0,93.0,96.96,1187.7,47.4,-0.0006406632656403,-0.0030784919589219,-0.0013116932202912,0.0019141051967874,-0.0086260547197678,0.0026134989373298,0.0299808322119359,-0.3765696664160618,-0.577295800655298,-0.4501035830071327,0.0,0.7334837707476429
1154,2015-03-24,2091.5,-0.0061583828258351,21.21472824957541,1.97,470538.0,239087.0,709625.0,13.62,18011.14,4994.73,1.878,6.23,1263.46,112.05,1772.400024,93.0,97.24,1191.4,47.03,-0.0058072783321581,-0.0032461525452003,-0.0009888576336711,-0.0031545632075546,0.0028836271269181,0.0031104224143927,-0.0078365327440743,0.1334700665296733,0.1051853274636691,0.1238507287551975,0.0,0.7797126762002493
1155,2015-03-25,2061.05,-0.0146659502181361,21.524442881756578,2.07,551465.0,265986.0,817451.0,15.44,17718.54,4876.52,1.92,6.21,1233.86,112.33,1756.5,93.0,96.92,1197.0,48.75,-0.0163789063463646,-0.0239515058618042,-0.0237065223933807,-0.0090113811604135,-0.003296253499597,0.0046893403633854,0.0359195014868993,0.1587016524901496,0.106616173387767,0.1414543006461937,0.0,0.7556450027120566
1156,2015-03-26,2056.15,-0.002380259551864,22.065118662719435,1.82,682322.0,375404.0,1057726.0,15.8,17678.23,4863.36,2.007,6.24,1231.99,111.72,1744.900024,93.0,97.42,1204.8,51.41,-0.0022776099302692,-0.0027022936644574,-0.0015167186637334,-0.0066259315473278,0.0051456324300716,0.0064951514876563,0.0531275086235574,0.2129233137848256,0.344559103578991,0.2576856375342053,0.0,0.7570694549558243
1157,2015-03-27,2061.02,0.0023657037582935,22.6800715194779,1.89,584344.0,309385.0,893729.0,15.07,17712.66,4891.22,1.948,6.22,1240.41,111.91,1744.800049,93.0,97.39,1200.7,48.83,0.0019456990689938,0.0057122040629664,0.0068112219319012,-5.729718768687775e-05,-0.0003079924052888,-0.0034088580089566,-0.0514878279938444,-0.1550118366750386,-0.1934163233637598,-0.1684740024426148,0.0,0.7699365569330889
1158,2015-03-30,2086.24,0.0121623968046158,22.63144143122732,2.12,536716.0,253252.0,789968.0,14.51,17976.31,4947.44,1.963,6.19,1257.8,112.17,1757.300049,93.0,97.96,1185.3,48.66,0.0147751418055097,0.0114285099618136,0.013922193000095,0.0071386041136181,0.0058356961108589,-0.0129088129512178,-0.0034875407181926,-0.0850207599561567,-0.2002014156006346,-0.1234101589171245,0.0,0.7821684870265011
1159,2015-03-31,2067.89,-0.0088346389509217,22.81893533112107,1.69,424457.0,251322.0,675779.0,15.29,17776.12,4900.88,1.934,6.28,1252.77,112.12,1740.800049,93.0,98.38,1183.2,47.72,-0.0111987964006186,-0.0094554902553767,-0.0040070635197357,-0.0094337622748845,0.0042782992832268,-0.0017732746888645,-0.019506740125661,-0.2346583855726294,-0.0076500549473212,-0.1561263387965077,0.0,0.7840581904343711
1160,2015-04-01,2059.69,-0.0039732777015757,23.239910580375017,2.23,589907.0,263953.0,853860.0,15.11,17698.18,4880.23,1.868,6.26,1251.71,112.29,1738.199951,95.9,98.12,1208.2,50.12,-0.0043941741153687,-0.0042224309266725,-0.0008464831528254,-0.0014947389963229,-0.0026463119769051,0.0209090163080505,0.049069532798152,0.3291541923779402,0.0490360715090734,0.2339011464085807,0.0307064887361363,0.7876210863544862
1161,2015-04-02,2066.96,0.0035234427543917,23.3903376649993,1.9,467960.0,246850.0,714810.0,14.67,17763.24,4886.94,1.904,6.24,1255.66,112.85,1749.300049,95.9,97.53,1200.9,49.13,0.0036693439234962,0.0013739908398484,0.0031507143083286,0.006365669094146,-0.006031196406365,-0.0060603730380028,-0.0199502838473102,-0.2315820751772594,-0.066990192289138,-0.177750472808956,0.0,0.7890591964201865
1162,2015-04-06,2080.62,0.0065869974252841,22.90745930793637,2.09,400368.0,191699.0,592067.0,14.74,17880.85,4917.32,1.904,6.2,1260.54,113.26,1764.5,95.9,97.06,1218.6,52.08,0.0065991544076222,0.0061973259038978,0.0038788698184211,0.0086516282079012,-0.0048306790068535,0.0146313831477558,0.0583111517197565,-0.155998698012036,-0.2528544311509701,-0.1883969689588696,0.0,0.7896057067842283
1163,2015-04-07,2076.33,-0.0020640140117178,22.42539457723696,1.58,413645.0,261044.0,674689.0,14.78,17875.42,4910.23,1.893,6.13,1253.36,113.05,1764.199951,95.9,97.91,1210.6,53.95,-0.0003037229577778,-0.0014428827591945,-0.0057122554783592,-0.0001700620652878,0.0087193453889096,-0.0065865543568071,0.03527669380383,0.0326239938821739,0.3087625419358577,0.1306320398023626,0.0,0.7894985762706661
1164,2015-04-08,2081.9,0.0026790260911058,21.566400455603237,2.17,385557.0,178080.0,563637.0,13.98,17902.51,4950.82,1.895,6.08,1262.71,113.58,1766.400024,95.9,98.06,1203.1,50.44,0.0015143416724772,0.0082324355402114,0.007432259865542,0.0012462886196953,0.0015308468571078,-0.0062145454181079,-0.0672731806074251,-0.0703190760541776,-0.3824560879625256,-0.1798414166917261,0.0,0.7946419108175605
1165,2015-04-09,2091.18,0.0044475616557315,20.787731486037288,1.88,473007.0,251393.0,724400.0,13.09,17958.73,4974.56,1.958,6.09,1259.11,113.61,1771.900024,95.9,98.97,1193.6,50.79,0.0031354211989107,0.004783705061536,-0.0028550827937356,0.003108840039073,0.0092372376855127,-0.0079276085899824,0.0069149737164351,0.2044211455413993,0.3447845641680693,0.2509332987428241,0.0,0.8006505287489687
1166,2015-04-10,2102.06,0.0051893163356346,20.41745174447309,2.04,667892.0,326646.0,994538.0,12.58,18057.65,4995.98,1.951,6.07,1264.78,113.62,1779.5,95.9,99.35,1204.6,51.63,0.0054930700271764,0.0042966645644977,0.0044930718364772,0.0042799952414416,0.0038321950892257,0.0091736111601248,0.0164034140784039,0.3450162962821004,0.2618595639937471,0.3169345817106368,0.0,0.8031906000492182
1167,2015-04-13,2092.43,-0.0045917462766684,20.049273739016783,1.55,424125.0,274456.0,698581.0,13.94,17977.04,4988.25,1.939,6.05,1265.59,113.46,1772.099976,95.9,99.51,1199.3,51.95,-0.0044740295789278,-0.0015484422022531,0.0006402225980126,-0.004167155512202,0.0016091726292453,-0.0044095083719453,0.0061788186536788,-0.454098260714467,-0.1740860590264912,-0.3532271729686602,0.0,0.7952136836029671
1168,2015-04-14,2095.84,0.0016283576529128,19.03751942488407,1.9,443842.0,233525.0,677367.0,13.67,18036.7,4977.29,1.904,6.02,1265.35,113.59,1779.900024,95.9,98.78,1192.6,53.3,0.0033131829448915,-0.0021995806386492,-0.000189652856819,0.0043919259785658,-0.0073629865145923,-0.0056022555486698,0.0256546136265622,0.0454404201402542,-0.1615018189036465,-0.0308379112318011,0.0,0.7971173476303383
1169,2015-04-15,2106.63,0.0051350866086936,18.97998923221869,1.53,594675.0,388759.0,983434.0,12.84,18112.61,5011.02,1.9,5.98,1275.35,113.77,1783.800049,95.9,98.39,1201.3,56.25,0.0041998097102027,0.0067539209770863,0.0078718869908165,0.002188751284943,-0.0039559822348049,0.0072685060383239,0.0538697099127305,0.2925463945819242,0.5096704765919498,0.3728373047879323,0.0,0.7929583736552681
1170,2015-04-16,2104.99,-0.0007787977466593,19.23696506256519,1.62,463949.0,286843.0,750792.0,12.6,18105.77,5007.79,1.878,5.99,1272.9,113.52,1786.599976,95.9,97.69,1198.0,56.69,-0.0003777087810856,-0.0006447871777002,-0.0019228888491369,0.0015684111328475,-0.0071399732128227,-0.002750804051935,0.0077917872516826,-0.2482404054343856,-0.3040245865988229,-0.2699218789527915,0.0,0.8196074267810171
1171,2015-04-17,2081.18,-0.0113756759818759,18.818861301376003,2.46,819693.0,333427.0,1153120.0,13.89,17826.3,4931.81,1.85,6.02,1251.86,113.37,1769.0,95.9,97.45,1203.1,55.71,-0.0155557770838736,-0.0152886393765925,-0.0166673165550506,-0.0098999436746165,-0.0024597737112808,0.0042480593640839,-0.0174381643034875,0.5691552475206834,0.150488923088881,0.4290979418215563,0.0,0.7938366498753351
1172,2015-04-20,2100.4,0.0091927622342069,19.14611968105653,2.01,332148.0,165098.0,497246.0,13.3,18034.93,4994.6,1.895,6.0,1264.92,113.1,1779.099976,95.9,97.91,1193.7,56.37,0.0116355380888339,0.0126512681792085,0.0103784337337602,0.0056931897909775,0.0047092634124092,-0.0078438319384854,0.0117774380607595,-0.9033492271956334,-0.7028847138585945,-0.8411417177177416,0.0,0.791887646673734
1173,2015-04-21,2097.29,-0.0014817676241145,19.399490702876477,1.72,382469.0,222436.0,604905.0,13.25,17949.59,5014.1,1.916,5.99,1264.15,113.2,1782.0,95.9,97.98,1203.1,55.58,-0.0047431595583375,0.0038966148797268,-0.000608919503052,0.0016287240799917,0.0007146868444491,0.0078438319384854,-0.0141136777791262,0.1410669515133342,0.2981001827980822,0.1959865474493813,0.0,0.7255505905742469
1174,2015-04-22,2107.96,0.0050746200095614,18.73818132933328,2.01,400890.0,199217.0,600107.0,12.71,18038.27,5035.17,1.972,5.98,1265.48,113.61,1786.800049,95.9,98.06,1186.9,56.17,0.0049283385837384,0.0041933455613829,0.0010515372782196,0.0026900088705357,0.0008161600126586,-0.0135566929770192,0.0105593822299834,0.0470394712305068,-0.1102447369058161,-0.0079634482577883,0.0,0.7237162284646281
1175,2015-04-23,2112.93,0.0023549546644847,17.709100345534132,2.16,536192.0,248554.0,784746.0,12.48,18058.69,5056.06,1.947,5.98,1271.54,113.87,1792.300049,95.9,97.31,1194.3,56.59,0.0011313973353015,0.0041402346077852,0.0047772674438899,0.0030734006754347,-0.0076777773891896,0.0062153736119219,0.0074494846100909,0.2908052304234356,0.2212654428779732,0.2682521258943886,0.0,0.6914047962001679
1176,2015-04-24,2117.69,0.0022502621405813,18.272319587128557,1.44,558373.0,386993.0,945366.0,12.29,18080.14,5092.08,1.917,5.96,1267.54,114.11,1799.900024,95.9,96.86,1175.0,55.98,0.0011870889300453,0.0070988676280823,-0.0031507501213621,0.0042313825427831,-0.0046351218588149,-0.0162920920961218,-0.0108378070671246,0.0405348919591013,0.4427464792583322,0.1862120555547743,0.0,0.6856064096357791
1177,2015-04-27,2108.92,-0.0041499038644161,17.548844638654153,2.01,500823.0,248863.0,749686.0,13.12,18037.97,5060.25,1.924,5.96,1252.7,114.24,1801.599976,95.9,96.86,1203.2,55.56,-0.0023351177103094,-0.0062705022973261,-0.0117767923026477,0.0009440245043714,0.0,0.0237165266173162,-0.0075309662011644,-0.1087744525947442,-0.441504060765407,-0.231917701900814,0.0,0.6441921499702298
1178,2015-04-28,2114.76,0.0027653627744772,18.10480788344467,1.53,317604.0,207558.0,525162.0,12.41,18110.14,5055.42,1.973,5.97,1259.36,114.16,1803.400024,95.9,96.11,1213.9,57.05,0.0039930218144856,-0.0009549541191145,0.0053024335439939,0.0009986397501222,-0.00777326813989,0.008853642708182,0.0264645584219413,-0.4554474214967623,-0.1814917255603472,-0.3559476657765081,0.0,0.6451084179074337
1179,2015-04-29,2106.85,-0.0037473898615125,18.10787827819184,1.85,478893.0,259474.0,738367.0,13.39,18035.53,5023.64,2.035,6.02,1246.95,113.44,1795.900024,95.9,95.21,1210.0,58.55,-0.0041283011748873,-0.0063061645268671,-0.0099030857489328,-0.0041674829855375,-0.009408390537593,-0.0032179573129713,0.0259530137356414,0.410671866659392,0.2232456862229508,0.3407342045438692,0.0,0.6349420012616379
1180,2015-04-30,2085.51,-0.0101805113640756,18.063070231762524,2.14,666001.0,310820.0,976821.0,14.55,17840.52,4941.42,2.046,6.12,1220.13,113.12,1778.400024,95.9,94.81,1182.4,59.62,-0.0108714265170384,-0.0165020312606429,-0.0217431592176895,-0.0097922052432002,-0.0042100893677314,-0.0230740883968492,0.0181099982061994,0.3298139816292629,0.1805574615793705,0.2798624303712067,0.0,0.6598889590873273
1181,2015-05-01,2108.29,0.0108637627180137,18.346636936704115,1.87,694633.0,372035.0,1066668.0,12.7,18024.06,5005.39,2.117,6.12,1228.11,112.83,1787.400024,90.7,95.21,1174.5,59.1,0.010235257310077,0.0128625925224561,0.0065189918150618,0.0050479662293527,0.0042100893677314,-0.0067037460949697,-0.0087601638378727,0.0420924764985795,0.1797739693813742,0.0879916287820279,-0.0557486247683014,0.6413697480371798
1182,2015-05-04,2114.49,0.0029364562942424,18.584842052829316,2.38,448116.0,188339.0,636455.0,12.85,18070.4,5016.93,2.135,6.1,1233.22,112.67,1790.800049,90.7,95.44,1186.8,58.92,0.0025677084771711,0.0023028610341473,0.0041522326074163,0.0019004113542662,0.0024127994920606,0.010418084317699,-0.0030503328176232,-0.4383315210691467,-0.680744405347582,-0.5163813337566658,0.0,0.676973320457944
1183,2015-05-05,2089.46,-0.011907989281938,18.4245378891159,2.14,488655.0,228035.0,716690.0,14.31,17928.2,4939.33,2.176,6.12,1215.42,112.5,1773.400024,90.7,95.14,1193.2,60.38,-0.007900348325931,-0.0155884983722636,-0.0145389387962255,-0.00976385324965,-0.0031482867855245,0.0053781642239272,0.0244773326842633,0.0866045915348863,0.191255595423847,0.1187296737008676,0.0,0.6725763978686268
1184,2015-05-06,2080.15,-0.0044656528892188,18.52888544550798,1.86,614448.0,330094.0,944542.0,15.15,17841.98,4919.64,2.24,6.17,1219.36,112.47,1772.800049,90.7,94.16,1190.3,60.93,-0.004820784630052,-0.0039943373758219,0.0032364348640365,-0.0003383762863764,-0.0103540280521148,-0.0024333974667598,0.0090677399817105,0.2290675847767804,0.3698783364386422,0.276056763862238,0.0,0.6183303534959645
1185,2015-05-07,2088.0,0.0037666635227395,17.68270526228895,1.66,515907.0,309952.0,825859.0,15.13,17924.06,4945.54,2.184,6.2,1225.54,112.3,1769.300049,90.7,94.62,1182.2,58.99,0.0045898368449801,0.005250803230604,0.0050554322565776,-0.0019762293793315,0.0048734072509812,-0.0068282667835646,-0.0323577262454195,-0.1747977871022801,-0.0629600156029823,-0.1342760971548404,0.0,0.659562035651121
1186,2015-05-08,2116.1,0.0133681018381963,16.925961844411756,1.66,661166.0,398738.0,1059904.0,12.86,18191.11,5003.55,2.15,6.12,1234.93,112.92,1794.699951,90.7,94.82,1188.9,59.41,0.0147890688227114,0.0116615001773361,0.007632725119369,0.014253833919092,0.0021114872709704,0.00565140047423,0.0070946243526659,0.2480784262875541,0.2518871128215671,0.2495095601965005,0.0,0.668145523953535
1187,2015-05-11,2105.33,-0.0051025474151131,15.899873059996048,1.97,447549.0,227239.0,674788.0,13.85,18105.17,4993.57,2.274,6.13,1235.83,112.4,1789.099976,90.7,95.03,1183.0,59.23,-0.0047354803632053,-0.001996575676852,0.0007285208112524,-0.0031251630514059,0.0022122737492509,-0.0049749248861123,-0.003034392078776,-0.3902189140399041,-0.5623022325567799,-0.451535049500162,0.0,0.6346568149970931
1188,2015-05-12,2099.12,-0.002954015158135,15.830717793351008,2.74,598879.0,218570.0,817449.0,13.86,18068.23,4976.19,2.26,6.23,1233.13,111.8,1784.900024,90.7,94.56,1192.4,60.72,-0.0020423854457014,-0.0034865468388307,-0.0021871565973707,-0.0023502819996172,-0.0049580775654352,0.0079144978255296,0.0248449627985012,0.2912735454438948,-0.0388959976834559,0.1917899480373979,0.0,0.6115550797813573
1189,2015-05-13,2098.48,-0.0003049361563558,14.961298517307108,1.9,367605.0,192969.0,560574.0,13.76,18060.49,4981.69,2.282,6.18,1232.28,111.92,1790.0,90.7,93.62,1218.2,60.5,-0.0004284679954569,0.0011046529099143,-0.0006895405094313,0.0028532151532072,-0.0099905177858641,0.0214062765984675,-0.0036297680505787,-0.4880505822410761,-0.1245767751199249,-0.3772272567288794,0.0,0.6332315626899989
1190,2015-05-14,2121.1,0.0107215489140495,13.933358651953172,1.33,562169.0,424206.0,986375.0,12.74,18252.24,5050.8,2.239,6.14,1245.11,112.29,1803.400024,90.7,93.39,1225.2,59.89,0.0105611328188999,0.0137774556848171,0.0103577674113255,0.0074581655392007,-0.0024597627502975,0.005729736556236,-0.0101338187604245,0.4247935243026965,0.7876896320599514,0.5650753480658164,0.0,0.631430812007133
1191,2015-05-15,2122.73,0.0007681740692504,13.295426730445003,2.39,578090.0,241470.0,819560.0,12.38,18272.56,5048.29,2.141,6.11,1243.95,112.85,1807.099976,90.7,93.23,1225.3,59.73,0.001112668767325,-0.0004970744991243,-0.0009320788442073,0.0020495517491694,-0.0017147148130245,8.161599678047082e-05,-0.0026751395321564,0.0279270494607484,-0.5634739445283703,-0.1852689959622004,0.0,0.6236423292348847
1192,2015-05-18,2129.2,0.0030433262041809,13.767064645599357,1.85,520762.0,281179.0,801941.0,12.73,18298.88,5078.44,2.228,6.12,1257.52,112.56,1808.699951,90.7,94.16,1227.6,59.44,0.0014393747987035,0.0059545557322024,0.0108497268546603,0.0008849909490171,0.0099259046434188,0.0018753317901802,-0.0048670063347113,-0.1044364423309271,0.1522462354309706,-0.0217325718033887,0.0,0.6219422141616497
1193,2015-05-19,2127.83,-0.000643641246266,13.67798592049119,1.54,351924.0,228105.0,580029.0,12.85,18312.39,5070.03,2.262,6.13,1255.66,112.01,1803.699951,90.7,95.31,1206.7,57.3,0.0007380241446526,-0.0016573930701184,-0.0014801966748123,-0.0027682445624153,0.0121392739975139,-0.0171716826660262,-0.0366667766888095,-0.3918778803671046,-0.20918542794419,-0.3239569367851036,0.0,0.6217407592165852
1194,2015-05-20,2125.85,-0.0009309586724919,13.62423476673366,2.32,489025.0,210718.0,699743.0,12.88,18285.4,5071.74,2.251,6.14,1257.74,112.11,1804.0,90.7,95.59,1208.7,58.96,-0.001474952716709,0.0003372192459902,0.001655128889026,0.0001663381127956,0.0029334751261362,0.0016560407858561,0.0285586241603867,0.3289983697169578,-0.0792853025786364,0.1876350224823166,0.0,0.6185376803481213
1195,2015-05-21,2130.82,0.0023351597649989,14.140926699533937,1.57,412380.0,263005.0,675385.0,12.11,18285.74,5090.79,2.185,6.11,1256.74,112.71,1810.800049,90.7,95.4,1204.1,60.18,1.859389671743372e-05,0.0037490708146794,-0.0007953931251956,0.0037623419990975,-0.00198963362143,-0.0038130019672379,0.0204808233208186,-0.1704683585508544,0.2216522967219987,-0.0354302261292769,0.0,0.6145289927940629
1196,2015-05-22,2126.06,-0.0022363806280134,14.558875039107376,1.97,537103.0,272984.0,810087.0,12.13,18232.02,5089.36,2.215,6.12,1252.22,112.86,1803.5,90.7,96.14,1204.0,58.88,-0.0029421321981768,-0.0002809388878173,-0.003603090435865,-0.0040395422780727,0.0077268840115731,-8.30530294066989e-05,-0.0218385967812784,0.2642446280862849,0.0372401420049381,0.1818587506625828,0.0,0.6081650896084598
1197,2015-05-27,2123.48,0.0091209049217875,14.408934089645062,1.6,470704.0,293684.0,764388.0,13.27,18162.99,5106.59,2.135,6.08,1254.36,112.35,1793.599976,90.7,97.3,1185.6,57.51,-0.0037933817178235,0.0033797765586065,0.0017075062594802,-0.0055044614066082,0.0119935267261448,-0.0154003713269439,-0.0235426286949582,-0.1319604360951345,0.0730911739539479,-0.0580661356503622,0.0,0.6086235629422646
1198,2015-05-28,2120.79,-0.001267591534086,14.57562034687661,2.17,454184.0,209548.0,663732.0,13.31,18126.12,5097.98,2.13,6.07,1253.1,112.04,1791.400024,90.7,96.88,1188.8,57.69,-0.0020320152622428,-0.0016874796376793,-0.0010050011613769,-0.0012273094985477,-0.0043258899471219,0.0026954194216726,0.0031250025431353,-0.0357270440740844,-0.337551529298759,-0.1411970601114021,0.0,0.6138400473539467
1199,2015-05-29,2107.39,-0.0063384457913588,14.559436975652831,2.67,699302.0,262324.0,961626.0,13.84,18010.68,5070.03,2.095,6.06,1246.53,112.37,1779.300049,90.7,96.89,1189.8,60.25,-0.0063890766582002,-0.0054976480937796,-0.0052567901085529,-0.0067773943867273,0.0001032151520758,0.0008408307903104,0.0434187241019659,0.4315802924299561,0.2246275509075008,0.3707471481406017,0.0,0.6147368401940836
1200,2015-06-01,2111.73,0.0020573017741858,13.575996603698414,1.71,430782.0,251751.0,682533.0,13.97,18040.37,5082.93,2.192,6.16,1249.62,111.33,1778.300049,96.1,97.43,1188.7,60.24,0.0016471091251073,0.0025411322297443,0.0024758140162939,-0.0005621767476897,0.0055578570403369,-0.0009249527672263,-0.0001659888791261,-0.4844805330290853,-0.0411398771861026,-0.3428147241464039,0.0578319588551554,0.5762176686422058
1201,2015-06-02,2109.6,-0.0010091607056388,13.452748336552537,2.45,487200.0,199211.0,686411.0,14.24,18011.94,5076.52,2.266,6.19,1251.8,111.18,1782.400024,96.1,95.94,1194.4,61.3,-0.0015771530807935,-0.0012618795014631,0.0017430104116211,0.002302904893936,-0.0154111753633321,0.0047836942384016,0.0174432594505278,0.1230725547161828,-0.2340759392760052,0.0056656961478065,0.0,0.5530653330943979
1202,2015-06-03,2114.07,0.002116643425678,13.235798934661874,1.8,370701.0,205937.0,576638.0,13.66,18076.27,5099.23,2.366,6.24,1264.58,110.79,1789.900024,96.1,95.36,1184.9,59.67,0.0035651570492429,0.0044635604658065,0.0101575357312908,0.0041989815630678,-0.006063792756878,-0.0079855844022862,-0.026950461408175,-0.273278908643503,0.0332057322633723,-0.1742618870809451,0.0,0.5756022962009755
1203,2015-06-04,2095.84,-0.0086605718154162,13.512695779595678,2.98,897940.0,301140.0,1199080.0,14.71,17905.58,5059.12,2.307,6.29,1251.29,110.67,1775.400024,96.1,95.58,1175.2,58.0,-0.0094876322584198,-0.0078969928081669,-0.0105650320714598,-0.0081340026087248,0.0023043898329726,-0.0082200369630269,-0.0283863709875715,0.8847074431730171,0.3800049761221107,0.7320951884648164,0.0,0.5679640977763775
1204,2015-06-05,2092.83,-0.0014372106268174,13.88428070445798,2.15,770510.0,358713.0,1129223.0,14.21,17849.46,5068.46,2.402,6.38,1261.01,110.08,1760.400024,96.1,96.34,1168.1,59.11,-0.0031391404448051,0.0018444687966798,0.0077379679971594,-0.0084846935820976,0.0079200080520625,-0.0060598486980172,0.0189571042898588,-0.1530506176639186,0.174947352971559,-0.0600248104959302,0.0,0.576937604841803
1205,2015-06-08,2079.28,-0.0064955370983836,14.87569406829568,1.92,566791.0,294443.0,861234.0,15.29,17766.55,5021.63,2.381,6.4,1253.7,109.81,1752.199951,96.1,95.25,1173.6,58.15,-0.0046557797892017,-0.0092824417331165,-0.0058138080256116,-0.0046689563027824,-0.0113785871952645,0.0046974506671215,-0.0163742358716048,-0.3070620041876211,-0.1974371898948188,-0.2709188200677737,0.0,0.5748670999622325
1206,2015-06-09,2080.15,0.0004183265556516,15.756236090439655,2.09,533464.0,255580.0,789044.0,14.47,17764.04,5013.87,2.417,6.47,1249.66,109.4,1751.699951,96.1,95.19,1177.6,60.15,-0.0001412867055776,-0.0015465101981231,-0.0032276648243421,-0.0002853962826439,-0.0006301197435965,0.0034025211458397,0.0338155634560148,-0.0605990395214988,-0.1415499637910802,-0.0875441584221619,0.0,0.614840345681087
1207,2015-06-10,2105.2,0.0119704679998342,15.704060390522256,2.01,582371.0,289198.0,871569.0,13.22,18000.4,5076.69,2.478,6.46,1266.93,109.01,1776.699951,96.1,94.61,1186.6,61.36,0.0132177906990538,0.0124514024234159,0.0137251368784561,0.0141709664778648,-0.0061117155468606,0.0076136058499312,0.0199167146383123,0.0877161121345082,0.1235761024508157,0.0994729495798285,0.0,0.6135026990047615
1208,2015-06-11,2108.86,0.0017370426241116,15.706225077893327,1.95,475568.0,243259.0,718827.0,12.85,18039.37,5082.51,2.383,6.41,1268.92,109.3,1779.5,96.1,95.1,1180.4,60.74,0.0021626117585213,0.0011457596339656,0.0015694937859089,0.0015747424876071,0.0051657908349911,-0.0052387107557585,-0.0101556974413972,-0.2025978225651314,-0.1729848552774537,-0.1926743188559161,0.0,0.6230091526891567
1209,2015-06-12,2094.11,-0.00701887501189,15.367790708326105,1.91,699050.0,365477.0,1064527.0,13.78,17898.84,5051.1,2.385,6.43,1265.02,109.45,1770.199951,96.1,94.97,1179.2,59.96,-0.0078206853524633,-0.0061991927043649,-0.0030782126486839,-0.0052399190959588,-0.0013679172964833,-0.001017121633712,-0.0129247863832064,0.3852123913122938,0.4070766303593149,0.3926651312242537,0.0,0.6003992947600182
1210,2015-06-15,2084.43,-0.0046332055293856,15.942068816545508,1.8,531801.0,294662.0,826463.0,15.39,17791.17,5029.97,2.358,6.47,1261.04,108.91,1757.099976,96.1,94.83,1185.8,59.53,-0.0060336394773727,-0.0041920214705761,-0.0031511549950318,-0.0074277977493117,-0.0014752373592248,0.0055814098381947,-0.0071972860690978,-0.2734529112205148,-0.2153744129731816,-0.2531306988636768,0.0,0.5746184987152824
1211,2015-06-16,2096.29,0.0056736790864055,15.989082036138733,1.58,456344.0,288588.0,744932.0,14.81,17904.48,5055.55,2.318,6.5,1269.53,108.89,1763.699951,96.1,94.96,1180.9,60.01,0.0063486940615096,0.005072629839832,0.0067099758981559,0.003749138188839,0.0013699354057763,-0.004140792666031,0.0080308278361229,-0.1530224481400868,-0.0208288713063371,-0.1038622101229211,0.0,0.5730877589277268
1212,2015-06-17,2100.44,0.0019777309251249,15.714025742884177,2.15,589702.0,274872.0,864574.0,14.5,17935.74,5064.88,2.306,6.47,1268.33,109.37,1762.099976,96.1,94.3,1176.8,59.89,0.0017444093773377,0.0018437956970558,-0.0009456787131139,-0.0009075813392431,-0.0069745606620008,-0.0034779693200084,-0.0020016687250503,0.256370413482502,-0.0486945306701915,0.1489439610259655,0.0,0.558200210450704
1213,2015-06-18,2121.24,0.0098539767618017,15.103591279254536,1.31,743906.0,569298.0,1313204.0,13.19,18115.84,5132.95,2.351,6.44,1284.68,109.93,1780.599976,96.1,94.01,1202.0,60.41,0.0099913234442183,0.0133500972224194,0.0128085855762059,0.0104441067063953,-0.0030800300489524,0.0211879458079256,0.0086451078742779,0.2322973582092498,0.7280984881010948,0.4179883315454074,0.0,0.561012776694843
1214,2015-06-19,2109.99,-0.0053176152134035,14.624578681101642,2.47,659634.0,266708.0,926342.0,13.96,18015.95,5117.0,2.267,6.39,1284.66,110.21,1774.900024,96.1,94.06,1201.9,59.62,-0.0055292170406353,-0.0031122128155018,-1.5568200394611154e-05,-0.0032062758447786,0.0005317169264422,-8.319813640955687e-05,-0.013163565900724,-0.1202295470162582,-0.7582495958760607,-0.3489817347032762,0.0,0.56726308658566
1215,2015-06-22,2122.85,0.0060763173508373,14.79249751171901,1.88,509817.0,271867.0,781684.0,12.74,18119.78,5153.97,2.36,6.37,1292.39,110.37,1796.099976,96.1,94.32,1184.1,60.01,0.0057466826181808,0.0071989616685073,0.005999125498711,0.0118735374209419,0.0027603797122139,-0.0149206456218324,0.0065201267514964,-0.2576332979523332,0.0191585491341008,-0.1697929301075422,0.0,0.512446757934303
1216,2015-06-23,2124.2,0.000635735414213,15.03136553595801,2.34,407139.0,174027.0,581166.0,12.11,18144.07,5160.09,2.409,6.4,1295.8,110.33,1796.0,96.1,95.4,1176.6,61.05,0.0013396263018172,0.0011867297103655,0.0026350476380052,-5.566437498583099e-05,0.0113853222251254,-0.006354068906555,0.0171819855552914,-0.2248971873180956,-0.4461025165323313,-0.2964141364774253,0.0,0.5219909952739992
1217,2015-06-24,2108.58,-0.0073805257559005,14.90249063468796,1.91,507046.0,265931.0,772977.0,13.26,17966.07,5122.41,2.371,6.41,1283.92,110.43,1785.699951,96.1,95.28,1172.9,60.01,-0.009858806514698,-0.007328989771377,-0.0092103670029555,-0.0057515020992857,-0.0012586534071967,-0.0031496089028966,-0.0171819855552914,0.2194470787802256,0.4240264170455212,0.2852128636112869,0.0,0.5220387827092169
1218,2015-06-25,2102.31,-0.0029779949767227,14.81726278458022,1.74,475257.0,273236.0,748493.0,14.01,17890.36,5112.19,2.393,6.43,1283.28,110.28,1781.5,96.1,95.21,1171.8,59.59,-0.0042229587560012,-0.0019971475967714,-0.0004985977043157,-0.002354761716969,-0.0007349467494446,-0.0009382864167708,-0.0070234402425342,-0.0647460189085045,0.0270990139755724,-0.0321874421618133,0.0,0.5220618343397581
1219,2015-06-26,2101.49,-0.0003901232267953,14.745279018176085,1.87,684202.0,366378.0,1050580.0,14.02,17946.68,5080.51,2.476,6.47,1279.79,109.93,1776.199951,96.1,95.4,1173.2,59.41,0.0031431193182456,-0.0062162335816129,-0.0027232983546463,-0.0029794828084703,0.0019936001566414,0.0011940299926074,-0.0030252123912379,0.3643974853111071,0.2933296967177377,0.3390358198192054,0.0,0.6102770237456212
1220,2015-06-29,2057.64,-0.0210869219492604,17.285398611630715,2.63,1161392.0,442152.0,1603544.0,18.85,17596.35,4958.47,2.331,6.6,1246.75,109.64,1737.599976,96.1,94.99,1179.0,58.34,-0.0197136454371928,-0.0243144248431264,-0.0261558365277068,-0.0219713863099588,-0.0043069555521499,0.0049315634340754,-0.0181745979280743,0.5291213690147671,0.1879881270341581,0.4228737871340442,0.0,0.6131278152024946
1221,2015-06-30,2063.11,0.0026548580781833,18.553186806590045,2.03,841998.0,413760.0,1255758.0,18.23,17619.51,4986.87,2.335,6.73,1253.95,109.92,1735.599976,96.1,95.53,1171.8,59.48,0.001315316640797,0.0057112330390562,0.0057584035634148,-0.0011516758313367,0.0056687113798261,-0.0061255934266828,0.0193521571523787,-0.3215969257332993,-0.0663676187798252,-0.24447680542713,0.0,0.6258069646621498
1222,2015-07-01,2077.42,0.0069121861093135,18.698479945959196,2.26,691104.0,305498.0,996602.0,16.09,17757.91,5013.12,2.418,6.67,1256.4,109.9,1747.199951,93.1,96.27,1169.3,56.94,0.007824239645247,0.0052500173086844,0.0019519196748447,0.0066613174095895,0.0077164095079576,-0.0021357489644158,-0.0436420397420622,-0.1974873199875908,-0.3033428636381163,-0.2311431606361758,-0.0317151316932253,0.6258660884721454
1223,2015-07-02,2076.78,-0.0003081219031644,18.807551967895385,2.33,679304.0,291305.0,970609.0,16.79,17730.11,5009.21,2.393,6.66,1248.26,109.97,1747.300049,93.1,96.07,1163.5,56.93,-0.0015667262184013,-0.0007802577241751,-0.006499907100161,5.728888254541431e-05,-0.0020796513682279,-0.0049725754039258,-0.0001756388869011,-0.0172215743605388,-0.0475724036920048,-0.0264277831254862,0.0,0.6282224555049052
1224,2015-07-07,2081.34,0.006062523086487,18.511321108609096,1.64,723504.0,439936.0,1163440.0,16.09,17776.91,4997.46,2.231,6.76,1248.05,109.43,1725.0,93.1,96.77,1152.6,52.33,0.0026360999656507,-0.0023484346741202,-0.0001682483349387,-0.0128447169227996,0.007259936471204,-0.0094124437397811,-0.084252622578874,0.0630373301418192,0.4122584335339425,0.1812127033264516,0.0,0.6894020303395282
1225,2015-07-08,2046.68,-0.016792948927196,20.710892674941636,3.11,787358.0,253229.0,1040587.0,19.66,17515.42,4909.76,2.206,6.8,1228.96,109.22,1706.900024,93.1,96.22,1163.5,51.61,-0.0148187883981023,-0.0177047225836819,-0.0154140499790198,-0.0105481766345949,-0.0056997926215434,0.0094124437397811,-0.0138543682234808,0.0845769622440393,-0.5523350441105617,-0.1115961568839072,0.0,0.6922257114972916
1226,2015-07-09,2051.31,0.002259645323714,21.608444945881235,2.29,742949.0,324976.0,1067925.0,19.97,17548.62,4922.4,2.301,6.78,1234.15,109.47,1717.5,93.1,96.27,1159.2,52.76,0.0018936785334116,0.0025711556694396,0.0042141907433608,0.0061908712656393,0.0005195075185673,-0.0037025917358741,0.0220378756884782,-0.0580556352644698,0.2494571157723779,0.0259325363496198,0.0,0.7348331650967743
1227,2015-07-10,2076.62,0.0122629585172262,21.208791237074657,1.9,807304.0,424485.0,1231789.0,16.83,17760.41,4997.7,2.417,6.75,1252.02,109.88,1743.300049,93.1,96.03,1157.9,52.74,0.0119965085415945,0.0151815901574998,0.0143757729796156,0.0149101517602767,-0.0024961011399931,-0.0011220923882451,-0.0003791469239731,0.0830728994604061,0.2671253359889061,0.1427500708567954,0.0,0.7655104612430366
1228,2015-07-13,2099.6,0.0110052784273655,21.065522425236978,2.12,785084.0,370682.0,1155766.0,13.9,17977.68,5071.51,2.43,6.72,1265.35,109.71,1758.699951,93.1,96.8,1155.4,52.19,0.0121591655768895,0.0146607970335406,0.0105905167613604,0.008794975024049,0.0079863516326499,-0.002161415271062,-0.0104832752698191,-0.0279095827491957,-0.1355321172447308,-0.0637042565950967,0.0,0.7615902851076362
1229,2015-07-14,2108.95,0.0044433429011476,20.98210441907008,1.52,514044.0,338021.0,852065.0,13.37,18053.58,5104.89,2.399,6.68,1273.33,109.35,1769.400024,93.1,96.61,1153.5,53.05,0.0042130146026266,0.0065603002468463,0.0062867523933283,0.0060656477323757,-0.0019647387531129,-0.0016458057333572,0.0163439594046703,-0.4234818535227944,-0.0922365284627719,-0.3048557915977543,0.0,0.7607598483172895
1230,2015-07-15,2107.4,-0.0007352331138648,20.92222604395551,1.58,546163.0,344618.0,890781.0,13.23,18050.17,5098.94,2.35,6.68,1264.52,109.35,1768.099976,93.1,97.16,1147.4,51.4,-0.0001889000455719,-0.0011662288913836,-0.0069429126148259,-0.0007350095030549,0.005676848604553,-0.0053022854460369,-0.0315966925988724,0.0606086010865247,0.0193285334738764,0.0444357910142869,0.0,0.7745124949237849
1231,2015-07-16,2124.29,0.007982668716294,21.37356060601962,1.25,763738.0,612200.0,1375938.0,12.11,18120.25,5163.18,2.352,6.68,1272.83,109.64,1781.900024,93.1,97.66,1143.9,50.9,0.0038749944120635,0.0125199937506312,0.0065501643143051,0.0077747140919877,0.0051329544995422,-0.0030550366361437,-0.0097752489046425,0.3353073324239517,0.5746224693069024,0.4347923533252071,0.0,0.7738950378322362
1232,2015-07-17,2126.64,0.0011056405254352,22.271986602727115,1.99,632086.0,316988.0,949074.0,11.95,18086.45,5210.14,2.349,6.73,1267.09,109.68,1780.800049,93.1,97.96,1131.9,50.88,-0.0018670582968702,0.0090540580641196,-0.0045198350907309,-0.0006174951651356,0.0030671734504528,-0.0105458398932531,-0.0003930045246103,-0.1891993375760119,-0.658195108240136,-0.3714041869510094,0.0,0.7556417677329721
1233,2015-07-20,2128.28,0.0007708723459964,23.16893427400068,1.69,526200.0,310797.0,836997.0,12.25,18100.41,5218.86,2.372,6.77,1260.22,109.53,1782.199951,93.1,98.05,1106.8,50.11,0.0007715508166512,0.001672260433807,-0.005436623858019,0.0007857996475078,0.0009183205583882,-0.0224246677256036,-0.0152493300602336,-0.1833440922325397,-0.0197239523339227,-0.125666286133935,0.0,0.7599381805249596
1234,2015-07-21,2119.21,-0.0042707640446302,23.41160774310656,1.83,484429.0,264525.0,748954.0,12.22,17919.29,5208.12,2.34,6.79,1254.57,109.6,1777.900024,93.1,97.31,1103.5,50.59,-0.0100568037227741,-0.0020600411237321,-0.0044934245058465,-0.0024156226629123,-0.0075757938084572,-0.0029860222159792,0.0095333393322118,-0.0827104908414781,-0.1612042011470276,-0.1111429198427274,0.0,0.7507123844763283
1235,2015-07-22,2114.15,-0.0023905372610331,23.45051963965719,2.04,580781.0,284726.0,865507.0,12.12,17851.04,5171.77,2.322,6.89,1258.35,109.67,1766.599976,93.1,97.45,1091.5,49.27,-0.0038160163924274,-0.0070039564189752,0.0030084545874933,-0.0063761242959845,0.0014376671196725,-0.0109340497067931,-0.0264385517479732,0.1814028717121498,0.0735915495248793,0.1446378959831378,0.0,0.7593661012234194
1236,2015-07-23,2102.15,-0.0056922099476963,23.42006182917954,1.68,565254.0,337052.0,902306.0,12.63,17731.92,5146.41,2.277,6.91,1244.97,109.38,1762.800049,93.1,97.2,1094.1,48.11,-0.0066953645785137,-0.0049156054778709,-0.01068990573747,-0.0021532999610949,-0.0025687144871771,0.0023792104927462,-0.0238253208445091,-0.0270985618290069,0.1687099068044464,0.0416382462573317,0.0,0.7524148621571447
1237,2015-07-24,2079.65,-0.0107610201940548,23.51001158449936,2.57,1015436.0,394892.0,1410328.0,13.74,17568.53,5088.63,2.271,7.01,1225.99,108.98,1745.5,93.1,97.24,1085.5,47.98,-0.009257171894994,-0.0112907450912445,-0.0153627523669035,-0.0098624342194284,0.0004114379815289,-0.0078913971643981,-0.0027057982998139,0.5857981682452298,0.158375088674612,0.4466238717814921,0.0,0.7576086615017698
1238,2015-07-27,2067.64,-0.0057917500692274,24.06818141805214,2.43,771627.0,317165.0,1088792.0,15.6,17440.59,5039.78,2.228,7.14,1214.61,108.55,1733.599976,93.1,96.53,1096.4,47.17,-0.0073089851763885,-0.0096462087904782,-0.009325643263276,-0.0068408901669654,-0.0073283085873985,0.0099913751102844,-0.0170261601153782,-0.2745720832497778,-0.2191901666006224,-0.2587534766612069,0.0,0.7836491254756283
1239,2015-07-28,2093.25,0.0123100218480303,23.98858719043196,1.9,577548.0,304107.0,881655.0,13.44,17630.27,5089.21,2.25,7.1,1224.6,108.74,1747.099976,93.1,96.65,1096.2,47.97,0.0108170629129862,0.0097601818929486,0.0081912224510904,0.0077570993652242,0.001242364793816,-0.000182431816615,0.0168177182178022,-0.2897097168182618,-0.0420425300313151,-0.2110232807491261,0.0,0.7895801597177131
1240,2015-07-29,2108.57,0.0072921105076044,24.1109569786733,1.75,460356.0,263240.0,723596.0,12.5,17751.39,5111.73,2.279,7.01,1229.6,109.3,1760.699951,93.1,97.17,1092.6,48.77,0.0068465116177041,0.0044152865491113,0.004074653180532,0.0077541726592089,0.005365816197008,-0.0032894766503988,0.0165395542079886,-0.2267914526147088,-0.144313449574307,-0.1975675974326769,0.0,0.783276592397298
1241,2015-07-30,2108.63,2.8454898986396412e-05,24.21280776522433,1.42,432168.0,305144.0,737312.0,12.13,17745.98,5128.78,2.268,6.93,1232.07,109.65,1759.800049,93.1,97.49,1088.7,48.53,-0.0003048113165515,0.0033299153566908,0.0020067684368054,-0.0005112353470249,0.0032877867898326,-0.0035758530744827,-0.0049332063048361,-0.0631857016750245,0.1477176327481917,0.0187779148734357,0.0,0.7838388532570321
1242,2015-07-31,2103.84,-0.0022742011525238,23.791033182182623,2.26,663875.0,294281.0,958156.0,12.12,17689.86,5128.28,2.205,6.99,1238.68,109.66,1765.599976,93.1,97.19,1095.1,47.11,-0.0031674173333424,-9.749382384249829e-05,0.0053506148091413,0.0032903682938805,-0.0030819831258011,0.0058613593945793,-0.029696870705175,0.429279477207249,-0.0362487031535856,0.2619994634991016,0.0,0.7629534417317985
1243,2015-08-03,2098.04,-0.0027606707871852,23.637486436762536,1.86,535950.0,288574.0,824524.0,12.56,17598.2,5115.38,2.15,7.04,1231.79,108.76,1761.199951,91.9,97.45,1089.4,45.25,-0.0051949699780085,-0.002518632367586,-0.0055779004513496,-0.0024951952897547,0.002671600438191,-0.0052185973321394,-0.0402826225660146,-0.2140530056050344,-0.019583540991201,-0.1502043538357789,-0.0129731549213794,0.7581223100218197
1244,2015-08-04,2093.32,-0.0022522532043254,23.04426336702049,2.12,376869.0,178053.0,554922.0,13.0,17550.69,5105.55,2.211,7.07,1228.85,108.92,1758.900024,91.9,97.94,1090.7,45.75,-0.0027033587082918,-0.0019235046186238,-0.002389623349229,-0.0013067397764885,0.0050156203206013,0.001192605985123,0.0109891215755948,-0.3521432261808197,-0.482870293409821,-0.3959786867974966,0.0,0.7514634454992206
1245,2015-08-05,2099.84,0.0031098289855844,22.36233427280371,2.1,448775.0,214053.0,662828.0,12.51,17540.47,5139.94,2.268,7.0,1231.75,108.81,1762.800049,91.9,97.9,1085.6,45.13,-0.0005824828981975,0.0067132229215882,0.0023571497543182,0.0022148544813482,-0.0004084967377071,-0.0046868624140374,-0.0136445778826201,0.1746240016004243,0.1841423891281959,0.1776879663520869,0.0,0.7632386058291943
1246,2015-08-06,2083.56,-0.0077831821886356,22.23449763685033,1.82,724607.0,397880.0,1122487.0,13.77,17419.75,5056.44,2.234,7.08,1215.85,108.42,1752.699951,91.9,97.78,1090.1,44.69,-0.0069061624790762,-0.0163787278726612,-0.0129925017700047,-0.0057460536422553,-0.0012264923859648,0.0041366056136533,-0.0097974508935498,0.4791077903595262,0.619926804374515,0.5267865085763521,0.0,0.7539284085186327
1247,2015-08-07,2077.57,-0.0028790276379213,22.310975137808143,2.06,866181.0,419724.0,1285905.0,13.39,17373.38,5043.54,2.175,7.17,1206.9,108.47,1747.300049,91.9,97.56,1094.1,43.87,-0.0026654703071482,-0.0025544618929291,-0.0073883320302154,-0.0030856607340039,-0.0022524838027804,0.0036626723484314,-0.0185190477672376,0.1784644547352769,0.0534469001230508,0.1359159913384893,0.0,0.7900248595551062
1248,2015-08-10,2104.18,0.0127269010229671,22.357764153012518,1.85,496603.0,268869.0,765472.0,12.23,17615.17,5101.8,2.238,7.19,1222.67,108.49,1766.599976,91.9,97.19,1104.1,44.94,0.0138213129184645,0.0114852021560647,0.0129819033620295,0.0109850143373542,-0.0037997478323399,0.009098415962347,0.0240975515790609,-0.5563029795167793,-0.4453730802705902,-0.5187253925676991,0.0,0.8093181553120424
1249,2015-08-11,2084.07,-0.0096031299685019,21.47622049017032,2.1,689019.0,328536.0,1017555.0,13.71,17402.84,5036.79,2.137,7.27,1211.14,108.52,1749.599976,91.9,97.2,1107.7,43.11,-0.0121270513197551,-0.0128244442262914,-0.0094749271783403,-0.0096696050804769,0.0001028859510139,0.0032552700777959,-0.0415732779981401,0.3274779326956718,0.2004221488246464,0.2846653328815591,0.0,0.709504275317586
1250,2015-08-12,2086.05,0.0009496130321391,20.791354052201896,1.91,860969.0,451786.0,1312755.0,13.61,17402.51,5044.39,2.13,7.37,1208.98,108.58,1742.400024,91.9,96.29,1123.6,43.22,-1.896260201483813e-05,0.0015077602899236,-0.0017850359267672,-0.004123689692336,-0.0094062402142007,0.0142520227072013,0.0025483623196969,0.2227896523029571,0.3185621954300082,0.2547252913991045,0.0,0.7089770954835376
1251,2015-08-13,2083.39,-0.0012759509003057,20.66269247268037,2.17,564548.0,260085.0,824633.0,13.49,17408.25,5033.56,2.189,7.31,1204.74,108.49,1741.400024,91.9,96.36,1115.6,42.27,0.0003297830930453,-0.0021492474499051,-0.0035132528720591,-0.0005740857762708,0.0007267064944782,-0.0071454394767549,-0.0222257365000415,-0.4220330881581144,-0.552200115726583,-0.4649448224336492,0.0,0.7013996572658254
1252,2015-08-14,2091.54,0.0039042620368308,20.42623430313975,2.26,570668.0,252936.0,823604.0,12.83,17477.4,5048.24,2.196,7.17,1212.69,108.55,1743.900024,91.9,96.59,1112.7,42.45,0.0039643859618774,0.002912180438976,0.0065772565575272,0.0014345969611415,0.0023840384445339,-0.0026028825896791,0.0042492981786579,0.0107821935037737,-0.0278720083650014,-0.0012486070069837,0.0,0.7071023759139585
1253,2015-08-17,2102.44,0.0051979382552369,19.913076682902705,1.51,482255.0,318562.0,800817.0,13.02,17545.18,5091.7,2.15,7.19,1225.09,108.62,1749.099976,91.9,96.82,1118.4,41.93,0.0038706505701711,0.0085720953225969,0.0101732781015968,0.0029773580540037,0.0023783683203433,0.005109598315891,-0.012325351574685,-0.1683345846810002,0.2306806262485672,-0.0280573753214952,0.0,0.7084368866190408
1254,2015-08-18,2096.92,-0.0026289735480116,19.74501472340381,1.57,501338.0,319422.0,820760.0,13.79,17511.34,5059.35,2.196,7.21,1214.88,108.23,1744.199951,91.9,97.0,1116.9,42.58,-0.001930597247572,-0.0063737464631135,-0.0083690042029154,-0.0028053864918993,0.0018573939918349,-0.0013421019327646,0.0153830982826619,0.0388075045105438,0.0026959940089437,0.0245982837386353,0.0,0.6537312570138099
1255,2015-08-19,2079.61,-0.0082892253214392,17.746250790436708,1.89,971127.0,514928.0,1486055.0,15.25,17348.73,5019.05,2.129,7.25,1202.98,107.94,1726.0,91.9,96.45,1127.9,40.75,-0.0093293662016833,-0.0079973437828222,-0.0098434947323502,-0.0104893770564027,-0.005686239151645,0.00980050609909,-0.0439288197784617,0.6611767284265877,0.4775139725074933,0.5936494964202801,0.0,0.76272890125954
1256,2015-08-20,2035.73,-0.0213258992051059,19.28162379566465,2.34,1359275.0,581975.0,1941250.0,19.14,16990.69,4877.49,2.084,7.31,1172.52,107.55,1697.300049,91.9,95.77,1153.2,41.0,-0.0208537578824703,-0.0286099294846522,-0.0256465329883219,-0.016767810606507,-0.0070752558182096,0.0221831901183762,0.0061162270174364,0.3362494956171744,0.122400406417622,0.2672071377570688,0.0,0.921819711657483
1257,2015-08-21,1970.89,-0.0323692595484992,29.782029449847855,3.42,2312576.0,676857.0,2989433.0,28.03,16459.75,4706.04,2.054,7.38,1156.79,107.09,1651.0,91.9,94.8,1159.6,40.45,-0.0317475401857478,-0.0357839532258239,-0.0135063509137687,-0.0276576171167377,-0.0101800742725517,0.0055344312832525,-0.013505423199807,0.531410585358655,0.151032533121505,0.4317516418323706,0.0,1.1201595805467115
1258,2015-08-24,1893.21,-0.0402114162811759,46.9882046202985,3.77,1978736.0,524873.0,2503609.0,40.74,15871.35,4526.25,1.997,7.65,1111.69,105.54,1589.5,91.9,93.42,1153.6,38.22,-0.0364024097152544,-0.0389530079588382,-0.0397675478638976,-0.0379616635692707,-0.0146639541870143,-0.0051876305168159,-0.056707704692374,-0.1559037977149344,-0.2543036960378337,-0.1773504464277273,0.0,1.1248709470240494
1259,2015-08-25,1867.61,-0.0136142625321884,61.34761753415776,2.39,1439911.0,602432.0,2042343.0,36.02,15666.44,4506.49,2.133,7.53,1104.1,106.36,1583.900024,91.9,93.96,1138.3,39.15,-0.0129947522307887,-0.0043752021028247,-0.0068508565214937,-0.0035293261300113,0.0057637047167498,-0.0133515661995131,0.0240414836246851,-0.3178769508920229,0.1378184673587128,-0.2036356126728371,0.0,1.3716931947309006
1260,2015-08-26,1940.51,0.0382912865586142,65.95725538151352,2.52,1447340.0,574290.0,2021630.0,30.32,16285.51,4697.54,2.172,7.56,1132.19,106.34,1616.5,91.9,95.28,1124.6,38.5,0.038754910548679,0.0415203874419827,0.0251232867566892,0.0203731429446412,0.0139507652563324,-0.0121085044730699,-0.0167421811430732,0.0051460828273413,-0.0478403007082803,-0.0101935614999195,0.0,1.445593525682548
1261,2015-08-27,1987.66,0.0240072423262516,66.94328504084595,2.2,1224279.0,557050.0,1781329.0,26.1,16654.77,4812.71,2.168,7.46,1153.61,107.88,1650.5,91.9,95.77,1122.6,42.47,0.0224209064826652,0.0242213675886286,0.0187423458072828,0.0208149541277604,0.0051295584864838,-0.0017799933500022,0.0981397030314412,-0.1673752896576914,-0.0304794927111498,-0.1265444017841002,0.0,1.4452400616403263
1262,2015-08-28,1988.87,0.0006085708078868,67.47722021398877,2.13,868791.0,408681.0,1277472.0,26.05,16643.01,4828.32,2.186,7.41,1162.91,107.95,1658.099976,91.9,96.15,1134.0,45.29,-0.0007063534259028,0.0032382460465001,0.0080293284446373,0.0045940817396807,0.0039599885012604,0.0101037817795983,0.0642883132429426,-0.3430047882641069,-0.3097201018828741,-0.3324765898812405,0.0,1.4485780851398837
1263,2015-08-31,1972.18,-0.0084271083533495,68.28454421640144,2.39,821145.0,343518.0,1164663.0,28.43,16528.03,4776.51,2.2,7.34,1159.45,108.01,1645.400024,91.9,95.93,1132.5,49.2,-0.0069325809803384,-0.0107884267630993,-0.0029797297232567,-0.0076888237119803,-0.0022907132049319,-0.0013236269305076,0.0828073659301398,-0.0564028822664539,-0.1736953885862444,-0.0924513502626549,0.0,1.5309775641305627
1264,2015-09-01,1913.85,-0.0300226098516125,72.1036324398825,2.53,1037798.0,409810.0,1447608.0,31.4,16058.35,4636.1,2.172,7.39,1128.05,107.63,1600.699951,87.2,95.38,1139.8,45.38,-0.02882876396278,-0.0298366587447915,-0.0274552764136837,-0.0275425273799045,-0.0057498459597784,0.0064252300437095,-0.0808221441465666,0.2341567320346502,0.176454125618255,0.2174807642960345,-0.0524966984467081,1.5808720222302837
1265,2015-09-02,1948.86,0.0181276661831093,73.41219102377207,2.48,725235.0,292644.0,1017879.0,26.09,16351.38,4749.98,2.193,7.36,1146.03,107.16,1615.699951,87.2,95.97,1133.6,46.3,0.0180833339366959,0.0242669119472598,0.0158133176257573,0.0093272660143286,0.0061667297594585,-0.005454399024428,0.0200704817404924,-0.3583606995138293,-0.3367367844339153,-0.3521914885276302,0.0,1.5811990627052754
1266,2015-09-03,1951.13,0.0011641056804494,74.55930074419008,1.73,690016.0,398871.0,1088887.0,25.61,16374.76,4733.5,2.168,7.31,1145.15,107.72,1622.900024,87.2,96.41,1124.5,46.75,0.0014288274741609,-0.003475520924562,-0.0007681631676881,0.0044464181548056,0.0045742880467525,-0.0080599169771007,0.0096722946425078,-0.0497809545361036,0.3096812031232545,0.0674350230918694,0.0,1.5918358864175042
1267,2015-09-04,1921.22,-0.0154482910026203,77.24717925581416,2.87,988928.0,345173.0,1334101.0,27.8,16102.38,4683.92,2.128,7.32,1136.17,107.64,1595.699951,87.2,96.22,1121.4,46.02,-0.0167740377731835,-0.0105295204164921,-0.0078726758025373,-0.0169022064013235,-0.0019726944049818,-0.0027605877097975,-0.0157381711274759,0.3599067424354505,-0.144592315720752,0.2031015831264166,0.0,1.6089059333748659
1268,2015-09-09,1942.04,-0.0139950385279501,78.6803555525554,1.95,613649.0,315279.0,928928.0,26.23,16253.57,4756.53,2.181,7.21,1148.22,107.96,1628.199951,87.2,95.95,1102.0,44.13,0.0093454898024436,0.0153830446327933,0.0105499601777365,0.0201625993364391,-0.0028100138175988,-0.0174511939767132,-0.0419362613257643,-0.477198424714933,-0.0905877795251406,-0.3619817026341927,0.0,1.5921956105281723
1269,2015-09-10,1952.29,0.0052640755505404,78.25386506845815,1.76,705566.0,401398.0,1106964.0,24.37,16330.4,4796.25,2.222,7.22,1153.03,107.8,1625.400024,87.2,95.5,1109.3,45.85,0.0047158245226182,0.0083159517759163,0.0041803428611988,-0.0017211259605929,-0.0047009749670241,0.0066024750317543,0.038235375421018,0.1395772141417861,0.2414954926908805,0.1753451787353519,0.0,1.58719056556254
1270,2015-09-11,1961.05,0.0044770015545703,77.22715413094028,1.95,834139.0,428075.0,1262214.0,23.2,16433.09,4822.34,2.183,7.23,1157.79,107.82,1627.0,87.2,95.18,1103.3,44.75,0.0062685834914368,0.005424924855987,0.0041197555260712,0.000983874134337,-0.0033564117937201,-0.005423496978353,-0.0242837539816092,0.1673997375475089,0.0643449600862471,0.1312461889785616,0.0,1.5868947028554716
1271,2015-09-14,1953.03,-0.004098031324804,76.26137623891742,1.61,458985.0,285581.0,744566.0,24.25,16370.96,4805.76,2.18,7.21,1153.5,107.89,1620.300049,87.2,95.28,1107.7,44.07,-0.0037879514443925,-0.0034440889456845,-0.0037122169234908,-0.0041264807107701,0.0010500893540799,0.0039801047566268,-0.0153121658669688,-0.5973825253500795,-0.4047727122332443,-0.527821102537585,0.0,1.6111848052310471
1272,2015-09-15,1978.09,0.0127497199112989,74.70542776440654,1.45,644680.0,443678.0,1088358.0,22.54,16599.85,4860.52,2.281,7.23,1165.99,107.76,1634.0,87.2,95.59,1102.6,44.58,0.0138846256528122,0.0113302295841961,0.0107697129305215,0.0084196489116807,0.0032482870286267,-0.0046147663673039,0.011506049103827,0.3397365398665286,0.4405733724621807,0.3796239191147776,0.0,1.6226972508182647
1273,2015-09-16,1995.31,0.0086676940705023,72.9531985771386,1.98,929029.0,469562.0,1398591.0,21.35,16739.95,4889.24,2.303,7.3,1175.2,108.2,1653.800049,87.2,95.33,1119.0,47.12,0.0084044190219501,0.0058914441115334,0.0078678343153377,0.0120447034968513,-0.0027236555701843,0.0147644021563415,0.0554122113856085,0.3653858850337794,0.0567012712038632,0.2507951628322349,0.0,1.6227538598339823
1274,2015-09-17,1990.2,-0.0025642905425424,70.71942109241955,1.48,742649.0,502115.0,1244764.0,21.14,16674.74,4893.95,2.217,7.31,1180.69,108.83,1652.900024,87.2,94.54,1117.0,46.93,-0.0039030787228142,0.0009628761914868,0.0046606674655693,-0.0005443644735576,-0.0083215311403961,-0.0017889092427241,-0.004040409537005,-0.2239164307429817,0.0670288318135767,-0.1165193475451822,0.0,1.6416875719380746
1275,2015-09-18,1958.03,-0.0162962704510878,69.3511432286323,1.83,835855.0,456010.0,1291865.0,22.28,16384.58,4827.23,2.13,7.34,1163.37,109.11,1630.699951,87.2,95.15,1137.8,44.71,-0.0175543508550859,-0.0137269441902994,-0.0147780476689334,-0.0135219950244565,0.0064315683770681,0.0184500532473457,-0.0484599395604372,0.1182316291199914,-0.0963144380229188,0.0371409570216432,0.0,1.642718353688942
1276,2015-09-21,1966.97,0.0045554218905152,67.81925417780158,1.99,638901.0,320579.0,959480.0,20.14,16510.19,4828.95,2.214,7.37,1161.09,108.5,1628.900024,87.2,95.93,1132.8,46.67,0.0076371174215381,0.0003562485409744,-0.0019617465830386,-0.0011043853213568,0.008164165087698,-0.0044041293770913,0.0429043697158353,-0.2687056402680632,-0.3523860032518087,-0.2974507186782578,0.0,1.653885491113106
1277,2015-09-22,1942.74,-0.012394939887069,65.0307638780805,1.65,687226.0,416893.0,1104119.0,22.44,16330.47,4756.72,2.125,7.51,1143.03,107.63,1600.800049,87.2,96.32,1124.8,46.17,-0.0109450780905273,-0.015070697635874,-0.0156765879037328,-0.0174014202182108,0.0040572227306538,-0.0070872018830545,-0.0107713234428268,0.0729136918485906,0.2627008583018373,0.1404115398423755,0.0,1.6297685088859755
1278,2015-09-23,1938.76,-0.0020507542933687,62.96852745064278,1.51,599624.0,396198.0,995822.0,22.13,16279.89,4752.74,2.144,7.52,1140.05,107.41,1596.699951,87.2,96.2,1131.5,44.53,-0.0031020841573425,-0.0008370612489869,-0.0026105100936746,-0.0025645662218574,-0.0012466238888499,0.005938944017191,-0.0361671171852866,-0.1363604125339819,-0.0509155078523893,-0.1032344841294481,0.0,1.624561768169657
1279,2015-09-24,1932.24,-0.0033686417802165,60.47170188003587,1.57,631425.0,402826.0,1034251.0,23.47,16201.32,4734.48,2.12,7.66,1137.54,107.05,1587.400024,87.2,96.3,1153.8,44.94,-0.0048378833944262,-0.0038493937207721,-0.0022040850338553,-0.0058414958815227,0.0010389611324193,0.0195166567491975,0.0091651474235723,0.0516763777799855,0.0165906206279924,0.0378642454715123,0.0,1.6237633634261386
1280,2015-09-25,1931.34,-0.0004658891578683,57.59648430854771,2.08,783200.0,377298.0,1160498.0,23.62,16314.67,4686.5,2.168,7.71,1122.79,106.8,1594.699951,87.2,96.25,1145.6,45.55,0.0069719826551679,-0.010185864917183,-0.0130513768996003,0.0045881272513055,-0.000519345636186,-0.0071323256164079,0.013482356948784,0.2154089213244638,-0.065469380789537,0.1151717300926495,0.0,1.6779039334188228
1281,2015-09-28,1881.77,-0.0260012392393953,55.32978375673395,2.04,896283.0,439711.0,1335994.0,27.63,16001.89,4543.97,2.095,7.98,1090.57,105.88,1560.0,87.2,96.01,1131.7,44.4,-0.0193578627919794,-0.0308849559200226,-0.0291161638226613,-0.0219997787835604,-0.0024966204583609,-0.0122075902344853,-0.0255711542677881,0.1348681201033681,0.1530823667963403,0.1408263607506228,0.0,1.6746703327347277
1282,2015-09-29,1884.09,0.0012321224333904,50.87199135550996,1.87,679901.0,362800.0,1042701.0,26.83,16049.13,4517.32,2.054,8.06,1083.91,105.64,1550.400024,87.2,95.89,1126.8,45.24,0.0029478022357984,-0.0058821816410077,-0.006125621597242,-0.0061728436272048,-0.0012506515439429,-0.0043391699696782,0.0187421818097406,-0.2763090119838072,-0.1922659746899473,-0.2478611222248297,0.0,1.7176594253601005
1283,2015-09-30,1920.03,0.0188958652037971,44.02857010782343,1.52,600729.0,393959.0,994688.0,24.5,16284.7,4620.16,2.06,8.09,1100.69,106.4,1581.900024,87.2,96.28,1115.2,45.06,0.0145713741985318,0.0225104388852308,0.0153623821379316,0.020113693759785,0.004058911749281,-0.010347995995958,-0.0039867162438214,-0.1238032816348884,0.082395124728535,-0.0471406206969895,0.0,1.719943444204757
1284,2015-10-01,1923.82,0.001971981855787,37.14291287875654,1.58,562686.0,356365.0,919051.0,22.55,16272.01,4627.08,2.042,8.14,1097.55,105.63,1588.0,90.0,96.1,1113.7,44.75,-0.0007795628392823,0.0014966630674102,-0.0028568328622808,0.0038486914309174,-0.0018712969386243,-0.0013459556072055,-0.0069034902832338,-0.0654221716139051,-0.1002913564600866,-0.0790875042274574,0.0316053394153312,1.744111037584223
1285,2015-10-02,1951.36,0.0142137726042896,33.18364976831995,1.97,797636.0,403973.0,1201609.0,20.94,16472.37,4707.78,1.989,8.23,1114.12,106.83,1607.099976,90.0,95.92,1136.6,45.54,0.0122379779749604,0.0172904597382217,0.0149844326158925,0.0119559348142121,-0.0018748052569881,0.0203535444639664,0.0174996159147289,0.3489306069482065,0.1253925575352159,0.2680751550758717,0.0,1.7434130388383535
1286,2015-10-05,1987.05,0.0181245614385447,33.7566276096813,1.52,738076.0,484312.0,1222388.0,19.54,16776.43,4781.26,2.056,8.07,1141.64,107.36,1637.5,90.0,96.08,1137.6,46.28,0.0182904932925769,0.0154876507595549,0.0244009694771465,0.0187393908881139,0.0016666670524694,0.0008794301859555,0.0161188416898823,-0.0776055527071744,0.181381283087715,0.0171448306150079,0.0,1.6424891898272627
1287,2015-10-06,1979.92,-0.0035946869664682,32.88584788190804,1.77,624544.0,353493.0,978037.0,19.4,16790.19,4748.36,2.035,7.96,1133.69,107.7,1641.0,90.0,95.46,1146.4,48.53,0.0008198621589414,-0.0069048148221817,-0.006988025782201,0.0021351235806843,-0.0064738661939776,0.0077058174649859,0.0474722610916491,-0.1670250168793092,-0.3148656439719932,-0.2230140999801122,0.0,1.4660245596511912
1288,2015-10-07,1995.83,0.0080035640716165,30.350419878051277,1.65,714718.0,431899.0,1146617.0,18.4,16912.29,4791.15,2.062,7.78,1152.6,108.04,1653.5,90.0,95.57,1148.7,47.86,0.0072457892832744,0.0089711708430879,0.0165424606935786,0.0075884413317561,0.0011516517003382,0.0020042706373963,-0.0139020809368979,0.1348662758524668,0.2003280814528327,0.1590236451777364,0.0,1.441709719152605
1289,2015-10-08,2013.43,0.0087797314496569,32.25938712341848,1.36,671585.0,492709.0,1164294.0,17.42,17050.75,4810.79,2.108,7.76,1163.24,108.09,1663.599976,90.0,95.3,1144.3,49.46,0.0081536144634899,0.0040908456811106,0.0091889550808996,0.006089661020364,-0.0028291526179318,-0.0038377718276896,0.0328841796130432,-0.0622474690703462,0.1317269714636122,0.0152990269109203,0.0,1.267038045156601
1290,2015-10-09,2014.89,0.0007248679667588,33.58285464979327,1.21,725735.0,599142.0,1324877.0,17.08,17084.49,4830.47,2.099,7.63,1165.36,108.54,1673.800049,90.0,94.89,1155.9,49.67,0.0019768433435789,0.0040824596231221,0.0018208370572265,0.0061126054312659,-0.0043114846744893,0.0100861649765526,0.0042368670259889,0.0775443441860357,0.1955798957135517,0.1292047302039662,0.0,1.1905587747395219
1291,2015-10-12,2017.46,0.0012746911096437,34.94556619127997,1.96,418624.0,214090.0,632714.0,16.17,17131.86,4838.64,2.09,7.64,1164.4,108.68,1674.400024,90.0,94.88,1164.5,47.09,0.0027688535021237,0.0016899180884983,-0.0008241192692235,0.000358386591805,-0.0001053907362518,0.007412549024174,-0.0533404648637958,-0.5502117920781995,-1.0291021444317323,-0.7390564006240758,0.0,1.1981770310922657
1292,2015-10-13,2003.69,-0.0068488138094222,35.900441069126884,1.53,582410.0,380149.0,962559.0,17.67,17081.89,4796.61,2.055,7.71,1147.84,107.92,1661.099976,90.0,94.76,1165.4,46.7,-0.0029210499013334,-0.0087242711055992,-0.0143240175275503,-0.0079748874165082,-0.001265555958831,0.0007725653845778,-0.0083164995806117,0.3302015247259895,0.5741667937717789,0.4195768596859697,0.0,1.1908215994267715
1293,2015-10-14,1994.24,-0.0047274552579459,35.54153844517388,1.74,703043.0,404598.0,1107641.0,18.03,16924.75,4782.85,1.981,7.69,1136.97,108.41,1653.0,90.0,93.91,1179.8,46.63,-0.0092417903357322,-0.0028728152658956,-0.0095150861657522,-0.0048882002277501,-0.0090105024740623,0.0122805568600012,-0.0015000538546221,0.1882433893049242,0.0623307004372843,0.1403924446007831,0.0,1.0753239775399175
1294,2015-10-15,2023.86,0.0147435536923099,37.32332066409107,1.73,726176.0,419233.0,1145409.0,16.05,17141.75,4870.1,2.023,7.68,1162.77,108.95,1675.800049,90.0,94.44,1187.5,46.38,0.0127399606673037,0.0180778676286514,0.0224382603801327,0.0136988735979279,0.0056278354007899,0.0065053243398214,-0.0053757789928439,0.0323743533175502,0.0355328697148191,0.0335292498605799,0.0,1.031574908941359
1295,2015-10-16,2033.11,0.0045600613407668,39.40451747970435,2.11,600970.0,284694.0,885664.0,15.05,17215.97,4886.69,2.023,7.62,1162.31,109.54,1683.599976,90.0,94.73,1183.1,47.3,0.0043204331049953,0.0034007119120929,-0.0003956853149151,0.0046436512222962,0.0030660276701306,-0.003712144649179,0.0196419636705016,-0.1892473932032139,-0.3870119320361951,-0.2571794112733059,0.0,1.0317933169122817
1296,2015-10-19,2033.66,0.0002704849319501,40.40755737458888,1.55,516859.0,333994.0,850853.0,14.98,17230.54,4905.47,2.028,7.6,1164.3,109.55,1679.900024,90.0,94.92,1172.8,45.91,0.0008459493207801,0.0038357263413821,0.001710643799587,-0.0022000615385149,0.0020036916801204,-0.0087440601272303,-0.0298273372367563,-0.1507749064451431,0.1597081094971688,-0.0400982704754984,0.0,0.9840159186623532
1297,2015-10-20,2030.77,-0.0014220938665685,41.95292909770684,1.72,530750.0,309093.0,839843.0,15.75,17217.11,4880.97,2.071,7.55,1163.27,108.95,1677.5,90.0,94.86,1177.5,45.84,-0.0007797339255617,-0.0050069384134374,-0.0008850432573312,-0.0014296922568961,-0.0006323111181272,0.0039994947581858,-0.0015258858546465,0.02652099054451,-0.0774808262546038,-0.0130244060905244,0.0,0.9788267992014436
1298,2015-10-21,2018.94,-0.0058424102714402,42.46635815348088,1.98,654047.0,331005.0,985052.0,16.7,17168.61,4840.12,2.03,7.52,1144.95,108.57,1672.900024,90.0,95.05,1167.1,45.22,-0.0028209403300198,-0.0084044567950023,-0.0158740368730496,-0.0027459281622572,0.0020009484850023,-0.0088715074722651,-0.0136176055566603,0.2088881137350604,0.0684912785142692,0.1594794620502355,0.0,1.015800193133181
1299,2015-10-22,2052.51,0.0164908132326635,44.61962862348621,1.25,703100.0,563859.0,1266959.0,14.45,17489.16,4920.05,2.025,7.54,1154.52,109.03,1689.300049,90.0,96.4,1166.1,44.9,0.0184985439549034,0.0163791792445842,0.0083237052485838,0.009755609251199,0.0141031326820613,-0.0008571918920203,-0.0071016721016152,0.0723199148866893,0.5326707392396965,0.2516803882354388,0.0,1.0288870798809773
1300,2015-10-23,2075.15,0.0109700057867891,47.95660906226226,1.1,940953.0,858823.0,1799776.0,14.46,17646.7,5031.86,2.083,7.47,1166.06,109.25,1706.599976,90.0,97.04,1162.8,43.91,0.0089675366270238,0.0224710040173121,0.0099458714013342,0.0101888021046558,0.0066170630192949,-0.0028339578415668,-0.0222957101745824,0.291394062267841,0.4207586269588166,0.3510426718037021,0.0,1.0252510569099842
1301,2015-10-26,2071.18,-0.0019149470559138,50.39183730643702,1.43,362508.0,252878.0,615386.0,15.29,17623.05,5034.7,2.058,7.49,1159.5,109.31,1705.0,90.0,96.82,1166.2,43.19,-0.0013410927803345,0.0005642444043143,-0.0056416668669214,-0.0009379623218173,-0.0022696801242467,0.0029197101033355,-0.0165330976010165,-0.953846648456226,-1.2226556882151716,-1.0731677784980551,0.0,1.0075857940363737
1302,2015-10-27,2065.89,-0.0025573668722573,52.501304180768656,1.88,516973.0,274749.0,791722.0,15.43,17581.43,5030.15,2.028,7.52,1145.29,109.01,1696.199951,90.0,96.91,1165.8,43.21,-0.002364472896092,-0.0009041367352633,-0.0123309976668011,-0.0051746846781206,0.0009291282349108,-0.000343053176607,0.0004629629712322,0.3549441057565854,0.0829507946181831,0.251960606897045,0.0,1.0168998903472048
1303,2015-10-28,2090.35,0.0117703897726206,55.74904740790153,1.24,590787.0,475526.0,1066313.0,14.33,17779.52,5095.69,2.092,7.51,1178.72,108.56,1714.099976,90.0,97.62,1176.1,45.93,0.0112040017124215,0.0129452796538345,0.0287712239057187,0.0104977214719976,0.0072996777125426,0.0087963332455416,0.0610465483938602,0.1334648975795271,0.5485636061708732,0.2977518625457591,0.0,1.0146473138677903
1304,2015-10-29,2089.41,-0.0004497865982004,58.5841508017678,1.19,802555.0,672738.0,1475293.0,14.61,17755.8,5074.27,2.173,7.49,1165.63,108.72,1706.599976,90.0,97.22,1147.3,46.02,-0.0013350099857216,-0.0042124121773881,-0.0111673905672873,-0.0043850744720597,-0.0041059388416924,-0.0247925240518931,0.0019575862695178,0.3063448421284018,0.3469343924371504,0.3246497104738868,0.0,0.9658210461970848
1305,2015-10-30,2079.36,-0.0048215754142582,60.17578502172041,1.95,788904.0,404369.0,1193273.0,15.07,17663.54,5053.75,2.151,7.46,1161.86,108.5,1705.800049,90.0,96.92,1141.4,46.6,-0.005209595021272,-0.0040521302441707,-0.0032395441416008,-0.0004688354289017,-0.0030905556689839,-0.0051557767024892,0.01252445652438,-0.017155748041933,-0.5090281247801354,-0.2121566623253095,0.0,0.981471715809221
1306,2015-11-02,2104.05,0.0118039047931093,62.87236541856111,1.54,485346.0,315874.0,801220.0,14.15,17828.76,5127.15,2.187,7.47,1186.09,108.14,1715.199951,91.3,96.91,1135.9,46.12,0.009310255658228,0.0144194072761116,0.0206400137817457,0.0054954256978527,-0.0001031832018663,-0.0048302908652324,-0.0103538457307417,-0.4857826017902606,-0.2469844275384787,-0.398319664753016,0.014341117270658,0.94186673677988
1307,2015-11-03,2109.79,0.0027243576169233,64.74860822622406,1.21,698795.0,577052.0,1275847.0,14.54,17918.15,5145.13,2.22,7.43,1191.58,108.74,1717.400024,91.3,97.18,1114.1,47.88,0.0050012818632207,0.0035006869676035,0.0046179745351535,0.001281869904611,0.0027822162312984,-0.0193783841721053,0.0374511852889138,0.3644953844621845,0.6025889838704881,0.4652299847230576,0.0,0.9449130886333618
1308,2015-11-04,2102.31,-0.0035516762958982,65.57464361358794,1.53,515845.0,337604.0,853449.0,15.51,17867.58,5142.48,2.23,7.43,1190.38,108.72,1713.900024,91.3,97.89,1106.2,46.32,-0.0028262681052968,-0.0005151828381144,-0.0010075736800958,-0.0020400438113199,0.0072794702955816,-0.0071161855046923,-0.0331240474250322,-0.3035510903519629,-0.5360587727717316,-0.4020797642644762,0.0,0.9408082476055422
1309,2015-11-05,2099.93,-0.0011327293322027,65.53702378109246,2.17,624796.0,287551.0,912347.0,15.05,17863.43,5127.74,2.245,7.51,1190.69,108.85,1710.800049,91.3,97.99,1104.2,45.27,-0.0002322912237104,-0.0028704370735468,0.000260387138347,-0.0018103634073529,0.0010210333743883,-0.0018096277106334,-0.0229292718168725,0.1916188636970552,-0.1604733751830682,0.0667346136705262,0.0,0.9406683872999682
1310,2015-11-06,2099.2,-0.000347691072843,64.93063476973444,1.85,880196.0,476336.0,1356532.0,14.33,17910.33,5147.12,2.333,7.62,1199.75,108.19,1704.400024,91.3,99.15,1087.7,44.32,0.0026220350821404,0.0037723186461064,0.0075802307375889,-0.0037479692873656,0.0117684223180782,-0.0150557157501403,-0.0212085190088391,0.3427194134886147,0.5047232517568148,0.396666321777003,0.0,0.8106937040281808
1311,2015-11-09,2078.58,-0.0098713515026069,59.70247579910812,2.53,830990.0,328662.0,1159652.0,16.52,17730.48,5095.3,2.342,7.73,1184.43,107.67,1691.599976,91.3,98.99,1088.1,43.87,-0.0100924488858158,-0.0101187887536156,-0.0128515555510508,-0.0075383442963765,-0.0016150200340891,0.0003676808571624,-0.0102053272609059,-0.0575268488562432,-0.371093620515829,-0.1568114828509728,0.0,0.8104590677945763
1312,2015-11-10,2081.72,0.0015095068126029,53.45724121021748,1.41,350817.0,248633.0,599450.0,15.29,17758.21,5083.24,2.322,7.78,1187.7,107.81,1690.5,91.3,99.2,1088.5,44.23,0.001562751718561,-0.0023696926363729,0.0027570175928905,-0.0006504692626414,0.0021191793591111,0.0003675457176353,0.0081725767021128,-0.8623530411035052,-0.2790519534209394,-0.6598626709377449,0.0,0.7622072331855726
1313,2015-11-11,2075.0,-0.0032333213949673,48.95768212989098,2.15,384772.0,178899.0,563671.0,16.06,17702.22,5067.02,2.338,7.78,1178.07,107.84,1691.900024,91.3,98.85,1084.9,42.95,-0.0031578887525558,-0.0031959799662892,-0.0081411575837,0.0008278288020457,-0.0035344646742014,-0.0033127848461971,-0.0293666434499706,0.0923862310860865,-0.3291565128456959,-0.0615418201940212,0.0,0.8203722901374784
1314,2015-11-12,2045.97,-0.014089149017324,43.455793244893016,2.2,821698.0,373976.0,1195674.0,18.37,17448.07,5005.08,2.319,7.9,1154.81,108.04,1671.5,91.3,98.56,1081.0,41.74,-0.0144610146312817,-0.012299476939301,-0.0199416779370684,-0.0121307450898324,-0.0029380498314157,-0.0036012781891967,-0.0285767467812099,0.7587219798845624,0.737370223448357,0.7519945741447138,0.0,0.8215211526067834
1315,2015-11-13,2023.04,-0.0112706740602757,39.817875597745946,2.15,1222187.0,567649.0,1789836.0,20.08,17245.24,4927.88,2.28,7.98,1146.55,107.88,1654.300049,91.3,98.8,1080.9,40.69,-0.0116928774430409,-0.0155445213700389,-0.0071783949224295,-0.0103434386274052,0.0024321049686122,-9.251121705045053e-05,-0.0254775396354562,0.3970242248913749,0.4173116457276045,0.4034139524213334,0.0,0.7993057878870867
1316,2015-11-16,2053.19,0.0147933506409563,38.0212757453173,1.8,745756.0,415416.0,1161172.0,18.16,17483.01,4984.62,2.273,7.99,1156.08,107.94,1667.5,91.3,99.39,1083.6,41.68,0.0136933888301857,0.0114482965368036,0.0082775386530782,0.0079475105570301,0.0059539002260917,0.0024948037887826,0.0240390354315129,-0.4939986868930397,-0.3122228421678805,-0.4326941556525021,0.0,0.7957819798972583
1317,2015-11-17,2050.44,-0.0013402769799721,35.51630359786121,1.88,596520.0,317771.0,914291.0,18.84,17489.5,4986.01,2.261,7.9,1153.21,108.19,1676.099976,91.3,99.67,1068.6,40.73,0.000371148657873,0.0002788188928892,-0.0024856137407054,0.0051441530244797,0.0028132239994507,-0.0139394506872694,-0.0230564757847901,-0.2232856990595966,-0.2679494302133154,-0.2390362173474489,0.0,0.8328308031322192
1318,2015-11-18,2083.58,0.016033163805428,34.12690720521489,2.21,923117.0,418173.0,1341290.0,16.85,17737.16,5075.2,2.269,7.92,1171.75,108.45,1691.599976,91.3,99.55,1068.7,40.75,0.0140611730165378,0.0177299423032586,0.015948999553446,0.0092051605963234,-0.0012046984691593,9.357600718029602e-05,0.0004909180265504,0.4366432171382097,0.27456422492107,0.3832382149008495,0.0,0.8222898044427758
1319,2015-11-19,2081.24,-0.001123698141205,33.36808325834513,1.48,577087.0,389774.0,966861.0,16.99,17732.75,5073.64,2.248,7.99,1166.73,108.65,1700.599976,91.3,99.0,1077.9,40.55,-0.0002486614723693,-0.0003074242991871,-0.0042933937525502,0.0053063034284441,-0.0055401803756156,0.0085717472567319,-0.0049200591254496,-0.4697629519948236,-0.0703281385233456,-0.3273323748420971,0.0,0.8236845008388618
1320,2015-11-20,2089.17,0.0038029879831693,32.69931478230664,2.11,682116.0,323574.0,1005690.0,15.47,17823.81,5104.92,2.262,8.04,1175.15,108.99,1702.800049,91.3,99.61,1076.3,39.39,0.0051219915018947,0.0061462718638178,0.007190834954672,0.0012928678911041,0.006142711022484,-0.0014854705173306,-0.0290238035786072,0.1672066963187148,-0.1861392481265049,0.0393744104934512,0.0,0.8249216436326364
1321,2015-11-23,2086.59,-0.0012357033585725,31.88582118488796,2.68,550844.0,205706.0,756550.0,15.62,17792.68,5102.48,2.25,8.07,1180.36,108.88,1697.300049,91.3,99.76,1066.8,39.27,-0.0017480671412091,-0.0004780845360183,0.0044236776716477,-0.0032352016932639,0.001504740214707,-0.0088657199623929,-0.0030511083928961,-0.2137480838873493,-0.4529798709243273,-0.2846605271803621,0.0,0.8110386585674704
1322,2015-11-24,2089.14,0.0012213434858008,30.05860444623645,2.44,596111.0,243825.0,839936.0,15.93,17812.19,5102.81,2.243,8.11,1188.81,108.77,1695.5,91.3,99.61,1073.8,40.89,0.0010959176063654,6.467234152296442e-05,0.0071333300954066,-0.0010610994711726,-0.001504740214707,0.0065402456806094,0.0404246657866322,0.0789752438659388,0.1700027899322957,0.1045570735609473,0.0,0.8033494756795461
1323,2015-11-25,2088.87,-0.0001292481350576,26.960515957239316,2.28,524840.0,230078.0,754918.0,15.19,17813.39,5116.14,2.232,8.07,1198.02,108.67,1697.800049,91.3,99.76,1070.0,41.22,6.736732429146741e-05,0.0026088800827128,0.0077173872548694,0.0013556415990523,0.001504740214707,-0.0035451105325172,0.0080380410857623,-0.1273334370977572,-0.0580323729918301,-0.1067165643794396,0.0,0.7690352689236931
1324,2015-11-30,2080.41,-0.0046517064975164,24.65417006745501,2.62,689134.0,262634.0,951768.0,16.13,17719.92,5108.67,2.218,8.13,1198.11,108.39,1694.400024,91.3,100.2,1065.3,40.43,-0.0052609911988881,-0.0014611521053229,7.512113286178845e-05,-0.0020046141532983,0.0044008872789831,-0.0044021988387994,-0.0193514918096338,0.2723422826269566,0.132343046107259,0.2317121735342304,0.0,0.7868458449316668
1325,2015-12-01,2102.63,0.0106239524337308,23.97044395581996,2.18,561897.0,257973.0,819870.0,14.67,17888.35,5156.31,2.155,8.08,1204.16,108.28,1710.099976,92.6,99.84,1063.5,40.58,0.0094602324768402,0.0092821110309255,0.0050369132453491,0.0092231242732934,-0.0035992840296463,-0.0016910939768601,0.0037032507449894,-0.2041171777888681,-0.0179064996909961,-0.1491755165086381,0.0141383540512105,0.8174831611220825
1326,2015-12-02,2079.51,-0.0110566530693407,22.37808344879838,1.78,696404.0,391935.0,1088339.0,15.91,17729.68,5123.22,2.178,8.04,1191.69,107.93,1696.199951,92.6,100.02,1053.8,39.93,-0.0089095915530155,-0.0064380597740303,-0.0104097607171871,-0.0081614082452441,0.00180126136964,-0.0091626768651069,-0.0161474133225389,0.2146113926273223,0.4182410814323738,0.2832621686623184,0.0,0.8624523116278093
1327,2015-12-03,2049.62,-0.0144778789232624,20.18376741634807,2.06,929023.0,450050.0,1379073.0,18.11,17477.67,5037.53,2.33,8.13,1170.57,107.18,1678.199951,92.6,97.92,1061.2,41.08,-0.0143160052695954,-0.016867265032701,-0.0178816580423015,-0.0106686648014786,-0.0212193472267419,0.0069976644883995,0.0283934639852274,0.2882035446085336,0.1382626779882088,0.2367588535359992,0.0,0.9290690086321214
1328,2015-12-04,2091.69,0.0203179415517178,19.676414365672212,1.66,815896.0,492348.0,1308244.0,14.81,17847.63,5142.27,2.275,8.15,1183.4,107.34,1694.800049,92.6,98.25,1084.1,40.0,0.0209466601529868,0.0205787336265643,0.0109008415970102,0.009843007426352,0.0033644319853545,0.021349806403661,-0.0266419309464209,-0.1298466004503105,0.0898270958315574,-0.0527257543405781,0.0,0.8934069968562748
1329,2015-12-07,2077.07,-0.0070141048844778,19.66241412406378,2.03,477851.0,234893.0,712744.0,15.84,17730.51,5101.81,2.225,8.26,1164.3,107.08,1686.599976,92.6,98.75,1075.2,37.64,-0.006583841823442,-0.0078992374883597,-0.0162716031996232,-0.0048501147536406,0.0050761530318608,-0.0082434588983604,-0.0608121393967575,-0.5349879274442326,-0.740055692228669,-0.6073187493039836,0.0,0.8789044443277163
1330,2015-12-08,2063.59,-0.006511062305277,19.831927425065928,1.38,388801.0,282197.0,670998.0,17.6,17568.0,5098.24,2.238,8.41,1159.4,106.91,1670.699951,92.6,98.4,1075.3,37.46,-0.0092078191507116,-0.0006999965972287,-0.0042174181373377,-0.009471982976021,-0.0035505997230238,9.300162759551256e-05,-0.0047936177012362,-0.2062313238174784,0.183475317297896,-0.0603561533171266,0.0,0.8893112054243416
1331,2015-12-09,2047.62,-0.0077690413899373,20.54924026316033,1.7,672858.0,396764.0,1069622.0,19.61,17492.3,5022.87,2.208,8.43,1145.87,107.09,1664.400024,92.6,97.39,1076.5,37.16,-0.0043182812260553,-0.014893898645683,-0.0117384561109048,-0.003777958406312,-0.0103172680850995,0.0011153454079373,-0.0080407830703048,0.5484666672402518,0.3407362368845525,0.4662944376716957,0.0,0.8895193583619725
1332,2015-12-10,2052.23,0.0022488637110527,21.024398262248944,1.98,668619.0,337794.0,1006413.0,19.34,17574.75,5045.17,2.239,8.46,1149.02,106.93,1663.900024,92.6,97.93,1072.0,36.76,0.0047024287434247,0.0044298664819368,0.0027452313429208,-0.0003004536829909,0.0055294017595954,-0.0041889751736707,-0.0108226164581513,-0.0063199206684707,-0.16090540326182,-0.0609127908211633,0.0,0.9261805036283204
1333,2015-12-11,2012.37,-0.0196138748465033,24.08604731775504,2.11,1154944.0,547025.0,1701969.0,24.39,17265.21,4933.47,2.139,8.75,1123.61,105.29,1637.800049,92.6,97.63,1075.7,35.65,-0.0177697187402774,-0.022388755546336,-0.0223626889827643,-0.0158103510911349,-0.0030681144951234,0.0034455498072123,-0.0306611506271812,0.546592745760762,0.4820582629901029,0.5253932919095643,0.0,0.932537116205711
1334,2015-12-14,2021.94,0.0047443146166452,25.98369864728956,2.59,972931.0,375229.0,1348160.0,22.73,17368.5,4952.23,2.225,9.06,1115.86,105.71,1632.300049,92.6,97.58,1063.4,36.31,0.0059647266340885,0.0037953857632206,-0.0069213081115639,-0.0033638145752901,-0.0005122688498886,-0.0115002903677217,0.0183440385659392,-0.1714939719573553,-0.3769579989606519,-0.2330451163107536,0.0,0.953404872070648
1335,2015-12-15,2043.41,0.01056253440015,25.898739249305653,1.77,696706.0,393204.0,1089910.0,20.95,17524.91,4995.36,2.268,8.86,1131.55,106.06,1646.699951,92.6,98.13,1061.6,37.32,0.0089650766484812,0.0086715013913512,0.0139629661834348,0.0087831622884895,0.0056205758307106,-0.0016941180522405,0.0274361905528985,-0.3339496509475026,0.0467920549051843,-0.2126455757837941,0.0,0.9663913754143262
1336,2015-12-16,2073.07,0.0144106194026125,24.882575087385977,1.63,801324.0,492214.0,1293538.0,17.86,17749.09,5071.13,2.287,8.79,1148.97,106.14,1668.699951,92.6,98.58,1076.8,35.55,0.0127109496147799,0.0150541908780006,0.0152775146205632,0.0132715953212105,0.0045752710588296,0.0142164758724661,-0.0485892197298931,0.1399018456374605,0.2245850201132579,0.1712859758452296,0.0,1.000108746436412
1337,2015-12-17,2041.89,-0.0151547508348892,24.65836543118873,1.64,790497.0,480548.0,1271045.0,18.94,17495.84,5002.55,2.238,8.79,1135.36,106.23,1655.199951,92.6,99.05,1049.6,34.98,-0.0143711086163271,-0.013615890025223,-0.011916107606213,-0.0081230329610209,0.0047563718673284,-0.0255845407006392,-0.0161636866587939,-0.0136034980886705,-0.0239864619116971,-0.0175417030966205,0.0,1.045242860226955
1338,2015-12-18,2005.55,-0.0179575121796471,26.455711948530027,2.14,787530.0,368403.0,1155933.0,20.7,17128.55,4923.08,2.199,8.94,1121.02,105.99,1633.800049,92.6,98.72,1065.0,34.72,-0.0212164764503981,-0.016013431530359,-0.0127107961148951,-0.0130131979284602,-0.003337212987482,0.0145656599537007,-0.0074605797983062,-0.0037603963636332,-0.2657496716923369,-0.0949315866803104,0.0,1.05894342733424
1339,2015-12-21,2021.15,0.0077483189943645,26.84005928895567,1.88,523963.0,278346.0,802309.0,18.7,17251.62,4968.92,2.197,8.98,1127.74,105.8,1638.900024,92.6,98.47,1080.6,34.55,0.0071593901764561,0.0092681617737628,0.0059766449095031,0.0031166798145507,-0.0025356268973668,0.0145416432664404,-0.0049083395784705,-0.4074803940713121,-0.2803125035411913,-0.3651692686294936,0.0,1.074647612809472
1340,2015-12-22,2038.97,0.0087781220393292,27.00466370092741,2.03,584328.0,287400.0,871728.0,16.6,17417.27,5001.11,2.239,8.92,1137.69,105.98,1650.199951,92.6,98.22,1074.1,36.12,0.0095561906138517,0.006457375124043,0.0087842608079728,0.0068711632631215,-0.0025420726486125,-0.0060333408059642,0.0444391783351054,0.1090413978600075,0.0320100295156446,0.0829836281985887,0.0,1.0877068906062481
1341,2015-12-23,2064.29,0.0123415632361147,26.73768438146713,1.64,629289.0,382719.0,1012008.0,15.57,17602.61,5045.93,2.264,8.84,1152.82,106.46,1671.5,92.6,98.39,1068.3,36.76,0.0105849437788236,0.0089220899527386,0.0132112237542836,0.0128249638832818,0.0017293122665753,-0.0054145016521598,0.0175635689387019,0.0741281416397487,0.2864260647976202,0.1492143063102542,0.0,1.0875288823563851
1342,2015-12-24,2060.99,-0.0015998917425745,26.6027322594722,1.92,303930.0,158106.0,462036.0,15.74,17552.17,5048.49,2.243,8.83,1154.76,105.96,1674.0,92.6,97.9,1075.9,37.62,-0.0028695975120722,0.00050721092542,0.0016814155583402,0.0014945451892671,-0.0049926233412094,0.0070889206480222,0.0231255263853977,-0.7277931989070279,-0.8840353442830899,-0.7840489448306123,0.0,1.0867151134483746
1343,2015-12-28,2056.5,-0.0021809411946236,26.476151882340183,1.85,307101.0,165773.0,472874.0,16.91,17528.27,5040.99,2.225,8.84,1148.21,105.66,1670.400024,92.6,97.95,1068.3,36.36,-0.0013625828922219,-0.0014866973087652,-0.0056883221766019,-0.0021528389932852,0.0005105948540853,-0.0070889206480222,-0.0340665545636058,0.0103792719760953,0.0473536884773828,0.0231861581033001,0.0,1.0721708784327186
1344,2015-12-29,2078.36,0.01057361248714,25.67997294042314,1.74,466358.0,268121.0,734479.0,16.08,17720.98,5107.94,2.307,8.8,1160.52,105.76,1685.599976,92.6,98.24,1068.0,37.88,0.0109342422884157,0.0131937004558206,0.0106639725371637,0.0090584361955903,0.0029563200082822,-0.0002808594317009,0.0409539990085994,0.4177768958136401,0.4808189885192444,0.4403324360998635,0.0,1.0594444283794722
1345,2015-12-30,2063.36,-0.0072433991595195,25.61980399559265,2.39,454520.0,190177.0,644697.0,17.29,17603.87,5065.85,2.303,8.78,1149.64,105.98,1676.400024,92.6,98.26,1059.8,36.59,-0.0066304841518114,-0.0082742498389372,-0.0094193306461747,-0.0054729178844175,0.00020356234167,-0.007707529461479,-0.0346482892867623,-0.025711662473622,-0.343483153698596,-0.1303809653484382,0.0,1.0399651744178344
1346,2015-12-31,2043.94,-0.0094564043127842,25.75545964645504,1.97,625693.0,318189.0,943882.0,18.21,17425.03,5007.41,2.269,8.76,1135.89,105.78,1662.800049,92.6,98.69,1060.2,37.13,-0.0102110859268975,-0.0116031266261433,-0.0120323652639386,-0.0081456935204595,0.0043665974434139,0.0003773584950446,0.0146502891578732,0.3196179184218959,0.5146903283954902,0.3812207193537311,0.0,1.0763280681336276
1347,2016-01-04,2012.66,-0.0154220874472112,26.991200192045813,1.78,835105.0,469456.0,1304561.0,20.7,17148.94,4903.09,2.245,8.88,1108.63,105.67,1630.900024,92.0,98.85,1075.2,36.81,-0.0159713141877748,-0.0210531967467506,-0.0242914658289832,-0.0193709334681759,0.0016199254327098,0.0140491212151792,-0.0086557207980586,0.2886976299764647,0.388929031683741,0.3236207063623535,-0.0065005646030931,1.0305334186667154
1348,2016-01-05,2016.71,0.0020102404911241,27.820522130258794,2.04,584610.0,286672.0,871282.0,19.34,17158.66,4891.43,2.248,8.81,1110.44,105.95,1630.599976,92.0,99.33,1078.4,35.97,0.0005666383110494,-0.0023809243348686,0.0016313143807051,-0.0001839938683714,0.0048440906106383,0.0029717703891574,-0.0230842896833975,-0.3566125072040176,-0.4932358724791754,-0.4036561744565805,0.0,1.0538800872712564
1349,2016-01-06,1990.26,-0.0132021872787531,29.803367124287828,1.87,724616.0,387728.0,1112344.0,20.59,16906.51,4835.76,2.177,8.82,1094.37,105.94,1610.199951,92.0,99.26,1091.9,33.97,-0.0148042475762437,-0.0114463905447781,-0.0145774779466192,-0.0125896660754234,-0.0007049700679697,0.0124408368619777,-0.0572074755350398,0.2146969011212594,0.3019653578008157,0.2442590892507663,0.0,1.1240207171467451
1350,2016-01-07,1943.09,-0.0239857940222583,35.499332226069455,2.24,1180915.0,527000.0,1707915.0,24.99,16514.1,4689.43,2.153,8.92,1064.57,105.44,1576.300049,92.0,98.29,1107.8,33.29,-0.0234841934114218,-0.0307272638385303,-0.0276078934682271,-0.0212780047169287,-0.0098203775807563,0.0144567685789827,-0.0202207305855588,0.4884029813374582,0.306896485683005,0.4288038278133044,0.0,1.1343568423659163
1351,2016-01-08,1922.03,-0.0108975702788987,41.71766293820457,2.22,1075158.0,485110.0,1560268.0,27.01,16346.45,4643.63,2.13,8.89,1046.2,105.35,1561.5,92.0,98.38,1097.9,33.2,-0.0102038130591193,-0.0098146519252964,-0.0174064098071236,-0.0094334619948162,0.0009152387886555,-0.0089768023583163,-0.0027071756644905,-0.0938219341969439,-0.0828248791963339,-0.090415726941865,0.0,1.1339401286227129
1352,2016-01-11,1923.67,0.0008529006939781,46.3047642206658,2.61,1089364.0,417192.0,1506556.0,24.3,16398.57,4637.99,2.158,8.97,1041.9,105.17,1557.599976,92.0,98.82,1096.2,31.42,0.0031833875206146,-0.0012153052364087,-0.0041185825183722,-0.002500738073464,0.0044624820504104,-0.0015496106286709,-0.0551052430949678,0.0131264121843894,-0.1508291218576793,-0.0350313502272765,0.0,1.1492480568922974
1353,2016-01-12,1938.68,0.007772509257391,48.72657058434149,1.7,693482.0,407329.0,1100811.0,22.47,16516.22,4685.92,2.102,9.0,1044.7,104.68,1561.699951,92.0,99.02,1085.2,30.42,0.0071487924452089,0.0102811850808777,0.0026837934253238,0.0026287804680658,0.0020218365156727,-0.0100853518272394,-0.0323443459963286,-0.4516240345714806,-0.0239253347783776,-0.3137790702713428,0.0,1.2206962313231822
1354,2016-01-13,1890.28,-0.025282362871704,54.49325205607124,2.11,886075.0,420682.0,1306757.0,25.22,16151.41,4526.06,2.066,9.08,1010.19,104.27,1544.300049,92.0,98.89,1087.1,30.42,-0.0223355759924714,-0.0347104639478068,-0.0335913308884006,-0.011204175159194,-0.0013137286513771,0.0017492984251781,0.0,0.2450763130164954,0.0322559911390296,0.1715013145181991,0.0,1.2487600640073826
1355,2016-01-14,1921.84,0.0165580942179568,55.88523065219358,1.8,1118806.0,622818.0,1741624.0,23.95,16379.05,4615.0,2.098,9.16,1025.67,104.39,1549.099976,92.0,99.07,1073.6,31.22,0.0139957268257795,0.0194600640924971,0.0152076256123416,0.0031033366609092,0.0018185497030387,-0.0124961129925376,0.0259586282561392,0.2332157270669039,0.3923771374282996,0.2872695158772664,0.0,1.286839941265762
1356,2016-01-15,1880.33,-0.0218357671119751,60.40974771377589,2.28,1107532.0,484893.0,1592425.0,27.02,15988.08,4488.42,2.033,9.42,1007.73,103.36,1521.0,92.0,98.94,1090.7,29.45,-0.0241596345956285,-0.0278111212253246,-0.0176457809590777,-0.0183060883601573,-0.0013130651853758,0.0158022047172803,-0.0583650049896902,-0.0101279287951729,-0.2503260932353726,-0.0895599996812777,0.0,1.278607480297392
1357,2016-01-20,1859.33,-0.0117627657495136,68.3361799201827,2.39,1669037.0,696907.0,2365944.0,27.59,15766.74,4471.69,1.984,9.76,999.32,103.11,1491.699951,92.0,99.06,1106.2,26.68,-0.0139407866076215,-0.0037343334941191,-0.0083805079310526,-0.0194516369478359,0.0012121213605293,0.0141110266258808,-0.0987796890501728,0.4101126969724973,0.3627237248358081,0.3959190850432748,0.0,1.2094294387004363
1358,2016-01-21,1868.99,0.0051819702260038,70.9178617003687,1.61,920626.0,571093.0,1491719.0,26.69,15882.68,4472.06,2.019,9.64,997.34,103.58,1497.900024,92.0,99.12,1098.2,29.55,0.0073265493409753,8.273934316527232e-05,-0.0019833127813768,0.0041477668856479,0.0006055101607946,-0.0072582427158058,0.1021695228046843,-0.5949482189446513,-0.1990999043288397,-0.4612479503948652,0.0,1.2838645191047657
1359,2016-01-22,1906.9,0.0200807088541203,71.43087325047267,1.65,767356.0,466231.0,1233587.0,22.34,16093.51,4591.18,2.048,9.42,1020.66,104.55,1536.800049,92.0,99.53,1096.3,32.07,0.013186877808728,0.0262879190643818,0.0231130209536507,0.0256382211416772,0.0041278689370853,-0.0017316021642779,0.0818372698529561,-0.18210303372663,-0.2028708490904431,-0.1900029607327678,0.0,1.3037262027307215
1360,2016-01-25,1877.08,-0.0157615089582812,73.39607122493811,1.6,501222.0,312800.0,814022.0,24.15,15885.22,4518.49,2.022,9.38,997.37,104.07,1521.199951,92.0,99.28,1105.3,30.31,-0.0130269679622863,-0.0159592044093184,-0.0230829413932109,-0.0102028994960896,-0.0025149653616205,0.0081759176364153,-0.0564433226353515,-0.4259017229968727,-0.3991172107862972,-0.4156940718271951,0.0,1.3374857994349139
1361,2016-01-26,1903.63,0.0140452118538387,73.62609986683438,1.22,447852.0,367919.0,815771.0,22.5,16167.23,4567.67,1.994,9.33,1017.97,104.4,1535.800049,92.0,99.04,1120.2,29.54,0.0175972368598973,0.0108253608292923,0.0204439126717632,0.0095519849589464,-0.0024203319600655,0.0133904494588223,-0.025732413966478,-0.1125862960192183,0.1622987965746478,0.0021462856588581,0.0,1.3433786104310617
1362,2016-01-27,1882.95,-0.0109228938038112,75.35963325063413,1.53,528866.0,345991.0,874857.0,23.11,15944.46,4468.17,2.001,9.28,1002.75,104.9,1531.400024,92.0,98.92,1115.8,32.32,-0.0138749205563293,-0.02202429923598,-0.0150642224779362,-0.0028690844506815,-0.0012123662830703,-0.0039356043643037,0.0899409565496607,0.166272270949646,-0.0614500420870793,0.0699267661070788,0.0,1.3136850806971447
1363,2016-01-28,1893.36,0.0055133325226162,76.21648081037594,1.84,515637.0,280918.0,796555.0,22.42,16069.64,4506.68,1.985,9.23,1003.27,105.45,1532.699951,92.0,98.59,1116.1,33.21,0.0078203440344672,0.0085818116953007,0.0005184395087258,0.0008484886841779,-0.0033416060662654,0.000268829250241,0.0271648017357608,-0.0253320620964192,-0.2083499513578637,-0.093764265361214,0.0,1.3970054665468692
1364,2016-01-29,1940.24,0.02445864829102,75.11670761771536,1.47,881355.0,599208.0,1480563.0,20.2,16466.3,4613.95,1.931,9.16,1035.38,105.82,1562.199951,92.0,99.53,1116.4,33.66,0.0243840905641672,0.0235235825863231,0.031503843916055,0.0190641987750392,0.0094892696710218,0.0002687570004979,0.0134591533740047,0.5360574664195656,0.7575459714478701,0.6198815207587067,0.0,1.3790013161383503
1365,2016-02-01,1939.38,-0.0004433423964647,72.50991463235943,1.72,571148.0,331810.0,902958.0,19.98,16449.18,4620.37,1.966,9.25,1032.39,104.88,1566.599976,91.7,99.04,1128.0,31.62,-0.0010402401267608,0.0013904653584386,-0.0028920064455473,0.002812597803163,-0.004935297321686,0.0103369303958373,-0.0625203569813339,-0.4338121254982354,-0.5910462673088119,-0.4945016591203952,-0.0032661977866208,1.378265986327814
1366,2016-02-02,1903.03,-0.0189209815953708,71.67861889314612,1.73,563898.0,325791.0,889689.0,21.98,16153.54,4516.95,1.864,9.35,1008.84,104.65,1538.900024,91.7,98.81,1127.2,29.9,-0.01813640724923,-0.0226378011495516,-0.0230753466941902,-0.017839759547976,-0.0023249947294141,-0.0007094714735345,-0.0559313513846855,-0.0127749863880399,-0.0183064444629241,-0.0148040772511954,0.0,1.3651660426938965
1367,2016-02-03,1912.53,0.0049796200980445,71.54599276627364,1.7,704897.0,414043.0,1118940.0,21.65,16336.66,4504.24,1.881,9.4,1010.3,105.11,1540.900024,91.7,97.3,1141.3,32.29,0.0112724414778995,-0.0028178119316528,0.0014461604984807,0.0012987857977595,-0.0153998250149127,0.0124312819750844,0.0768991043735431,0.2231783087692438,0.2397137616890514,0.2292651241152263,0.0,1.3337199489080287
1368,2016-02-04,1915.45,0.0015256091026358,70.75025701097218,2.21,593813.0,268927.0,862740.0,21.84,16416.58,4509.56,1.864,9.38,1014.79,105.24,1548.900024,91.7,96.56,1157.5,31.63,0.0048801375749558,0.0011804123938254,0.0044343780844329,0.0051783401854592,-0.007634412402683,0.0140945434008346,-0.0206515474526263,-0.171487237864703,-0.4315298658578754,-0.2600237165037047,0.0,1.3570670725525111
1369,2016-02-05,1880.05,-0.0186542097397932,69.88102985635905,1.79,797204.0,444857.0,1242061.0,23.38,16204.97,4363.14,1.848,9.45,985.62,105.13,1523.900024,91.7,96.96,1157.7,30.86,-0.0129738144369078,-0.0330076061400976,-0.0291660887369564,-0.0162721630037001,0.0041339455317279,0.000172771251294,-0.0246451903825426,0.2945461509042726,0.5033129149000288,0.3644140045513726,0.0,1.356865706220978
1370,2016-02-08,1853.44,-0.0142550003378278,68.12441981947038,1.89,898356.0,474557.0,1372913.0,26.0,16027.05,4283.75,1.735,9.76,969.34,104.66,1498.5,91.7,96.67,1197.9,29.71,-0.0110400655693094,-0.0183631874328167,-0.0166554572404216,-0.0168082462881624,-0.0029954058444898,0.034134745525602,-0.0379771574604985,0.1194558203800983,0.0646288550760729,0.1001626632468628,0.0,1.3259916616488914
1371,2016-02-09,1852.21,-0.0006638511706027,65.82405406066164,1.99,680921.0,341790.0,1022711.0,26.54,16014.38,4268.76,1.729,9.88,963.9,104.32,1488.5,91.7,96.06,1198.6,27.96,-0.0007908511361929,-0.0035054072663136,-0.0056278727508187,-0.0066957063008867,-0.006330120239836,0.0005841852867991,-0.0607087721089065,-0.27712013272102,-0.3281852239061376,-0.2944778152694383,0.0,1.3269461465627836
1372,2016-02-10,1851.86,-0.0001889813103108,62.98964519987606,1.84,614631.0,334503.0,949134.0,26.29,15914.74,4283.59,1.705,9.78,963.48,104.42,1486.800049,91.7,95.82,1194.6,27.54,-0.0062413447944091,0.0034680561164783,-0.0004358248053302,-0.0011427090760491,-0.0025015647817019,-0.003342807725879,-0.0151354240651007,-0.1024242058121096,-0.0215506652402037,-0.0746622336900451,0.0,1.33637245147515
1373,2016-02-11,1829.08,-0.0123774312134665,58.31626563668715,1.93,903969.0,467733.0,1371702.0,28.14,15660.18,4266.84,1.644,10.07,953.72,104.3,1468.900024,91.7,95.6,1247.8,26.19,-0.0161245390619448,-0.0039179366245569,-0.0101816026643861,-0.0121123547036559,-0.0022986113976202,0.0435705993784809,-0.0502618347808883,0.3857729800343072,0.3352517721548391,0.3682575936216032,0.0,1.3786781062762126
1374,2016-02-12,1864.78,0.0193299754705016,52.011623998027375,1.91,898249.0,470100.0,1368349.0,25.4,15973.84,4337.51,1.748,9.93,971.99,104.71,1486.5,91.7,95.97,1239.4,29.32,0.0198311994191122,0.0164269443135349,0.0189753890214667,0.0119105257620262,0.0038628225721808,-0.0067546091486789,0.1128922184988301,-0.006347755051598,0.0050478177373154,-0.0024474009232982,0.0,1.53094706609536
1375,2016-02-17,1926.82,0.0163461153180293,40.946009151015154,1.9,1077143.0,566865.0,1644008.0,22.31,16453.83,4534.06,1.819,9.56,1011.13,105.79,1544.300049,91.7,96.86,1211.4,30.68,0.0296058926905757,0.0443173345999898,0.0394782799712363,0.0381464015203887,0.0092309943455459,-0.0228506759811608,0.0453410994806047,0.1816201318554799,0.1871757421103996,0.1835322591795716,0.0,1.5256448938814837
1376,2016-02-18,1917.83,-0.0046766370852839,34.94792053231469,1.72,785986.0,456657.0,1242643.0,21.64,16413.43,4487.54,1.759,9.46,1004.71,106.11,1543.5,91.7,96.84,1226.3,30.77,-0.0024583747076452,-0.0103131179221183,-0.0063695746743075,-0.0005182000163266,-0.0002065049052246,0.0122247902211336,0.002929212834895,-0.315128464006932,-0.2161886180936783,-0.2798965998926981,0.0,1.5050946449688074
1377,2016-02-19,1917.78,-2.6071472335686963e-05,30.65343734815308,2.12,758179.0,357427.0,1115606.0,20.53,16391.99,4504.43,1.748,9.53,1010.01,106.02,1538.199951,91.7,96.59,1230.8,29.59,-0.0013071012687859,0.003756689549375,0.0052612891377874,-0.0034396951746762,-0.0025849158786535,0.003662858679907,-0.039103722921832,-0.0360194750446076,-0.2450014165677423,-0.1078428078809832,0.0,1.532005338226144
1378,2016-02-22,1945.5,0.0143507463755288,30.78276201438326,1.76,732131.0,416528.0,1148659.0,19.38,16620.66,4570.61,1.766,9.4,1021.74,106.54,1558.0,91.7,97.39,1210.1,31.37,0.0138536989474413,0.0145853182377386,0.0115468244901784,0.0127900776631557,0.0082483197819032,-0.0169613636438805,0.0584155557904684,-0.0349600458229328,0.1530225407589629,0.029197419981731,0.0,1.5302618044054446
1379,2016-02-23,1921.27,-0.0125325877365902,30.76135958749123,2.52,643698.0,255670.0,899368.0,20.98,16431.78,4503.58,1.745,9.4,1012.15,106.52,1540.699951,91.7,97.44,1222.6,31.84,-0.0114292352438187,-0.0147740391655624,-0.0094302750589818,-0.0111661206466902,0.0005132679884791,0.0102767377906181,0.0148713387735952,-0.1287297876818982,-0.4880661358142255,-0.2446581595638068,0.0,1.4718423492699184
1380,2016-02-24,1929.8,0.0044299448982654,30.967682191885185,1.87,655794.0,350802.0,1006596.0,20.72,16484.99,4542.61,1.742,9.46,1022.08,106.54,1534.699951,91.7,97.44,1239.1,30.35,0.0032330053250877,0.0086291006899763,0.0097629853790071,-0.0039019365310188,0.0,0.0134055710278229,-0.0479268434706745,0.0186170432215586,0.3163344113122495,0.11263732613269,0.0,1.4718917508601155
1381,2016-02-25,1951.7,0.0112844170508727,31.65964762791597,1.79,585706.0,327326.0,913032.0,19.11,16697.29,4582.2,1.697,9.33,1031.58,106.91,1553.900024,91.7,97.45,1238.8,31.4,0.0127961608940836,0.008677495405033,0.0092518408732171,0.0124330249847135,0.0001026219919832,-0.0002421405234001,0.0340113754087001,-0.1130287580423008,-0.069265345559307,-0.0975586912924484,0.0,1.4725795757283215
1382,2016-02-26,1948.05,-0.0018719154129476,32.9579723945598,1.55,735972.0,474193.0,1210165.0,19.81,16639.97,4590.47,1.762,9.12,1037.18,107.09,1554.5,91.7,98.15,1220.4,31.65,-0.0034387982987009,0.0018031832041938,0.0054138843346365,0.0003860352611102,0.0071574947688999,-0.0149644952565326,0.0079302556759777,0.2283741173313824,0.3706577956416836,0.2817410636616575,0.0,1.474137877693215
1383,2016-02-29,1932.23,-0.0081540959183037,33.2587094270263,1.84,652667.0,354876.0,1007543.0,20.55,16516.5,4557.95,1.74,9.08,1033.9,107.25,1547.199951,91.7,98.15,1234.4,32.74,-0.0074477512672039,-0.0071094543046879,-0.0031674322017991,-0.0047071364698929,0.0,0.0114063482064361,0.0338594233528035,-0.1201250293794977,-0.289845979135638,-0.1832420201196534,0.0,1.4585670298089548
1384,2016-03-01,1978.35,0.0235883876340983,36.0191288912526,1.25,709951.0,567921.0,1277872.0,17.7,16865.08,4689.6,1.834,8.89,1054.49,108.06,1575.300049,91.0,98.34,1230.8,34.39,0.0208853308144796,0.0284743299347294,0.0197191781138386,0.017998947388194,0.0019339412613232,-0.0029206576010638,0.049168252501186,0.0841289084218264,0.4702138918581724,0.237681500616139,-0.0076628727455698,1.4315525182068929
1385,2016-03-02,1986.45,0.0040859621010795,38.87038169327882,1.79,698228.0,390087.0,1088315.0,17.09,16899.32,4703.42,1.848,8.75,1065.67,107.8,1588.099976,91.0,98.18,1241.8,34.57,0.0020281723790223,0.0029426127001208,0.0105464716127903,0.0080925565870932,-0.0016283333538869,0.008897575482905,0.0052204294893583,-0.0166502565801316,-0.3756125333721503,-0.1605655658556735,0.0,1.3655251943878899
1386,2016-03-03,1993.4,0.003492597492273,40.94879190102628,1.25,688729.0,549088.0,1237817.0,16.7,16943.9,4707.42,1.83,8.71,1076.05,107.93,1598.300049,91.0,97.65,1258.2,34.56,0.0026345026143701,0.0008500835718976,0.0096932197243173,0.0064022770279779,-0.0054128713072181,0.0131201882051374,-0.0002893099976781,-0.0136978270049947,0.3418889289343987,0.1287187156839344,0.0,1.3426338123500505
1387,2016-03-04,1999.99,0.003300456996226,43.27116923413494,1.19,810738.0,678829.0,1489567.0,16.86,17006.77,4717.02,1.883,8.56,1081.93,108.19,1608.0,91.0,97.22,1270.7,35.91,0.0037036130282146,0.0020372570296665,0.0054495542607782,0.0060505757067312,-0.0044132057053793,0.0098858015745593,0.0383188643021363,0.1630970739836605,0.2121105347956664,0.1851361294239044,0.0,1.3419787594618122
1388,2016-03-07,2001.76,0.0008846130395072,46.03470037496989,1.77,477861.0,269380.0,747241.0,17.35,17073.95,4708.25,1.902,8.53,1094.15,108.4,1607.599976,91.0,97.1,1264.0,37.9,0.0039424100789311,-0.0018609551834565,0.0112313227959965,-0.0002488020929529,-0.0012350763200297,-0.0052866340036858,0.0539353038503893,-0.5286250487444892,-0.9242462327282084,-0.6898529957495381,0.0,1.320170979917021
1389,2016-03-08,1979.26,-0.0113037561114639,46.66421529349923,1.79,566910.0,317573.0,884483.0,18.67,16964.1,4648.82,1.832,8.58,1067.88,107.97,1593.699951,91.0,97.2,1262.9,36.67,-0.0064545637235422,-0.0127028651377063,-0.0243024314435977,-0.0086840425264336,0.0010293361691138,-0.0008706320546787,-0.0329921300051463,0.1708806657467398,0.1645846909940775,0.1686155365872998,0.0,1.2819852115054458
1390,2016-03-09,1989.26,0.0050396728076167,48.12370155756618,1.5,566937.0,378964.0,945901.0,18.34,17000.36,4674.38,1.892,8.63,1072.77,108.23,1598.5,91.0,97.17,1257.4,37.62,0.0021351738714923,0.0054831096699281,0.0045687137138754,0.0030073633803704,-0.0003086896150454,-0.0043645667031633,0.0255768417896495,4.762547328773792e-05,0.1767335005987593,0.0671346188958832,0.0,1.2616276560850999
1391,2016-03-10,1989.57,0.0001558247025519,48.884468902479895,1.75,687714.0,393681.0,1081395.0,18.05,16995.13,4662.16,1.929,8.57,1063.99,108.17,1597.099976,91.0,96.17,1272.8,37.77,-0.0003076878751411,-0.0026176735659753,-0.0082180960094637,-0.0008762198648692,-0.0103445631269574,0.012173101074616,0.0039793128514813,0.1931248673893488,0.0380997229251089,0.1338692408884156,0.0,1.2672944058932178
1392,2016-03-11,2022.19,0.0162625475679902,51.33377907397246,1.2,784866.0,653788.0,1438654.0,16.5,17213.31,4748.47,1.977,8.38,1087.56,108.84,1626.199951,91.0,96.2,1259.4,38.51,0.0127560893436271,0.0183436008373831,0.0219106624935081,0.0180565050071148,0.0003118989472703,-0.0105837809689344,0.0194028111024522,0.1321399487417593,0.5072422031962844,0.2854560799214045,0.0,1.2676843390131534
1393,2016-03-14,2019.64,-0.001261804844999,53.74764884880089,1.5,471223.0,314004.0,785227.0,16.92,17229.13,4750.28,1.963,8.29,1084.25,108.6,1627.5,91.0,96.57,1245.1,37.2,0.0009186341683413,0.0003811027812936,-0.0030481511392155,0.0007991204405826,0.0038387763071661,-0.0114195690962759,-0.0346091865477165,-0.5101815598833301,-0.7333774152042807,-0.6054903852678173,0.0,1.195654339960586
1394,2016-03-15,2015.93,-0.0018386503245784,55.74560914509672,1.33,512882.0,385706.0,898588.0,16.84,17251.53,4728.67,1.959,8.39,1066.67,107.99,1619.199951,91.0,96.66,1231.0,36.32,0.0012992792569033,-0.0045595846457633,-0.0163468576006495,-0.0051129252514359,0.0009315324381109,-0.0113890007739128,-0.0239402075460084,0.0847143565279289,0.2056696965442768,0.1348517944857299,0.0,1.1976270021844457
1395,2016-03-16,2027.22,0.0055847689767833,57.675891750260206,1.54,801723.0,520404.0,1322127.0,14.99,17325.76,4763.97,1.938,8.43,1074.51,109.06,1621.5,91.0,95.75,1229.8,38.43,0.0042935761613787,0.0074373752121275,0.0073230975786904,0.0014194769160846,-0.0094590383561818,-0.0009752926650845,0.0564698508436598,0.4467173624541303,0.2995300117789945,0.3861724399228396,0.0,1.1374375278220004
1396,2016-03-17,2040.59,0.0065735853667518,60.13424331313117,1.06,837080.0,789924.0,1627004.0,14.44,17481.49,4774.99,1.903,8.29,1091.25,109.91,1643.0,91.0,94.78,1265.0,40.17,0.0089481955115484,0.0023105254456545,0.0154590844602955,0.013172192289895,-0.0101822115213137,0.0282205676422515,0.0442820437944382,0.0431564836992865,0.4173313052977718,0.2074984833652706,0.0,1.1370254480185271
1397,2016-03-18,2049.58,0.0043959123835568,62.72270015751643,1.33,712080.0,533931.0,1246011.0,14.02,17602.3,4795.65,1.871,8.14,1101.67,110.0,1645.599976,91.0,95.09,1254.3,39.47,0.0068869684549195,0.0043173773313842,0.009503382177896,0.0015812057171329,0.003265395011911,-0.008494474130992,-0.0175795586964349,-0.161729380721793,-0.3916701211733944,-0.2667930381697836,0.0,1.1372070411616417
1398,2016-03-21,2051.6,0.0009850824218142,63.89938378269601,1.54,497790.0,323121.0,820911.0,13.79,17623.87,4808.87,1.923,8.12,1098.58,110.41,1643.699951,91.0,95.4,1244.2,39.91,0.0012246578436343,0.0027528722619702,-0.0028087735770672,-0.0011552763527138,0.0032547669028879,-0.0080848949497092,0.0110860293858863,-0.3580119633078702,-0.5022397510524463,-0.4172878283674794,0.0,1.0693876882163407
1399,2016-03-22,2049.8,-0.0008777491176505,63.07353243465298,1.56,510229.0,326317.0,836546.0,14.17,17582.57,4821.66,1.935,8.18,1097.34,110.2,1643.599976,91.0,95.67,1248.6,41.45,-0.0023461627443488,0.0026561378282448,-0.0011293673101011,-6.082499452553236e-05,0.0028261912358349,0.0035301705467238,0.0378609625206616,0.0246813432042714,0.0098424354614596,0.018866810757645,0.0,1.03543537485865
1400,2016-03-23,2036.71,-0.0064064665305307,60.89228061595944,1.42,564915.0,398280.0,963195.0,14.94,17502.59,4768.86,1.875,8.23,1075.7,109.51,1631.300049,91.0,96.04,1224.0,38.28,-0.0045592004449002,-0.0110109844852512,-0.0199174570065796,-0.0075116704275117,0.0038600016629768,-0.019898739555372,-0.0795603149965504,0.1018156328038824,0.1992859739826027,0.1409743735621855,0.0,1.0350810618610045
1401,2016-03-24,2035.94,-0.0003781321788878,57.90499968877918,1.85,712949.0,384487.0,1097436.0,14.74,17515.73,4773.5,1.9,8.39,1079.54,109.25,1622.199951,91.0,96.13,1221.6,38.14,0.0007504643636071,0.0009725058299405,0.0035634120221681,-0.0055940505492992,0.0009366707246716,-0.0019627091678486,-0.0036639664124802,0.2327346117532798,-0.0352452972888031,0.1304759453869994,0.0,1.034336539184001
1402,2016-03-28,2037.05,0.0005450541383504,51.98970811162685,1.66,385512.0,232832.0,618344.0,15.24,17535.39,4766.79,1.87,8.43,1080.23,109.46,1627.599976,91.0,95.97,1220.1,37.99,0.0011217902344746,-0.001406666067055,0.0006389569477081,0.0033232999515471,-0.0016657994481876,-0.0012286523231344,-0.0039406329727387,-0.6148375681806648,-0.5015928147754778,-0.5736868919996923,0.0,0.9961233392443912
1403,2016-03-29,2055.01,0.0087780312721488,48.71594879624436,1.46,486866.0,332503.0,819369.0,13.82,17633.11,4846.62,1.814,8.51,1109.08,110.03,1635.900024,91.0,95.18,1235.8,36.91,0.0055572601328801,0.0166084323912834,0.0263568614011928,0.0050866038890511,-0.0082658069365724,0.0127857110455904,-0.0288404501576273,0.2334166102930996,0.3563317191559942,0.2814895949382023,0.0,0.9518224741247964
1404,2016-03-30,2063.95,0.0043409084032832,47.35787715726266,1.11,809817.0,729378.0,1539195.0,13.56,17716.66,4869.29,1.83,8.38,1110.44,110.14,1652.900024,91.0,94.83,1228.6,36.91,0.0047270551167564,0.0046665811314277,0.0012254903494515,0.0103382091722936,-0.0036840207973281,-0.0058432238970516,0.0,0.5088193649987787,0.7855432335313051,0.6304802996287258,0.0,0.771338838547247
1405,2016-03-31,2059.74,-0.0020418612760391,47.09165246199112,1.89,639176.0,338146.0,977322.0,13.95,17685.09,4869.85,1.786,8.37,1114.03,110.35,1648.099976,91.0,94.63,1235.6,36.94,-0.0017835281232478,0.0001149998871809,0.0032277379481904,-0.0029082407653309,-0.002111264375495,0.0056813723145996,0.0008124577291868,-0.2366284494019588,-0.768714361261857,-0.4541986533743039,0.0,0.7634058461937494
1406,2016-04-01,2072.78,0.0063109401913097,46.46160130036422,1.47,643106.0,438850.0,1081956.0,13.1,17792.75,4914.54,1.792,8.38,1117.68,110.21,1640.099976,89.0,94.61,1223.5,35.36,0.0060691592536858,0.0091350223726127,0.0032710372355611,-0.0048658937421022,-0.0002113718037879,-0.0098410781617008,-0.0437137370016511,0.0061297160925395,0.2606799141570821,0.1017096150540712,-0.0222231367847101,0.7693983144008131
1407,2016-04-04,2066.13,-0.0032134091933979,44.90273788458659,1.42,450412.0,318252.0,768664.0,14.12,17737.0,4891.8,1.779,8.35,1108.54,110.18,1640.800049,89.0,94.56,1219.3,34.3,-0.0031382177332552,-0.0046378242566174,-0.0082112741376283,0.0004267566858429,-0.0005286250585649,-0.0034386803165071,-0.0304358835975486,-0.356146843451457,-0.321314147252723,-0.3418718502010627,0.0,0.7688511629729738
1408,2016-04-05,2045.17,-0.0101963766175172,43.76512758618788,1.71,462337.0,270930.0,733267.0,15.42,17603.32,4843.93,1.727,8.42,1095.85,109.89,1618.5,89.0,94.62,1229.6,34.52,-0.0075653326053082,-0.0098339591954044,-0.0115135163768753,-0.0136841632553528,0.0006343165452138,0.0084119896581675,0.0063935120433331,0.0261313429465666,-0.1609830368545868,-0.0471440509025384,0.0,0.7367579857858712
1409,2016-04-06,2066.66,0.0104528619472361,41.3951284947278,1.78,488186.0,273590.0,761776.0,14.09,17716.05,4920.72,1.755,8.34,1108.81,110.15,1633.400024,89.0,94.5,1223.8,37.74,0.006383487746346,0.0157284865413842,0.0117570503262607,0.0091639522511535,-0.0012690357033049,-0.0047281411959465,0.0891816737251769,0.0544024183747158,0.0097701504420193,0.0381426571748022,0.0,0.781172462627793
1410,2016-04-07,2041.91,-0.0120481332369406,38.236629179701794,1.56,568776.0,365374.0,934150.0,16.16,17541.96,4848.37,1.691,8.35,1092.79,109.7,1621.699951,89.0,94.51,1237.5,37.3,-0.0098752830796033,-0.0148122952739697,-0.0145533091846026,-0.0071887951073303,0.0001058145072674,0.0111324434144055,-0.0117272132906345,0.1527902027301486,0.2892908511406986,0.2039844756894595,0.0,0.7608910817185137
1411,2016-04-08,2047.6,0.0027827312669508,36.26566105761112,1.9,583173.0,306277.0,889450.0,15.36,17576.96,4850.69,1.72,8.3,1097.31,110.05,1632.199951,89.0,94.19,1243.8,39.74,0.0019932282420871,0.0004783968846968,0.0041276712638875,0.0064538165041891,-0.0033916301722385,0.0050779942269434,0.0633649104739011,0.0249971998204383,-0.1764315652754451,-0.0490337307345676,0.0,0.7624338380453513
1412,2016-04-11,2041.99,-0.0027435530304558,33.47929668016301,1.65,442406.0,268837.0,711243.0,16.26,17556.41,4833.4,1.724,8.26,1094.34,110.54,1632.099976,89.0,94.01,1258.0,40.46,-0.001169828134536,-0.0035708091047474,-0.0027102884293128,-6.125356264252702e-05,-0.0019128592442667,0.0113519485905966,0.0179555946159286,-0.2762558708233094,-0.1303846732522995,-0.2235891506069371,0.0,0.7533325797148602
1413,2016-04-12,2061.72,0.0096157633089033,28.934225656810817,1.43,439135.0,306927.0,746062.0,14.85,17721.25,4872.09,1.781,8.19,1105.71,110.69,1644.199951,89.0,94.05,1260.9,42.12,0.0093453590572689,0.0079728493766353,0.0103362207479946,0.0073863994646368,0.0004253961565803,0.0023025934187952,0.0402088555261754,-0.00742112961737,0.1325046863097796,0.0477945631055529,0.0,0.6515525857825714
1414,2016-04-13,2082.42,0.0099900930750864,28.65407775422933,1.05,591555.0,563531.0,1155086.0,13.84,17908.28,4947.42,1.762,8.02,1129.93,111.15,1666.199951,89.0,94.78,1248.3,41.7,0.0104986912769629,0.0153432254377552,0.0216680213329869,0.0132916412162682,0.0077318607924024,-0.0100431260221753,-0.0100215584610188,0.2979477801490748,0.6076124109807566,0.4371213723885336,0.0,0.650580425552367
1415,2016-04-14,2082.78,0.0001728608474484,28.49623618003167,1.15,652522.0,566377.0,1218899.0,13.72,17926.43,4945.89,1.781,7.92,1128.59,111.29,1672.0,89.0,94.94,1226.5,41.45,0.0010129844249906,-0.0003092999233214,-0.0011866179243336,0.0034749595120731,0.0016866965837296,-0.0176180409584612,-0.0060132472234522,0.0980901920687156,0.0050375889340497,0.0537731921911799,0.0,0.651217455460394
1416,2016-04-15,2080.73,-0.0009847461231808,28.287411838078807,1.78,614376.0,345668.0,960044.0,13.62,17897.46,4938.22,1.752,7.91,1130.92,111.35,1670.5,89.0,94.7,1234.6,40.4,-0.0016173568149664,-0.0015519862768709,0.0020623947899167,-0.0008975318478361,-0.0025311129311393,0.0065824462612509,-0.0256580966141992,-0.0602377365330539,-0.4937811573757802,-0.2387241545047072,0.0,0.6570477629916457
1417,2016-04-18,2094.34,0.0065196742612831,28.86838142472237,1.93,464814.0,240951.0,705765.0,13.35,18004.16,4960.02,1.773,7.93,1139.28,111.41,1675.300049,89.0,94.46,1235.0,39.74,0.0059440389685256,0.0044048306058304,0.0073650231606468,0.0028693001511683,-0.0025375357240609,0.0003239391022828,-0.0164715478434338,-0.278969793004487,-0.3608851835182278,-0.307696795852042,0.0,0.6574972498755008
1418,2016-04-19,2100.8,0.0030797566260183,29.569094732923443,1.21,609118.0,502711.0,1111829.0,13.24,18053.6,4940.33,1.783,7.79,1140.23,111.84,1692.900024,89.0,94.12,1254.3,40.88,0.0027422685703459,-0.0039776423986364,0.0008335125136547,0.0104507658720809,-0.00360590060881,0.0155066779685508,0.0282827087717785,0.2703746836375114,0.7354218589808319,0.454479365114361,0.0,0.6113708097943374
1419,2016-04-20,2102.4,0.0007613247417594,28.37340747249827,1.61,951057.0,590368.0,1541425.0,13.28,18096.27,4948.13,1.854,7.7,1142.29,111.93,1695.099976,89.0,94.55,1254.4,42.72,0.002360728811297,0.0015775968386844,0.0018050230090498,0.0012986731459232,0.0045582312453049,7.972256551447288e-05,0.0440262487564901,0.4455619884542354,0.160730618978155,0.3267009062268151,0.0,0.6224361992496328
1420,2016-04-21,2091.48,-0.0052075999687009,26.792122321625364,1.6,610078.0,381638.0,991716.0,13.95,17982.52,4945.89,1.87,7.7,1135.77,111.53,1690.5,89.0,94.65,1250.3,43.18,-0.0063056647356951,-0.0004527987690075,-0.0057241844402753,-0.0027173788180432,0.001057082550866,-0.0032738480951897,0.0107102304347219,-0.4439871798124724,-0.4362735559462649,-0.4410258162606393,0.0,0.6225311519865705
1421,2016-04-22,2091.58,4.781188891378463e-05,24.66293273367211,2.06,671934.0,326076.0,998010.0,13.22,18003.75,4906.23,1.888,7.72,1146.69,111.36,1686.199951,89.0,95.12,1230.0,42.76,0.0011798945799572,-0.0080511025506595,0.0095686963359069,-0.0025468957187886,0.0049533747271937,-0.0163693531344906,-0.0097743389298168,0.0965733035688067,-0.157342032298331,0.0063265203279492,0.0,0.5597800645432217
1422,2016-04-25,2087.79,-0.0018136709785938,24.297816239615408,1.49,372711.0,250564.0,623275.0,14.08,17977.24,4895.79,1.902,7.76,1138.1,110.91,1682.699951,89.0,94.8,1240.2,41.67,-0.0014735561637913,-0.0021301739738852,-0.007519326041665,-0.002077830366618,-0.0033698431215496,0.0082584875493143,-0.0258216407224822,-0.5893568010097159,-0.2634161061156455,-0.4707754623876745,0.0,0.5581828285101231
1423,2016-04-26,2091.7,0.0018710422279637,23.72181337664051,1.42,363178.0,255393.0,618571.0,13.96,17990.32,4888.28,1.931,7.72,1150.73,111.01,1685.699951,89.0,94.51,1243.4,42.52,0.0007273220967238,-0.0015351487621995,0.0110363182888884,0.0017812616556849,-0.0030637602540117,0.0025769059194598,0.0201931080393849,-0.0259102481990662,0.0190891583202486,-0.007575854813334,0.0,0.5552974573963474
1424,2016-04-27,2095.15,0.0016480173786206,22.755906384791047,1.52,485359.0,318662.0,804021.0,13.77,18041.55,4863.14,1.86,7.65,1154.15,111.51,1686.0,89.0,94.39,1250.4,45.29,0.0028435956568788,-0.0051561835503193,0.0029676187132752,0.0001779808435822,-0.0012705136701116,0.00561393727203,0.0631117040943753,0.2899957511002498,0.2213274446892352,0.262213409140509,0.0,0.5811165274887719
1425,2016-04-28,2075.81,-0.0092737108991194,21.67186307868804,1.52,552885.0,363649.0,916534.0,15.22,17830.76,4805.29,1.838,7.56,1140.4,111.74,1677.300049,89.0,93.76,1266.4,46.03,-0.0117523753646153,-0.0119669254215821,-0.0119850642514904,-0.005173472647475,-0.0066968095081501,0.0127147294595353,0.0162071002610275,0.1302611999904357,0.1320581367752922,0.1309737760049323,0.0,0.5800487407257305
1426,2016-04-29,2065.3,-0.0050759446457711,21.107641357319118,1.65,884981.0,537897.0,1422878.0,15.7,17773.64,4775.36,1.819,7.59,1130.85,111.63,1670.800049,89.0,93.08,1290.5,45.98,-0.0032085949491946,-0.0062480306382006,-0.0084095157126959,-0.0038828039640375,-0.0072789873946117,0.0188515105918662,-0.0010868384941145,0.4704161525549146,0.3914779753189137,0.4398376958046555,0.0,0.5913402264708085
1427,2016-05-02,2081.43,0.0077796631818953,20.974722994682867,1.5,342324.0,227673.0,569997.0,14.68,17891.16,4817.59,1.865,7.57,1140.92,111.2,1675.599976,94.7,92.59,1295.8,44.75,0.0065902753045623,0.0088044392598618,0.0088653921430132,0.0028687127993638,-0.005278193974135,0.0040985248571878,-0.027115074614171,-0.9498085188374984,-0.8597567030550266,-0.9148057623935824,0.0620776304598926,0.6146335911785902
1428,2016-05-03,2063.37,-0.0087145890251241,20.75504271621596,1.99,570835.0,286825.0,857660.0,15.6,17750.91,4763.22,1.8,7.66,1121.76,110.95,1658.599976,94.7,93.06,1291.8,43.65,-0.0078699538987656,-0.0113498928923565,-0.0169360740101769,-0.0101974372025841,0.0050633019565466,-0.0030916704174845,-0.0248881624352534,0.5113425441586212,0.2309618847214292,0.4085766528989794,0.0,0.6245782171430024
1429,2016-05-04,2051.12,-0.0059545830446676,20.71435063645202,1.28,599377.0,467447.0,1066824.0,16.05,17651.26,4725.64,1.784,7.72,1113.13,110.69,1644.0,94.7,93.27,1274.4,43.77,-0.0056296132796411,-0.0079209086198019,-0.0077230135663128,-0.0088415619309429,0.0022540663222692,-0.0135611150025329,0.0027453689171927,0.048790581269273,0.4884136996328294,0.2182335386868228,0.0,0.6127397652542933
1430,2016-05-05,2050.63,-0.0002389224123025,20.112853658540708,2.01,564601.0,280431.0,845032.0,15.91,17660.71,4717.09,1.747,7.72,1107.95,110.945,1641.199951,94.7,93.76,1272.3,44.33,0.0005352292848908,-0.0018109174648834,-0.0046644059571301,-0.0017046449042972,0.0052398130899309,-0.001649193447184,0.0127129975541584,-0.0597714954580634,-0.5109582679204294,-0.2330667927800362,0.0,0.614922852129863
1431,2016-05-06,2057.14,0.0031696056255201,19.24750694685356,1.72,819710.0,475669.0,1295379.0,14.72,17740.63,4736.16,1.779,7.8,1114.72,111.09,1643.199951,94.7,93.89,1294.0,44.58,0.004515090997744,0.004034596751044,0.0060917913465949,0.0012178786426018,0.0013855584417532,0.0169119099121903,0.0056236792007604,0.3728313321865375,0.5283945287950242,0.4271840989459043,0.0,0.6149558125187806
1432,2016-05-09,2058.69,0.0007531895502363,18.34716814229325,2.36,432894.0,183664.0,616558.0,14.57,17705.91,4750.21,1.76,7.82,1118.25,110.81,1642.900024,94.7,94.16,1266.6,43.45,-0.0019590070626787,0.0029621468007796,0.0031617110311481,-0.0001825428338237,0.0028715786815647,-0.0214020509785157,-0.0256744762463214,-0.6384577248317616,-0.95161423286949,-0.7424061977483785,0.0,0.6356199910892838
1433,2016-05-10,2084.39,0.0124063883107323,18.25303678063271,1.55,593815.0,383914.0,977729.0,13.63,17928.35,4809.88,1.76,7.75,1128.83,111.3,1662.300049,94.7,94.27,1264.8,44.68,0.012484776689412,0.0124833081859048,0.0094167347683065,0.0117392274980376,0.001167542456038,-0.0014221381870678,0.0279151224895986,0.316074928703232,0.7373105678488407,0.4610801378619342,0.0,0.656898537315287
1434,2016-05-11,2064.46,-0.0096075554928178,18.24562283808401,1.84,657576.0,356890.0,1014466.0,14.69,17711.12,4760.69,1.737,7.69,1114.74,111.56,1653.400024,94.7,93.83,1275.5,46.21,-0.01219056794082,-0.0102795200603846,-0.0125605042351297,-0.0053684266845248,-0.0046783711061006,0.0084242516866046,0.0336702506811752,0.1019925236843413,-0.0729909581213643,0.0368851091358557,0.0,0.6557538822773088
1435,2016-05-12,2064.11,-0.0001695502320844,18.16239064699299,1.97,556179.0,282524.0,838703.0,14.41,17720.5,4737.33,1.757,7.68,1108.6,111.78,1649.900024,94.7,94.16,1271.2,46.64,0.0005294705813128,-0.0049189298614411,-0.00552323586043,-0.0021190937903838,0.0035108286500626,-0.0033769223593598,0.0092623171600618,-0.1674701618413205,-0.2336641083204451,-0.1902609937096144,0.0,0.6628662762212636
1436,2016-05-13,2046.61,-0.0085143749616305,18.74536438917516,2.08,719482.0,346463.0,1065945.0,15.04,17535.32,4717.68,1.705,7.7,1102.44,111.85,1635.900024,94.7,94.61,1272.7,46.22,-0.0105050288416599,-0.0041565325241723,-0.0055720529143288,-0.0085215682727861,0.0047677157643324,0.0011792917754949,-0.0090459371960025,0.2574413237570301,0.2040125280913898,0.2397603576997014,0.0,0.6860033978605261
1437,2016-05-16,2066.66,0.0097490117600571,18.740689715842496,1.43,457099.0,319626.0,776725.0,14.68,17710.71,4775.46,1.753,7.63,1116.21,111.91,1648.5,94.7,94.56,1274.2,47.72,0.0099524086941045,0.0121731510357854,0.0124131132107541,0.0076726572408372,-0.0005286250585649,0.0011779026843861,0.0319379923834808,-0.453631511011098,-0.0806244685486987,-0.3165306462806576,0.0,0.6823738412131173
1438,2016-05-17,2047.21,-0.0094558869991754,18.64645544549033,1.58,651355.0,412091.0,1063446.0,15.57,17529.98,4715.73,1.759,7.61,1097.68,111.83,1641.599976,94.7,94.57,1276.9,48.29,-0.0102569833044032,-0.0125865752435263,-0.0167401566692095,-0.0041944221552183,0.0001057473696324,0.002116734748248,0.011873902655735,0.3541548108483745,0.2540926364740485,0.31418349524332,0.0,0.6532622966294781
1439,2016-05-18,2047.63,0.0002051362209378,19.126072308370908,1.61,770399.0,478260.0,1248659.0,15.95,17526.62,4739.12,1.88,7.63,1102.95,110.75,1641.199951,94.7,95.19,1274.4,48.12,-0.0001916900104568,0.004947735334932,0.0047895466974212,-0.0002437096447396,0.0065345932357931,-0.0019597858347966,-0.0035266087789724,0.1678537539774911,0.1489103189209757,0.1605555968238512,0.0,0.6187800021269347
1440,2016-05-19,2040.04,-0.0037136112860123,19.22569400245588,1.86,917745.0,493876.0,1411621.0,16.33,17435.4,4712.53,1.845,7.73,1094.76,110.37,1627.599976,94.7,95.31,1254.8,48.16,-0.0052182457989538,-0.0056265456610962,-0.0074532471649577,-0.0083211293299303,0.0012598426863208,-0.0154992822793156,0.0008309098940877,0.1750110117992456,0.0321299558654644,0.1226685139915435,0.0,0.6265878600110978
1441,2016-05-20,2052.32,0.0060014450623722,19.04975089565242,1.5,662266.0,440569.0,1102835.0,15.2,17500.94,4769.56,1.849,7.65,1112.28,110.48,1639.900024,94.7,95.27,1252.9,47.67,0.0037519715508516,0.0120291386573914,0.015876801530358,0.0075287566025412,-0.0004197712308471,-0.0015153330650168,-0.0102265317838314,-0.32625228633459,-0.1142174002422979,-0.2468545523843346,0.0,0.6256800123543785
1442,2016-05-23,2048.04,-0.0020876223328745,18.76493981026743,1.99,582556.0,293163.0,875719.0,15.82,17492.93,4765.78,1.838,7.65,1111.37,110.49,1635.599976,94.7,95.25,1251.5,48.12,-0.0004577944731405,-0.0007928401500105,-0.0008184741760626,-0.0026255841674656,-0.0002099517118772,-0.0011180323796775,0.0093956218897437,-0.1282419697627155,-0.4073383049660748,-0.2305941528207657,0.0,0.650627986167033
1443,2016-05-24,2076.06,0.0135886283835704,18.70483258265151,1.6,782438.0,490285.0,1272723.0,14.42,17706.05,4861.06,1.859,7.58,1135.31,110.75,1654.400024,94.7,95.59,1229.2,48.04,0.0121095897868901,0.019795303817423,0.0213122528765339,0.0114287250039062,0.0035631980688606,-0.0179792806154992,-0.0016638938946949,0.2949893678903397,0.5142580863500434,0.3738687154295572,0.0,0.6369890498389874
1444,2016-05-25,2090.54,0.006950539189753,18.92712943400779,1.21,699398.0,578386.0,1277784.0,13.9,17851.51,4894.89,1.87,7.5,1141.02,111.06,1668.900024,94.7,95.41,1223.8,49.1,0.0081817093989542,0.0069352826934494,0.0050168578160274,0.0087263213092079,-0.0018848173119163,-0.00440277922789,0.0218250375886919,-0.1121947210171043,0.1652546111739656,0.0039686279179491,0.0,0.6370226111143888
1445,2016-05-26,2090.1,-0.0002104940878071,19.121386176251324,1.53,601891.0,393811.0,995702.0,13.43,17828.29,4901.77,1.823,7.49,1139.75,111.1,1672.099976,94.7,95.14,1220.4,49.0,-0.0013015769863109,0.0014045605606547,-0.0011136590986895,0.0019155659853273,-0.002833903759619,-0.002782098185925,-0.0020387366898484,-0.150143599239259,-0.3843703670731866,-0.2494345905393213,0.0,0.6410811334674086
1446,2016-05-27,2099.06,0.0042777137484018,19.6967720790948,1.51,675694.0,446828.0,1122522.0,13.12,17873.22,4933.5,1.851,7.5,1150.45,111.04,1676.099976,94.7,95.7,1216.7,49.36,0.0025169817030175,0.0064523109345664,0.0093442300719912,0.0023893446988436,0.0058688074547728,-0.0030363980491117,0.0073200814865059,0.1156639450463821,0.1263026343160369,0.1198852025043191,0.0,0.6301949944123378
1447,2016-06-01,2099.33,0.0011295693348145,19.731883263323265,1.71,705686.0,413351.0,1119037.0,14.2,17789.67,4952.25,1.846,7.46,1163.04,110.92,1672.900024,93.5,95.42,1214.7,49.07,-0.0046855514433854,0.0037933434455688,0.0108840965707832,-0.0019109901306784,-0.0029300983709479,-0.0016451430871775,-0.0058925294953202,0.0434300685133592,-0.0778766221387918,-0.0031094455313791,-0.0127525638973908,0.6297882446957951
1448,2016-06-02,2105.26,0.0028207287425612,19.887270175880108,1.48,532326.0,360359.0,892685.0,13.63,17838.56,4971.36,1.811,7.43,1170.58,111.12,1673.800049,93.5,95.55,1212.6,49.14,0.0027444546465957,0.0038514257658874,0.0064620857194164,0.0005378581898973,0.0013614705983213,-0.0017303180685956,0.0014255169912207,-0.2819142957293969,-0.1371963541764316,-0.2259899979152759,0.0,0.632004170216783
1449,2016-06-03,2099.13,-0.0029160017713145,20.183667848214988,1.29,755008.0,584524.0,1339532.0,13.47,17807.06,4942.52,1.704,7.4,1164.13,112.0,1678.599976,93.5,93.87,1242.9,48.69,-0.0017673985302941,-0.0058181219369384,-0.005525325551738,0.0028635784776209,-0.017738824337381,0.0246805441138358,-0.0091996968984235,0.3494722615970431,0.4836970840282113,0.4058418031235007,0.0,0.6304386405789499
1450,2016-06-06,2109.41,0.0048853143586375,20.99814174843856,1.52,742674.0,489723.0,1232397.0,13.65,17920.33,4968.71,1.723,7.32,1176.87,112.21,1686.400024,93.5,94.03,1247.4,49.71,0.0063408146808505,0.0052849264840322,0.010884344958824,0.0046359952274439,0.0017030339400845,0.003614026340557,0.0207324499119718,-0.0164711585623127,-0.1769579156683534,-0.0833592457653615,0.0,0.6306723350932717
1451,2016-06-07,2112.13,0.0012886294463143,22.014361688808236,1.24,741548.0,598463.0,1340011.0,14.05,17938.28,4961.75,1.713,7.23,1179.97,112.39,1694.300049,93.5,93.86,1247.0,50.37,0.0010011543391819,-0.0014017479834045,0.0026306425448812,0.0046736115060159,-0.001809569922714,-0.0003207184119862,0.013189639650978,-0.0015172935262004,0.2005247767308287,0.0837167694215228,0.0,0.6315627241537917
1452,2016-06-08,2119.12,0.0033039911887859,23.292664152566893,1.39,560169.0,402244.0,962413.0,14.08,18005.05,4974.64,1.706,7.14,1188.95,112.98,1699.300049,93.5,93.55,1262.3,51.23,0.0037152972083891,0.0025945050930378,0.0075815502541978,0.0029467252909043,-0.0033082576461724,0.012194787078779,0.0169295381935516,-0.2805013692155338,-0.3973058322030098,-0.3309894294003239,0.0,0.6323042641372961
1453,2016-06-09,2115.48,-0.0017191710652788,24.171054846752654,1.56,543939.0,348061.0,892000.0,14.64,17985.19,4958.62,1.68,7.15,1181.2,112.84,1688.699951,93.5,94.07,1272.7,50.52,-0.0011036326523967,-0.0032255299648635,-0.0065396937921384,-0.006257457253775,0.0055431332637612,0.0082051742391859,-0.0139560004688203,-0.0294014156996311,-0.1446811178945282,-0.0759775398861535,0.0,0.6553706554872902
1454,2016-06-10,2096.07,-0.0092175742558202,24.44936080287341,1.78,812123.0,455308.0,1267431.0,17.03,17865.34,4894.55,1.639,7.24,1163.93,112.41,1665.199951,93.5,94.66,1275.9,49.09,-0.0066861185306148,-0.013005135003171,-0.0147286608437591,-0.0140137662267623,0.0062523384942414,0.0025111839296956,-0.0287139494123294,0.4008146983068812,0.2685963612490258,0.3512811635337112,0.0,0.6502276524988487
1455,2016-06-13,2079.06,-0.008148294359402,24.35909507954603,2.01,782198.0,389241.0,1171439.0,20.97,17732.48,4848.44,1.616,7.29,1150.7,112.0,1645.599976,93.5,94.39,1286.9,48.89,-0.007464536699441,-0.0094653374906688,-0.011431757196596,-0.0118401621405244,-0.0028563891412485,0.0085844135719224,-0.0040824714794069,-0.0375439010952565,-0.1567754239592673,-0.078759109517291,0.0,0.6440391665930315
1456,2016-06-14,2075.32,-0.0018005098283602,24.346768118315214,2.06,951893.0,462942.0,1414835.0,20.5,17674.82,4843.55,1.611,7.41,1147.82,111.49,1630.5,93.5,94.93,1288.1,48.49,-0.003256958365668,-0.0010090807800953,-0.0025059616685192,-0.0092183285250264,0.0057046425568545,0.0009320389024223,-0.0082152854732933,0.1963447280892705,0.1734030872013718,0.188780008907841,0.0,0.6285365635561969
1457,2016-06-15,2071.5,-0.001842376124614,24.23656711950025,2.32,962192.0,414174.0,1376366.0,20.14,17640.17,4834.93,1.596,7.37,1149.3,111.93,1633.800049,93.5,94.61,1288.3,47.92,-0.0019623401348329,-0.0017812719103034,0.001288570213819,0.0020219036698252,-0.0033765991773542,0.0001552553954367,-0.0118246373100667,0.0107613814344187,-0.111315600877548,-0.0275662240075238,0.0,0.6099361656855674
1458,2016-06-16,2077.99,0.0031280978105989,23.73390601688832,1.88,998495.0,529840.0,1528335.0,19.37,17733.1,4844.91,1.564,7.49,1148.19,111.95,1628.099976,93.5,94.61,1298.4,46.14,0.00525426197777,0.0020620182846364,-0.0009662719631986,-0.0034949439028402,0.0,0.0078092174029027,-0.0378527010615865,0.0370351303810512,0.2462888987933791,0.1047322150376555,0.0,0.6024762725046862
1459,2016-06-17,2071.22,-0.0032632746994192,23.20653352295021,1.92,891012.0,463144.0,1354156.0,19.41,17675.16,4800.34,1.618,7.42,1144.7,111.84,1635.800049,93.5,94.14,1294.8,48.0,-0.0032726856227167,-0.0092419205801856,-0.0030441954870834,0.0047183352592758,-0.0049801427433573,-0.0027764941482919,0.0395207581622836,-0.1138912499384812,-0.134537053326877,-0.1210005255186192,0.0,0.6105255539865416
1460,2016-06-20,2083.25,0.0057913686336803,22.85699743186044,1.79,666496.0,373035.0,1039531.0,18.37,17804.87,4837.21,1.67,7.26,1157.7,112.6,1664.099976,93.5,93.65,1292.1,49.4,0.0073117513077622,0.0076513594998974,0.0112926842872527,0.0171524110514527,-0.0052186070828987,-0.0020874413239146,0.0287494132859857,-0.2903237572932049,-0.2163657718279843,-0.2644087321325621,0.0,0.6098964659553681
1461,2016-06-21,2088.9,0.0027084373542942,22.56895941744473,2.09,780302.0,373217.0,1153519.0,18.48,17829.73,4843.76,1.697,7.28,1153.87,112.51,1668.800049,93.5,94.07,1272.5,48.95,0.0013952733597744,0.0013531703950029,-0.0033137681357588,0.002820412301836,0.0044747570937628,-0.0152853323034971,-0.0091510552173574,0.1576468861358009,0.0004877708967168,0.1040476202030813,0.0,0.6111702917011084
1462,2016-06-22,2085.45,-0.0016529523329484,22.575960757602225,1.54,841106.0,546273.0,1387379.0,21.17,17780.83,4833.32,1.685,7.23,1148.97,113.0,1667.900024,93.5,93.56,1270.0,49.16,-0.0027463780820102,-0.0021576764995927,-0.004255621228606,-0.0005394701364442,-0.0054362442678819,-0.0019665689720405,0.0042809157213143,0.0750366682224026,0.3809588308679767,0.1845990855243098,0.0,0.6173284751172476
1463,2016-06-23,2113.32,0.013275511311332,23.12611614186295,1.81,815955.0,450992.0,1266947.0,17.25,18011.07,4910.04,1.739,7.14,1172.22,113.27,1691.800049,93.5,93.21,1263.1,49.34,0.0128656582001696,0.0157484862788326,0.0200334979842811,0.0142277153606684,-0.0037479296429125,-0.0054478836727076,0.0036548264033768,-0.030358486073954,-0.1916692498004071,-0.0908062862614969,0.0,0.891728194004791
1464,2016-06-24,2037.41,-0.036580777234719,24.330420568669293,2.02,1453818.0,720750.0,2174568.0,25.76,17400.75,4707.98,1.579,7.49,1127.54,112.31,1608.800049,93.5,95.54,1322.4,46.7,-0.0344732601213326,-0.0420231471121113,-0.0388611183656459,-0.0503044899172229,0.0246899958887505,0.0458792507268848,-0.0549909464263591,0.5775892719346984,0.4688427355323625,0.5402199547563136,0.0,0.9483919471994329
1465,2016-06-27,2000.54,-0.0182622492616326,27.80473640483939,1.56,1317964.0,843796.0,2161760.0,23.85,17140.24,4594.44,1.46,7.64,1089.65,112.65,1571.800049,93.5,96.37,1324.7,45.8,-0.0150843933345079,-0.0244120645195078,-0.0341817247241333,-0.0232670993094012,0.0086499419013801,0.001737751183402,-0.0194600735547125,-0.0981050777422023,0.1576184227006649,-0.0059073193937795,0.0,0.9968456639190061
1466,2016-06-28,2036.09,0.0176141579169888,28.84428508491511,1.54,1030103.0,668173.0,1698276.0,18.75,17409.72,4691.87,1.461,7.55,1107.3,113.48,1599.099976,93.5,96.06,1317.9,47.93,0.0155997555343585,0.0209843468913835,0.0160680759622424,0.01721946535043,-0.0032219536265181,-0.0051464580403726,0.045457522051401,-0.2464293243531106,-0.2333636371766623,-0.2413090858796174,0.0,1.0298825125208253
1467,2016-06-29,2070.77,0.0168892167524523,28.269598186038586,1.6,1197790.0,747298.0,1945088.0,16.64,17694.68,4779.25,1.477,7.35,1131.62,114.62,1634.400024,93.5,95.65,1326.9,49.85,0.016235358489645,0.0184524067544682,0.0217256146569493,0.0218348232307459,-0.0042773003504157,0.0068058338925469,0.0392768832363072,0.1508193949323253,0.1119169125887964,0.1356936014129637,0.0,1.0419358584868244
1468,2016-06-30,2098.86,0.0134738214002876,27.816533082853407,1.54,1253489.0,811693.0,2065182.0,15.63,17929.99,4842.67,1.488,7.32,1151.92,115.15,1653.199951,93.5,95.96,1320.6,48.27,0.0132107004630732,0.0131825910895919,0.0177798810390035,0.0114369948103902,0.0032357420852315,-0.0047592157819194,-0.0322082467354456,0.0454526709747042,0.0826581552228162,0.059911137859645,0.0,1.0420305105471002
1469,2016-07-01,2102.95,0.0019467806929593,26.95754700785077,1.79,970321.0,541260.0,1511581.0,14.77,17949.37,4862.57,1.456,7.22,1156.77,115.06,1660.300049,90.0,95.64,1339.0,49.02,0.0010802869329182,0.0041008832112527,0.0042015230582448,0.0042855644283887,-0.0033402953813697,0.0138368879307009,0.0154181284275649,-0.2560591975431023,-0.4052224349575262,-0.3120622351711244,-0.0381517659643764,1.039437600372145
1470,2016-07-06,2099.73,0.0053387197390266,25.526127349483605,1.64,727611.0,442861.0,1170472.0,14.96,17918.62,4859.16,1.385,7.2,1147.33,115.48,1640.699951,90.0,96.1,1367.1,47.37,-0.0017146211724465,-0.0007015212600745,-0.0081941346467289,-0.0118753882709441,0.0047981733861224,0.0207686412467742,-0.0342392611643065,-0.2878603798614421,-0.2006438038391866,-0.2557490366897834,0.0,1.0356028016729826
1471,2016-07-07,2097.9,-0.0008719206389979,25.534898139199345,1.44,692448.0,482490.0,1174938.0,14.76,17895.88,4876.81,1.387,7.08,1149.76,115.44,1643.900024,90.0,96.25,1362.1,45.22,-0.0012698768965559,0.0036257341252063,0.0021157211136229,0.0019485319593579,0.0015596571916471,-0.0036640814846506,-0.0464496500858362,-0.0495334197371271,0.0857042441182507,0.0038082939849068,0.0,1.0669410733720388
1472,2016-07-08,2129.9,0.0151381858666237,26.704942165874776,1.03,975363.0,943202.0,1918565.0,13.2,18146.74,4956.76,1.366,6.93,1177.36,116.36,1662.300049,90.0,96.28,1358.4,45.37,0.0139204114968887,0.0162609838924847,0.0237214189307035,0.0111307329037506,0.0003116397469771,-0.0027200898962131,0.0033116268260484,0.3425765644114715,0.6703202744862988,0.4903621305203458,0.0,1.0422409512881963
1473,2016-07-11,2137.16,0.0034028145868036,28.15363061440477,0.98,815180.0,835478.0,1650658.0,13.54,18226.93,4988.64,1.434,6.78,1190.03,116.69,1676.199951,90.0,96.55,1356.6,44.73,0.0044092405257494,0.0064110260406327,0.0107038730159825,0.0083270824133734,0.0028003959596523,-0.0013259670451031,-0.0142066762311157,-0.1794007616500099,-0.1212764535111983,-0.150403514470323,0.0,1.0423092086977364
1474,2016-07-12,2152.14,0.0069848510963641,30.33108947097785,1.08,869858.0,808355.0,1678213.0,13.55,18347.67,5022.82,1.513,6.64,1205.89,116.29,1690.699951,90.0,96.51,1335.3,46.82,0.0066024201827161,0.006828201441456,0.0132393666417511,0.008613317928825,-0.0004143789554786,-0.0158255838220613,0.0456660446180081,0.0649210321854205,-0.0330026976828055,0.0165555405222512,0.0,1.042187562568637
1475,2016-07-13,2152.43,0.0001347405201634,32.290462847568975,1.23,650390.0,527134.0,1177524.0,13.04,18372.12,5005.73,1.468,6.74,1201.16,116.35,1694.400024,90.0,96.31,1343.6,44.87,0.0013317071591849,-0.0034082726901836,-0.0039301269921745,0.0021860946506055,-0.0020744743462719,0.0061965930482195,-0.0425410420748728,-0.2907577969746029,-0.42754653279788,-0.354315607952449,0.0,1.0433848560170784
1476,2016-07-14,2163.75,0.0052453910425329,34.737639543082764,0.92,782196.0,846927.0,1629123.0,12.82,18506.41,5034.06,1.531,6.63,1202.17,116.4,1703.199951,90.0,96.1,1332.2,45.64,0.0072828604373285,0.0056435593158692,0.0008405005217415,0.0051800957984466,-0.0021828395965259,-0.0085208677590582,0.0170151050059828,0.1845331655650461,0.4741597187269679,0.3246279043487838,0.0,1.0438907916844078
1477,2016-07-15,2161.74,-0.0009293745423875,36.74645192180074,1.57,740652.0,472181.0,1212833.0,12.67,18516.55,5029.59,1.594,6.67,1205.31,116.37,1700.599976,90.0,96.68,1327.4,45.93,0.0005477682094312,-0.0008883457381685,0.0026085382063429,-0.0015276899708682,0.0060172398590356,-0.0036095692672546,0.0063339733438274,-0.0545744691714915,-0.584252117742805,-0.2950828879167879,0.0,1.0436597672392474
1478,2016-07-18,2166.89,0.0023795068786034,38.86659931913631,1.47,623780.0,423310.0,1047090.0,12.44,18533.05,5055.78,1.587,6.67,1207.91,116.21,1703.900024,90.0,96.55,1329.3,45.23,0.0008906979341674,0.0051936733845678,0.0021547981584912,0.0019386394675011,-0.001345546960759,0.0014303461617286,-0.0153579148479505,-0.1717331372536783,-0.1092576154990112,-0.1469440572188762,0.0,1.042090919373291
1479,2016-07-19,2163.78,-0.0014362676143067,40.559272109020576,1.58,492177.0,311167.0,803344.0,11.97,18559.01,5036.37,1.558,6.67,1200.44,116.24,1698.699951,90.0,97.05,1332.3,44.64,0.0013997607163727,-0.0038465587476501,-0.0062034371710293,-0.00305653152685,0.0051653007404963,0.0022542840926131,-0.013130265416696,-0.2369593342083664,-0.3077750256048599,-0.2649871513248474,0.0,1.0413583919987917
1480,2016-07-20,2173.02,0.0042612128673695,42.5753887529148,1.18,863611.0,730049.0,1593660.0,11.77,18595.03,5089.93,1.58,6.64,1209.74,116.19,1707.300049,90.0,97.14,1319.3,44.96,0.0019389552944932,0.0105784935200947,0.0077173042316029,0.0050499801977972,0.0009269273025793,-0.0098054790764354,0.00714288751238,0.5622840280447878,0.852781909627069,0.6850055209872412,0.0,1.0447995319677181
1481,2016-07-21,2165.17,-0.0036190247858396,43.95904267194884,1.66,568146.0,342463.0,910609.0,12.74,18517.23,5073.9,1.565,6.62,1203.86,116.19,1705.400024,90.0,96.97,1331.0,43.96,-0.0041926907155875,-0.0031543253461006,-0.0048723994305026,-0.0011135025965804,-0.0017515846011439,0.0088292465053809,-0.022493076050015,-0.4187440079929772,-0.7569480325078164,-0.5596749302789039,0.0,1.0460435596361228
1482,2016-07-22,2175.03,0.0045435772372508,45.74687458568434,1.67,645516.0,386869.0,1032385.0,12.02,18570.85,5100.16,1.57,6.62,1212.89,116.2,1707.0,90.0,97.35,1323.4,43.41,0.0028914970717615,0.0051621591212231,0.0074728805400052,0.000937742413547,0.0039110795017531,-0.0057263568171528,-0.0125903002239184,0.1276715690213645,0.1219225117636728,0.1255133320416064,0.0,1.047435013650461
1483,2016-07-25,2168.48,-0.0030159962634028,47.03177150634416,1.37,509429.0,372164.0,881593.0,12.87,18493.06,5097.63,1.571,6.63,1209.82,115.91,1703.900024,90.0,97.26,1319.5,42.4,-0.0041976205004665,-0.0004961859485064,-0.0025343533837762,-0.0018176884879137,-0.0009249268425683,-0.0029513056345802,-0.0235414670735898,-0.2367595063201744,-0.0387515170954095,-0.1578964402284466,0.0,1.0302109264703092
1484,2016-07-26,2169.18,0.0003227546677591,47.88355139067638,1.42,405430.0,284899.0,690329.0,13.05,18473.75,5110.05,1.563,6.69,1216.86,115.58,1706.0,90.0,97.17,1320.8,42.16,-0.0010447210217119,0.0024334630648699,0.0058021821998028,0.0012316937450975,-0.0009257831242921,0.0009847366625388,-0.0056764580048054,-0.22834225837952,-0.267199885843695,-0.2445622027112524,0.0,1.0163019765189973
1485,2016-07-27,2166.58,-0.001199328519867,48.32935643874752,1.38,529026.0,383963.0,912989.0,12.83,18472.17,5139.81,1.515,6.7,1218.93,116.1,1706.400024,90.0,96.79,1326.7,41.9,-8.553041856629306e-05,0.0058069248997512,0.0016996543202187,0.000234453170214,-0.00391833869035,0.0044570423169529,-0.0061860773050148,0.266089347722243,0.2984114622845055,0.2795555367826363,0.0,1.0144762015022433
1486,2016-07-28,2170.06,0.0016049295062448,48.5735540883305,1.42,712362.0,500676.0,1213038.0,12.72,18456.35,5154.98,1.511,6.73,1217.33,115.82,1707.599976,90.0,96.66,1341.2,41.13,-0.000856790413902,0.0029471239296707,-0.0013134888969439,0.0007029596071541,-0.0013440167440599,0.0108700796692025,-0.0185480446857591,0.2975486291841847,0.2654129915144345,0.2841594034114596,0.0,1.0124657776402084
1487,2016-07-29,2173.6,0.0016299621902948,48.92928169778891,1.64,843575.0,513601.0,1357176.0,11.87,18432.24,5162.13,1.458,6.76,1219.94,116.19,1721.800049,90.0,95.52,1357.5,41.54,-0.0013071794521337,0.0013860472835265,0.0021417413726707,0.008281421853451,-0.0118640167726455,0.012080037216017,0.0099190362056331,0.1690626040943712,0.0254875141212203,0.112278113546683,0.0,1.0134400395573078
1488,2016-08-01,2170.84,-0.001270589706066,48.7352194639274,1.84,571530.0,311366.0,882896.0,12.44,18404.51,5184.2,1.496,6.85,1219.13,115.25,1717.699951,89.8,95.78,1359.6,40.05,-0.0015055619856809,0.0042662535361834,-0.0006641876041086,-0.0023841255659826,0.002718245270171,0.0015457660138702,-0.0365281449335976,-0.3893318379719872,-0.500477630304335,-0.4299539359148951,-0.0022246950221109,1.0200359623003301
1489,2016-08-02,2157.03,-0.0063819139077914,48.39267585520583,1.59,592310.0,372001.0,964311.0,13.37,18313.77,5137.73,1.537,6.91,1202.35,114.98,1706.5,89.8,95.11,1372.6,39.5,-0.0049425073679465,-0.0090041908759825,-0.013859514511453,-0.0065416687696995,-0.0070197784201688,0.0095162126525734,-0.0138280016072922,0.0357131711810918,0.1779274733315574,0.0882064433168228,0.0,1.0172197827548208
1490,2016-08-03,2163.79,0.0031290382452997,48.24241042556194,2.05,479452.0,233905.0,713357.0,12.86,18355.0,5159.74,1.542,6.89,1212.72,115.14,1703.400024,89.8,95.55,1364.7,40.8,0.0022487810403823,0.0042748429503696,0.0085877955772835,-0.0018182215503133,0.0046155541919876,-0.0057721272304656,0.0323814095030399,-0.2113863614391071,-0.4639814924232297,-0.3014318603221699,0.0,1.0170601851238819
1491,2016-08-04,2164.25,0.0002125673523032,47.85400856858416,1.69,475477.0,280945.0,756422.0,12.42,18352.05,5166.25,1.503,6.78,1213.76,115.91,1707.699951,89.8,95.79,1367.4,41.92,-0.0001607320668028,0.0012608962167295,0.000857208848771,0.0025211394031803,0.0025086247085184,0.0019765022356255,0.0270809586026707,-0.0083252743585635,0.1832438706205064,0.0586174251339564,0.0,1.0242412752330234
1492,2016-08-05,2182.87,0.0085666436043245,48.545852444162215,1.47,904559.0,615767.0,1520326.0,11.39,18543.53,5221.12,1.582,6.69,1231.3,115.61,1716.699951,89.8,96.24,1344.4,41.83,0.0103796562690998,0.0105648514231422,0.0143475422982914,0.0052564075341194,0.0046867762716233,-0.0169633096287435,-0.0021492545586796,0.6431290214376428,0.7847097245880725,0.6980806430268647,0.0,1.0004604120795653
1493,2016-08-08,2180.89,-0.0009074743505044,45.53885061184078,1.43,591667.0,413190.0,1004857.0,11.5,18529.29,5213.14,1.583,6.66,1230.42,116.3,1719.900024,89.8,96.38,1341.3,43.06,-0.0007682178318422,-0.0015295769045113,-0.0007149473030922,0.001862348802998,0.0014536395457627,-0.0023085239429052,0.0289807064821099,-0.4245035554949883,-0.3989611096295746,-0.4140795427163546,0.0,0.7165230543848761
1494,2016-08-09,2181.74,0.0003896732066461,37.73343479269244,1.59,510331.0,321186.0,831517.0,11.66,18533.05,5225.48,1.545,6.57,1231.74,116.84,1728.5,89.8,96.13,1346.7,42.78,0.000202901382531,0.0023642982977225,0.0010722293648379,0.0049878168249328,-0.002597269134462,0.0040178625479514,-0.0065237882819575,-0.1478844418174567,-0.2518871410251009,-0.1893487784090446,0.0,0.6135061195563828
1495,2016-08-10,2175.49,-0.0028687970506284,31.831566998439666,1.5,568505.0,379127.0,947632.0,12.05,18495.66,5204.58,1.509,6.56,1223.27,117.18,1727.5,89.8,95.57,1351.9,41.75,-0.0020195147337158,-0.004007652491623,-0.0069002029374019,-0.0005787037198539,-0.0058424787996358,0.0038538549143636,-0.0243712523573949,0.1079505734226007,0.1658508467275599,0.1307144978345178,0.0,0.5464406607742625
1496,2016-08-11,2185.79,0.0047233927423997,28.622605504250807,1.57,529780.0,337239.0,867019.0,11.68,18613.52,5228.4,1.573,6.56,1229.12,117.0,1735.800049,89.8,95.91,1350.0,43.51,0.0063520884209467,0.0045662967607249,0.0047708652343709,0.0047931537973768,0.0035512884617707,-0.0014064179378845,0.0412913454357242,-0.0705482821956327,-0.1170793634970319,-0.0889053500488259,0.0,0.4737217757745502
1497,2016-08-12,2184.05,-0.0007963678724891,27.080828176082623,1.38,581738.0,420507.0,1002245.0,11.55,18576.47,5232.89,1.515,6.54,1229.82,117.5,1736.099976,89.8,95.68,1343.2,44.47,-0.0019924722893005,0.0008584027927156,0.0005693510365514,0.0001727739846115,-0.0024009615375373,-0.0050497656691446,0.0218240077900162,0.0935583485213378,0.2206692483206573,0.1449368715462853,0.0,0.4190440113286618
1498,2016-08-15,2190.15,0.0027890832400512,25.667572448366244,1.34,589156.0,440703.0,1029859.0,11.81,18636.05,5262.02,1.553,6.46,1241.86,117.64,1739.400024,89.8,95.6,1347.5,45.72,0.0032021508304165,0.005551276725086,0.0097424385287263,0.0018990355297123,-0.0008364701449661,0.0031961970198208,0.0277210344040046,0.0126708297187381,0.046910053053276,0.0271794159141514,0.0,0.43740654569732196
1499,2016-08-16,2178.15,-0.0054941419708267,21.964750851985457,1.56,644833.0,413138.0,1057971.0,12.64,18552.02,5227.11,1.576,6.42,1231.13,117.33,1730.900024,89.8,94.78,1356.9,46.57,-0.004519198926598,-0.0066564393614712,-0.0086778089151753,-0.0048987216555538,-0.0086144035179138,0.0069516623687553,0.0184207180676763,0.0903003642717692,-0.0645895015923265,0.0269310231855701,0.0,0.43453192064701396
1500,2016-08-17,2182.22,0.0018668145969238,18.631518841940363,1.57,712116.0,454815.0,1166931.0,12.19,18573.94,5228.66,1.561,6.43,1227.68,117.69,1731.599976,89.8,94.72,1348.8,46.81,0.0011808450231107,0.0002964870136494,-0.0028062373782873,0.0004043044098391,-0.0006332454037467,-0.005987377904316,0.0051402983176931,0.0992494509471626,0.0961090652784601,0.0980243027398977,0.0,0.4328677369233332
1501,2016-08-18,2187.02,0.0021971793405901,13.87403267379046,1.5,565163.0,376927.0,942090.0,11.43,18597.7,5240.15,1.536,6.4,1236.85,117.97,1736.800049,89.8,94.15,1357.2,48.2,0.0012783941325107,0.0021950927781944,0.0074416154948062,0.002998545069075,-0.006035916032534,0.0062084456624837,0.0292621657445755,-0.2311266343752329,-0.1878392081165625,-0.2140316931606882,0.0,0.3474737993057124
1502,2016-08-19,2183.87,-0.0014413542987101,11.985496905913404,1.83,711116.0,388457.0,1099573.0,11.34,18552.57,5238.38,1.578,6.4,1236.77,117.42,1731.900024,89.8,94.51,1346.2,48.48,-0.0024295932277169,-0.0003378336497252,-6.468253007962943e-05,-0.0028252821842764,0.0038163939038033,-0.0081379453334617,0.0057923207045043,0.2297213818730963,0.0301309468250217,0.154576390192366,0.0,0.3449078218895832
1503,2016-08-22,2182.64,-0.000563379006361,10.332271416942428,1.51,508590.0,335949.0,844539.0,12.27,18529.42,5244.6,1.539,6.4,1239.74,117.57,1732.599976,89.8,94.53,1343.4,46.8,-0.0012485847176755,0.0011866856046509,0.0023985378002624,0.000404071011415,0.0002115954303283,-0.0020820947438489,-0.0352681388374578,-0.3351933760099399,-0.1452231188430026,-0.2638862852523864,0.0,0.32482089787808666
1504,2016-08-23,2186.9,0.0019498626169784,9.920273911159503,1.45,597497.0,411191.0,1008688.0,12.38,18547.3,5260.08,1.553,6.37,1248.58,117.67,1738.599976,89.8,94.53,1346.1,47.54,0.000964486685234,0.0029472599270761,0.0071052253649179,0.0034570212367288,0.0,0.0020078088172832,0.0156882590084466,0.1611070718945875,0.2020984640135932,0.1776148391357512,0.0,0.3415240519477777
1505,2016-08-24,2175.44,-0.0052540729805707,9.082821279946934,1.53,744318.0,487994.0,1232312.0,13.45,18481.48,5217.69,1.559,6.36,1237.25,117.27,1731.199951,89.8,94.77,1329.7,46.29,-0.0035550763121303,-0.0080914605452591,-0.0091157307272666,-0.0042653964926584,0.0025356590448106,-0.0122581697873869,-0.0266455068888684,0.2197190999977394,0.1712452839537004,0.200241603295586,0.0,0.3299769715116544
1506,2016-08-25,2172.47,-0.0013661738453381,8.869015682986625,1.88,646075.0,344321.0,990396.0,13.63,18448.41,5212.2,1.577,6.39,1240.01,117.26,1727.300049,89.8,94.72,1324.6,46.97,-0.001790961675729,-0.0010527437023846,0.0022282692506978,-0.0022552572808844,-0.0005277323464083,-0.0038428258117813,0.0145831449957243,-0.1415527667554652,-0.3487287488913537,-0.2185424956352033,0.0,0.3309145005596517
1507,2016-08-26,2169.04,-0.0015800957333471,8.598980432145206,1.53,865412.0,565116.0,1430528.0,13.65,18395.4,5218.92,1.635,6.37,1238.03,117.11,1726.099976,89.8,95.48,1325.9,47.64,-0.0028775545514054,0.0012884524249869,-0.0015980374984785,-0.0006950095787443,0.0079916303349341,0.0009809470697943,0.0141636444481956,0.2922900979999649,0.4954566580035546,0.367694022724315,0.0,0.34153850301052024
1508,2016-08-29,2180.38,0.0052145001841603,8.519042334001117,1.45,592849.0,407752.0,1000601.0,12.94,18502.99,5232.33,1.566,6.37,1244.94,117.69,1725.599976,89.8,95.57,1327.1,46.97,0.0058317072868021,0.002566201623571,0.0055659293821994,-0.0002897123217264,0.0009421618074592,0.00090463632253,-0.0141636444481956,-0.3782659649794517,-0.3263718733524232,-0.3574427874203127,0.0,0.34253095830741215
1509,2016-08-30,2176.12,-0.0019556990050677,8.235285058190058,1.63,619229.0,379478.0,998707.0,13.12,18454.3,5222.99,1.57,6.33,1246.03,117.65,1723.699951,89.8,96.05,1316.5,46.32,-0.0026349349841794,-0.0017866507164843,0.0008751611376851,-0.0011016874336151,0.005009925936477,-0.0080194105068391,-0.0139352667741636,0.0435354266687877,-0.0718625223145643,-0.001894656117594,0.0,0.33670890159655814
1510,2016-08-31,2170.95,-0.0023786147623905,8.267486858481632,2.21,745257.0,337666.0,1082923.0,13.42,18400.88,5213.22,1.568,6.37,1239.91,117.22,1719.5,89.8,95.99,1311.4,44.68,-0.0028989161040886,-0.0018723277615428,-0.004923700784281,-0.0024395638608041,-0.00062486983912,-0.0038814311068451,-0.03604785906374,0.1852539695311357,-0.1167393828958456,0.0809577033373507,0.0,0.3298357731146411
1511,2016-09-01,2170.86,-4.145736456084848e-05,8.081399644834567,2.08,689843.0,331340.0,1021183.0,13.48,18419.3,5227.21,1.57,6.4,1239.8,116.58,1723.599976,91.2,95.65,1317.1,43.17,0.0010005383752424,0.0026799678506108,-8.872005200011301e-05,0.0023815619450173,-0.0035483234891833,0.0043370811754819,-0.0343801646336139,-0.0772650898661453,-0.0189122027345707,-0.0587021075268214,0.0154699217721319,0.32824934827733543
1512,2016-09-02,2179.98,0.0041923000419616,8.114278467437305,2.16,843061.0,390174.0,1233235.0,11.98,18491.96,5249.9,1.596,6.38,1251.83,116.92,1734.599976,91.2,95.88,1326.7,44.39,0.0039370150925766,0.0043313538701426,0.0096564044253097,0.0063617125969743,0.0024017136799212,0.0072623059178695,0.0278684092785579,0.2005752805316714,0.1634477549624193,0.1886790389089938,0.0,0.32660725613015806
1513,2016-09-07,2186.16,-0.000146364667831,8.2559798523837,2.07,724475.0,350128.0,1074603.0,11.94,18526.14,5283.93,1.541,6.3,1261.01,117.97,1747.5,91.2,94.96,1349.2,45.47,0.0018466647241908,0.0064611102295106,0.007306506454463,0.0074093696936525,-0.009641659264771,0.016817168264624,0.0240385489909753,-0.1515920613916694,-0.1082939915608065,-0.1376895070286092,0.0,0.3297732211728754
1514,2016-09-08,2181.3,-0.002225550780543,8.037979537613795,1.88,682940.0,364143.0,1047083.0,12.51,18479.91,5259.48,1.616,6.28,1258.36,117.43,1744.400024,91.2,94.99,1341.6,47.63,-0.0024985116784659,-0.004637976485462,-0.0021037013041445,-0.001775524381042,0.0003158726006784,-0.0056488926784954,0.0464100469758497,-0.0590402466277755,0.03924784571943,-0.0259430881822506,0.0,0.5589547392782511
1515,2016-09-09,2127.81,-0.0248277475630782,12.096566796637164,2.04,1436824.0,705554.0,2142378.0,17.5,18085.45,5125.91,1.672,6.43,1219.21,116.28,1707.900024,91.2,95.35,1334.5,45.88,-0.0215764484780027,-0.0257240923091277,-0.0316061778449645,-0.0211461110494326,0.0037827091443372,-0.0053062416644209,-0.0374335225515989,0.7437833932132687,0.6614366621922443,0.7159082241817938,0.0,0.6238148288169979
1516,2016-09-12,2159.04,0.0145703966780184,12.493216347373943,1.44,1191102.0,827291.0,2018393.0,15.16,18325.07,5211.89,1.672,6.5,1235.87,116.26,1715.800049,91.2,95.15,1325.6,46.28,0.0131623200897568,0.0166344836599048,0.0135720674940333,0.0046149130194805,-0.0020997383042695,-0.0066915027322256,0.0086806100643057,-0.1875561931890335,0.1591731975510448,-0.0596147767995329,0.0,0.6776763393673811
1517,2016-09-13,2127.02,-0.014941739368127,15.331279272376255,1.65,831481.0,505205.0,1336686.0,17.85,18066.75,5155.25,1.734,6.6,1212.32,114.98,1694.800049,91.2,95.58,1323.7,44.91,-0.0141968353705852,-0.0109269409996635,-0.0192392963094523,-0.012314704032601,0.0045089994078537,-0.0014343413926276,-0.0300494152258292,-0.3594257599042709,-0.4931922198768959,-0.4121082338589907,0.0,0.6775928231812188
1518,2016-09-14,2125.77,-0.0005878494052122,17.461885863809446,1.51,840196.0,555329.0,1395525.0,18.14,18034.77,5173.77,1.689,6.56,1211.59,115.2,1692.5,91.2,95.34,1326.1,43.62,-0.001771671019112,0.0035860168431298,-0.0006023326130684,-0.00135804287794,-0.0025141433733324,0.0018114579638277,-0.0291447263261637,0.0104267498513888,0.0945964434091575,0.0430772721735106,0.0,0.6964097452243683
1519,2016-09-15,2147.26,0.0100585210893395,18.02368463774024,1.56,771292.0,494751.0,1266043.0,16.3,18212.48,5249.69,1.703,6.56,1227.02,115.68,1704.800049,91.2,95.28,1318.0,43.85,0.0098055120799767,0.0145673974997375,0.0126549189265743,0.0072411047403511,-0.0006295247296357,-0.0061268676211003,0.0052589580447093,-0.0855681671655954,-0.1155061252035132,-0.0973744001696328,0.0,0.6966707111849961
1520,2016-09-16,2139.16,-0.0037793821611114,18.987423411452657,1.63,901128.0,552775.0,1453903.0,15.37,18123.8,5244.57,1.701,6.59,1224.78,115.35,1696.300049,91.2,96.04,1310.2,43.04,-0.0048810817214288,-0.0009757715944225,-0.0018272294830214,-0.0049983931387043,0.0079448463060085,-0.0059356387646767,-0.0186448029646633,0.1555802811039601,0.1108964414147468,0.1383553759787101,0.0,0.6966181938826997
1521,2016-09-19,2139.12,-1.8699103377706194e-05,19.779464216766563,1.65,604994.0,365907.0,970901.0,15.53,18120.17,5235.03,1.696,6.56,1232.53,115.76,1703.099976,91.2,95.87,1317.8,43.34,-0.0002003091831355,-0.0018206806815772,0.0063077313778565,0.004000668364763,-0.0017716642641474,0.0057838821819435,0.0069460802546843,-0.3984287712647774,-0.4125718443659671,-0.403782437003132,0.0,0.6759417241469283
1522,2016-09-20,2139.76,0.0002991437033861,20.44458578220191,1.53,518987.0,340174.0,859161.0,15.92,18129.96,5241.35,1.688,6.56,1228.33,115.89,1703.199951,91.2,96.0,1318.2,43.85,0.0005401360071264,0.0012065237737974,-0.0034134441439652,5.8700057054217325e-05,0.0013550843789307,0.0003034901388998,0.0116987227099789,-0.1533397059436705,-0.0729219513430585,-0.1222681746848177,0.0,0.7080558495452561
1523,2016-09-21,2163.12,0.0108579507223058,20.329033074321416,1.94,1026175.0,529095.0,1555270.0,13.3,18293.7,5295.18,1.668,6.52,1245.04,117.15,1721.699951,91.2,95.5,1331.4,45.33,0.0089909198040203,0.0102178740709497,0.0135121346493152,0.0108033405122895,-0.0052219439811516,0.0099638505479839,0.0331943461345658,0.6817147418056315,0.4417107484467912,0.5934481113183665,0.0,0.7186628621371698
1524,2016-09-22,2177.18,0.0064788374909872,20.3515413545748,1.73,1041212.0,601856.0,1643068.0,12.02,18392.46,5339.52,1.632,6.37,1263.44,117.61,1740.599976,91.2,95.37,1344.7,46.1,0.0053840597419814,0.0083387884816641,0.0146705016650452,0.0109177212448807,-0.0013621838958632,0.0099399196632212,0.0168438850498446,0.0145471217290165,0.1288502141815097,0.0549160619049295,0.0,0.7244389343236797
1525,2016-09-23,2164.69,-0.0057532972898819,20.09666201170542,2.11,879662.0,416607.0,1296269.0,12.29,18261.45,5305.75,1.615,6.36,1254.62,117.24,1729.699951,91.2,95.51,1341.7,44.36,-0.0071485174650121,-0.0063446231579042,-0.0070054216903345,-0.0062819128457993,0.0014668904558252,-0.0022334732333986,-0.0384747875204363,-0.1686029554359134,-0.3678748826633562,-0.2370750877835785,0.0,0.7342912316906731
1526,2016-09-26,2146.1,-0.0086249226899335,20.23269626497344,1.78,712461.0,400177.0,1112638.0,14.5,18094.83,5257.49,1.589,6.4,1240.94,116.88,1714.900024,91.2,95.3,1344.1,45.6,-0.0091660184462796,-0.009137411585403,-0.0109635809420307,-0.0085931708641791,-0.0022011433864896,0.0017871774806765,0.0275695540381741,-0.2108125689787705,-0.0402363821404101,-0.1527563658113813,0.0,0.7453864895862569
1527,2016-09-27,2159.93,0.0064235723182362,19.76345961823782,1.66,601373.0,361246.0,962619.0,13.1,18228.3,5305.71,1.556,6.4,1246.38,117.21,1719.900024,91.2,95.47,1330.4,44.65,0.0073490693512674,0.0091298725662678,0.0043741928452138,0.0029113796796602,0.0017822513497849,-0.0102449951983842,-0.0210534091978327,-0.1695097995004069,-0.1023477825327479,-0.1448313564080479,0.0,0.7504030743097242
1528,2016-09-28,2171.37,0.0052824909853752,19.652641084570824,1.45,619819.0,426629.0,1046448.0,12.39,18339.24,5318.55,1.567,6.36,1255.67,117.33,1725.599976,91.2,95.43,1323.7,47.07,0.0060676950307438,0.0024171106978538,0.0074259448780935,0.0033086386299938,-0.0004190675807791,-0.005048803158993,0.0527815480905431,0.0302121256316301,0.1663556163975545,0.0834991563272691,0.0,0.7627949577468918
1529,2016-09-29,2151.13,-0.0093650192835159,19.549386858454216,1.8,881446.0,489364.0,1370810.0,14.02,18143.45,5269.15,1.557,6.3,1237.75,116.86,1719.800049,91.2,95.53,1326.0,47.72,-0.0107334124583804,-0.0093316505903242,-0.0143740794112092,-0.0033667686982594,0.0010473398527546,0.0017360460260826,0.0137147418166643,0.3521362408104505,0.1371918057438428,0.2700002337735601,0.0,0.7770120995115456
1530,2016-09-30,2168.27,0.0079363291030869,19.09130377920234,1.69,776345.0,458399.0,1234744.0,13.29,18308.15,5312.0,1.608,6.24,1251.65,117.21,1725.699951,91.2,95.42,1317.1,47.72,0.0090367018626977,0.0080993529521258,0.0111674656207121,0.0034247033907774,-0.0011521341939566,-0.0067345417408066,0.0,-0.1269667317319722,-0.0653666049450993,-0.1045381448583864,0.0,0.7776300254695554
1531,2016-10-03,2161.2,-0.0032659915807071,18.70792715657033,1.97,606728.0,308035.0,914763.0,13.57,18253.85,5300.87,1.622,6.23,1245.78,116.94,1722.800049,87.2,95.75,1312.7,48.8,-0.0029702992135334,-0.0020974541439535,-0.0047008411123075,-0.0016818342372317,0.0034524279727952,-0.0033462651956392,0.0223797156293863,-0.2465164238186066,-0.3975265710161899,-0.2999539247941332,-0.0448505661653522,0.7819404848819054
1532,2016-10-04,2150.49,-0.0049678998383084,18.45660882137371,1.62,641198.0,397002.0,1038200.0,13.63,18168.45,5289.66,1.683,6.2,1239.78,116.43,1717.800049,87.2,96.14,1269.7,48.67,-0.0046894433630892,-0.0021169864372385,-0.0048278952463691,-0.0029064717650451,0.0040648344050584,-0.0333054327336164,-0.0026674890137385,0.0552577163852632,0.2537279055767882,0.1265787080615883,0.0,0.7867890527182467
1533,2016-10-05,2159.73,0.0042874907334571,17.83962991508119,1.74,467048.0,267993.0,735041.0,12.99,18281.03,5316.02,1.716,6.16,1248.37,116.46,1721.099976,87.2,96.17,1268.6,49.75,0.0061773368508628,0.0049709314782191,0.0069047558449408,0.0019191764743835,0.000311996258576,-0.0008667218759486,0.0219476397592388,-0.3169062654660202,-0.392980457691122,-0.3453174434231414,0.0,0.7857814263329482
1534,2016-10-06,2160.77,0.0004814257702054,17.62744126375311,1.9,515209.0,271754.0,786963.0,12.84,18268.5,5306.85,1.742,6.15,1246.24,116.28,1718.400024,87.2,96.69,1253.0,50.44,-0.0006856449585459,-0.0017264641810985,-0.0017076821768702,-0.0015699680503393,0.0053925257710663,-0.0123732543037284,0.0137740474921166,0.0981406074687392,0.0139363845374589,0.0682549533650966,0.0,0.782365468947017
1535,2016-10-07,2153.74,-0.0032587738683274,17.517355862875366,1.85,778738.0,421600.0,1200338.0,13.48,18240.49,5292.4,1.736,6.15,1236.56,116.35,1712.400024,87.2,96.63,1251.9,49.76,-0.0015344168926958,-0.0027266097039433,-0.0077976873275753,-0.0034977299948177,-0.0006207324842391,-0.0008782786304513,-0.0135730626657943,0.4131020170914841,0.43915975192294,0.4221772294470671,0.0,0.7944182236112042
1536,2016-10-11,2136.73,-0.0125246091783113,17.475820997311754,1.64,887503.0,539881.0,1427384.0,15.36,18128.66,5246.79,1.759,6.16,1227.62,115.85,1700.300049,87.2,97.7,1255.9,50.72,-0.0061497369305474,-0.0086553681526915,-0.0072559952794186,-0.0070911744043247,0.0110123070375198,0.003190049758464,0.0191088616980463,0.130737240952401,0.2472917476756784,0.1732402145004563,0.0,0.7947264628344096
1537,2016-10-12,2139.18,0.001145955021558,17.468360442285125,1.95,731054.0,375314.0,1106368.0,15.91,18144.2,5239.02,1.778,6.18,1227.23,115.85,1695.5,87.2,97.98,1253.8,50.14,0.0008568390223846,-0.0014820030922031,-0.0003177383573591,-0.0028270523161895,0.0028618171616914,-0.0016735071842131,-0.0115012173988233,-0.1939245731950976,-0.3635857359670744,-0.2547608199822857,0.0,0.7887985722976151
1538,2016-10-13,2132.55,-0.0031041312647026,17.809325801588436,1.55,765153.0,494623.0,1259776.0,16.69,18098.94,5213.33,1.738,6.2,1215.75,116.12,1689.599976,87.2,97.55,1257.6,50.47,-0.0024975773913222,-0.0049156508785621,-0.0093984269233899,-0.003485882258297,-0.0043983091413082,0.0030262028350742,0.0065600076220238,0.0455884853987527,0.2760328472943829,0.1298513490630828,0.0,0.7886071568915095
1539,2016-10-14,2132.98,0.0002016162125011,18.035307313016716,1.69,757288.0,447734.0,1205022.0,16.12,18138.38,5214.16,1.794,6.13,1212.41,115.54,1693.699951,87.2,98.09,1255.5,50.35,0.0021767622756438,0.0001591945907879,-0.0027510560313261,0.0024236556589354,0.0055203575071036,-0.0016712430773022,-0.0023804811875995,-0.0103321836028307,-0.0995965501544908,-0.0444361033438998,0.0,0.7892030884357478
1540,2016-10-17,2126.5,-0.0030426272686296,18.061668944131053,1.65,567441.0,344373.0,911814.0,16.21,18086.4,5199.82,1.766,6.14,1210.14,115.57,1687.800049,87.2,97.88,1256.6,49.97,-0.002869860668639,-0.0027539920498096,-0.0018740588754591,-0.0034895212105903,-0.0021431860017528,0.0008757613712067,-0.0075757938084577,-0.2886068510332329,-0.2624739338078399,-0.2788170811136865,0.0,0.7989393573517637
1541,2016-10-18,2139.6,0.0061414599634064,17.028379475926094,1.48,684639.0,463394.0,1148033.0,15.28,18161.94,5243.84,1.749,6.08,1217.3,115.75,1701.099976,87.2,97.88,1262.9,50.3,0.0041679210332929,0.0084300447720817,0.0058992360384406,0.0078491517512775,0.0,0.0050010026832776,0.0065822517495797,0.187754912852661,0.2968522918693441,0.2303693002051456,0.0,0.7957397779041476
1542,2016-10-19,2144.29,0.0021895995806566,15.716290709582545,1.57,740025.0,470432.0,1210457.0,14.41,18202.62,5246.41,1.752,6.02,1222.64,115.9,1706.699951,87.2,97.85,1269.9,51.59,0.002237344104774,0.0004899787996315,0.0043771638040306,0.0032865662073149,-0.0003065447323864,0.0055274935428633,0.0253227781508651,0.0777922773655408,0.0150737573444015,0.0529479311248515,0.0,0.7933292449929634
1543,2016-10-20,2141.34,-0.0013766939590791,14.59454987596115,1.46,661046.0,452834.0,1113880.0,13.75,18162.35,5241.83,1.747,5.99,1219.79,116.0,1704.0,87.2,98.33,1267.5,50.31,-0.0022147696786802,-0.000873359170102,-0.002333742456086,-0.0015832243250732,0.0048934749499798,-0.001891700729649,-0.0251239907533311,-0.1128605404530436,-0.0381258090723477,-0.0831485584789799,0.0,0.7928367784200032
1544,2016-10-21,2141.16,-8.40630473346593e-05,14.144315717502757,1.96,873516.0,445291.0,1318807.0,13.34,18145.71,5257.4,1.74,5.99,1218.1,116.48,1701.199951,87.2,98.69,1267.7,50.61,-0.0009166009511396,0.0029659339615939,-0.001386445057582,-0.0016445728129808,0.0036544553918513,0.000157778479342,0.0059453207227591,0.278703017563112,-0.0167976113794416,0.1688781242822816,0.0,0.6565388367383489
1545,2016-10-24,2151.33,0.0047385172845473,14.02061774473523,2.22,586137.0,263491.0,849628.0,13.02,18223.03,5309.83,1.763,5.98,1226.45,116.47,1706.199951,87.2,98.75,1263.7,50.18,0.0042520096375504,0.0099232117085961,0.006831549753179,0.0029347911795234,0.0006077795973151,-0.0031603091800453,-0.00853264428771,-0.3989728958727401,-0.524708789229388,-0.4396842124090021,0.0,0.6022846522210341
1546,2016-10-25,2143.16,-0.0038048801401329,13.466504981870298,2.03,528680.0,260628.0,789308.0,13.46,18169.27,5283.4,1.758,5.98,1216.1,116.52,1701.199951,87.2,98.73,1273.6,49.45,-0.0029544732872359,-0.0049899898033416,-0.0084748004721388,-0.0029347911795234,-0.000202552157873,0.0078036103254834,-0.0146544828695551,-0.1031702167590626,-0.0109251085221941,-0.0736419944039639,0.0,0.5366937431826532
1547,2016-10-26,2139.43,-0.0017419369788722,12.870216267474316,1.43,561572.0,391786.0,953358.0,14.24,18199.33,5250.27,1.79,6.06,1204.75,115.84,1699.900024,87.2,98.62,1266.6,48.75,0.0016530747317915,-0.0062903260195419,-0.0093769404665113,-0.0007644156730783,-0.0011147708273782,-0.005511391007789,-0.0142568606248651,0.0603566600292087,0.4076216690772458,0.1888338767107829,0.0,0.5396989579175804
1548,2016-10-27,2133.04,-0.0029912461712182,13.212766679363163,1.48,626043.0,423775.0,1049818.0,15.36,18169.68,5215.97,1.843,6.14,1189.95,114.85,1694.699951,87.2,98.93,1269.5,49.71,-0.0016305094127595,-0.0065544307784879,-0.0123607871043205,-0.0030637348175481,0.0031384485391514,0.0022869770624032,0.0195009226627251,0.1086790649180731,0.0784868816491197,0.0963816058573439,0.0,0.5084520070777391
1549,2016-10-28,2126.41,-0.0031130804936907,13.73568991573502,1.83,887234.0,484537.0,1371771.0,16.19,18161.19,5190.1,1.845,6.19,1187.61,114.57,1691.0,87.2,98.35,1276.8,48.72,-0.0004673711449534,-0.0049721082591585,-0.0019684052184176,-0.0021856351870734,-0.0058799845000629,0.005733825550811,-0.0201164967049396,0.3486896992783137,0.1339911417994912,0.2674857899396006,0.0,0.5042378203730278
1550,2016-10-31,2126.15,-0.0001222792860415,14.239208008263946,1.81,613390.0,338203.0,951593.0,17.06,18142.42,5189.13,1.834,6.34,1191.39,114.69,1690.900024,87.2,98.36,1273.1,46.83,-0.00103405703579,-0.0001869117464057,0.0031778084750033,-5.91241605718551e-05,0.0001016725129234,-0.0029020766279446,-0.039565600206191,-0.3691078091437454,-0.3595474888880687,-0.3657204623640773,0.0,0.5183829702064575
1551,2016-11-01,2111.72,-0.0068100511662958,15.659476602403991,1.95,902846.0,462656.0,1365502.0,18.56,18037.1,5153.58,1.82,6.46,1177.94,114.12,1684.0,93.8,97.73,1288.0,46.66,-0.0058220947928901,-0.0068744342636044,-0.0113535425444224,-0.0040890299357361,-0.0064256429972475,0.0116357565967,-0.0036367566021664,0.3865510472658204,0.3133374904618602,0.3611399832078454,0.0729605250972449,0.5299783746220592
1552,2016-11-02,2097.94,-0.0065468703977362,17.759865514508878,1.63,855849.0,524366.0,1380215.0,19.32,17959.64,5105.57,1.799,6.54,1162.53,114.0,1672.800049,93.8,97.38,1308.2,45.32,-0.0043037297021921,-0.0093595181812933,-0.0131684855481415,-0.0066730173956441,-0.0035877235961896,0.015561518862813,-0.0291388304334785,-0.053458037525333,0.1252061164067175,0.0107171575399451,0.0,0.4868332969058056
1553,2016-11-03,2088.66,-0.0044331988718822,19.506733953439014,1.87,992063.0,529812.0,1521875.0,22.08,17930.67,5058.41,1.812,6.54,1156.88,114.3,1667.0,93.8,97.15,1303.3,44.66,-0.0016143636704022,-0.0092798959536004,-0.0048719382736059,-0.0034732946558335,-0.0023646749311057,-0.0037526369904385,-0.0146701897477936,0.1476926546208936,0.0103323128535368,0.0977038431533632,0.0,0.46488883978986095
1554,2016-11-04,2085.18,-0.001667529568162,21.619788891526756,1.99,1205847.0,605009.0,1810856.0,22.51,17888.28,5046.37,1.783,6.57,1163.44,114.02,1660.099976,93.8,96.89,1304.5,44.07,-0.0023669046574443,-0.0023830317330553,0.0056544075629174,-0.0041477767077244,-0.0026798614265359,0.0009203160401094,-0.0132989675581161,0.1951508902345207,0.1327211073151666,0.1738565343704294,0.0,0.6273931050125302
1555,2016-11-07,2131.52,0.0219801577829619,21.629204936773498,1.78,1022098.0,573939.0,1596037.0,18.71,18259.6,5166.17,1.828,6.42,1192.25,114.94,1685.599976,93.8,97.74,1279.4,44.88,0.0205452193199651,0.0234624286671891,0.0244611443088791,0.0152437422086562,0.0087345774450957,-0.0194286075607461,0.018212982360545,-0.1653248469899413,-0.0527202150579348,-0.1262759799429567,0.0,0.6128344951958552
1556,2016-11-08,2139.56,0.003764860174332,21.265261805236012,2.14,1097807.0,513038.0,1610845.0,18.74,18332.74,5193.49,1.862,6.44,1195.14,115.24,1691.699951,93.8,97.97,1274.5,44.96,0.0039975632824358,0.0052743165959565,0.0024210551369039,0.0036123422645735,0.0023504175145419,-0.003837273199867,0.0017809443709948,0.0714571759071844,-0.1121732023938228,0.0092352043177612,0.0,0.6352773788027626
1557,2016-11-09,2163.26,0.0110161427512336,20.878301049240196,1.55,1416756.0,916089.0,2332845.0,14.38,18589.69,5251.07,2.072,6.54,1232.16,113.53,1696.5,93.8,98.62,1273.5,45.2,0.0139185935579693,0.0110259471609044,0.0305053934757024,0.0028333937079851,0.0066127714394292,-0.0007849293966586,0.00532388125275,0.2550551976011572,0.579763605024807,0.3703296667355555,0.0,0.6286897744437114
1558,2016-11-10,2167.48,0.0019488592414456,21.43814014737661,1.33,1070805.0,807937.0,1878742.0,14.74,18807.88,5208.8,2.117,6.62,1251.61,109.34,1701.300049,93.8,98.86,1266.4,44.62,0.0116688049914444,-0.0080823624204864,0.015661995744959,0.0028253882653119,0.0024306270828331,-0.0055907858527088,-0.0129148978337991,-0.279959049044411,-0.1256294363420771,-0.2164861488439911,0.0,0.6046473588795575
1559,2016-11-14,2164.2,-0.0001155094545772,21.383735276089425,1.24,832827.0,674252.0,1507079.0,14.48,18868.69,5218.4,2.222,6.86,1298.6,108.16,1692.300049,93.8,99.97,1221.7,43.29,0.003228003653378,0.0018413385592328,0.0368560385384872,-0.0053041141208796,0.0111654331002766,-0.0359348981567881,-0.0302605275504972,-0.2513400435168496,-0.1808801569099785,-0.220429063624719,0.0,0.6025567836055014
1560,2016-11-15,2180.39,0.0074529817276225,22.62090856868496,1.35,712244.0,528787.0,1241031.0,13.37,18923.06,5275.62,2.238,6.72,1302.14,110.02,1701.800049,93.8,100.14,1224.5,45.86,0.0028773495544083,0.0109053665006442,0.0027223037952479,0.005597963839782,0.0016990659227085,0.002289265982208,0.057671615975869,-0.1564053881903859,-0.2430182240026521,-0.194230854535462,0.0,0.60000348158153
1561,2016-11-16,2176.94,-0.0015835388740041,23.356911394169785,1.18,813866.0,687627.0,1501493.0,13.72,18868.14,5294.58,2.223,6.71,1302.2,109.95,1698.400024,93.8,100.3,1223.9,45.56,-0.0029064987966762,0.0035874477936559,4.607693312674854e-05,-0.0019998976885062,0.0015964880660916,-0.0004901160039292,-0.0065631388507769,0.1333751839525874,0.2626608354818778,0.1905174606602848,0.0,0.596899048416725
1562,2016-11-17,2187.12,0.0046653888648142,24.62178686876161,1.14,722037.0,634440.0,1356477.0,13.35,18903.82,5333.97,2.276,6.66,1309.48,109.72,1707.0,93.8,100.95,1216.9,45.37,0.0018892326801367,0.007412145652994,0.0055749700234084,0.005050798274448,0.0064596497909565,-0.0057358400455385,-0.0041790449031089,-0.1197193491695358,-0.0805038197181122,-0.1015690488525411,0.0,0.5950191360278262
1563,2016-11-18,2181.9,-0.0023895530273758,25.64036979693071,1.43,778315.0,544344.0,1322659.0,12.85,18867.93,5321.51,2.335,6.7,1315.64,109.1,1697.400024,93.8,101.21,1208.7,45.69,-0.0019003626149718,-0.00233870378044,0.0046931274047592,-0.0056397611195926,0.0025722214419632,-0.0067612394773437,0.0070283618993078,0.0750549424364557,-0.1531613200891151,-0.0252467932064277,0.0,0.6090027951816772
1564,2016-11-21,2198.18,0.0074336884116066,27.365809284691437,1.26,701045.0,556439.0,1257484.0,12.42,18956.69,5368.86,2.339,6.65,1322.23,109.58,1710.5,93.8,100.88,1209.8,47.48,0.0046932480973076,0.0088584978145593,0.0049964658681123,0.0076880427428109,-0.0032658745441453,0.000909654807403,0.0384291141662869,-0.1045592475708172,0.021976151104555,-0.050531205113991,0.0,0.6052341222429123
1565,2016-11-22,2202.94,0.0021630866034012,29.42830583567134,1.49,759805.0,508661.0,1268466.0,12.41,19023.87,5386.35,2.321,6.55,1334.34,110.06,1713.099976,93.8,101.0,1211.2,48.07,0.0035376029242897,0.0032523800869341,0.0091170824657513,0.0015188553090634,0.0011888251845952,0.0011565470103702,0.012349712164402,0.0804897424281971,-0.0897757681724709,0.0086953971342271,0.0,0.5826880549080754
1566,2016-11-23,2204.72,0.0008076848471825,31.330689922573587,1.42,624906.0,440059.0,1064965.0,12.43,19083.18,5380.68,2.357,6.56,1342.09,109.24,1709.699951,93.8,101.71,1189.3,46.72,0.0031128123478918,-0.0010532153294136,0.0057913128015965,-0.0019866928776579,0.0070051097962453,-0.0182467049499841,-0.0284859433858977,-0.1954605829858113,-0.1448729740463132,-0.1748663616153916,0.0,0.5843567674933704
1567,2016-11-28,2201.72,-0.0052683318269108,34.52735804146123,1.63,568415.0,348872.0,917287.0,13.15,19097.9,5368.81,2.32,6.52,1329.83,109.69,1713.0,93.8,101.16,1190.8,45.66,0.0007710625644588,-0.0022084777649062,-0.0091769858690771,0.0019283314750548,-0.0054222048357406,0.0012604514084211,-0.0229496974183223,-0.094749452684157,-0.2322037160809351,-0.1492768133651463,0.0,0.5792754935833961
1568,2016-11-29,2204.66,0.0013344289127461,35.43820965339778,1.66,544942.0,328761.0,873703.0,12.9,19121.6,5379.92,2.302,6.54,1328.22,109.58,1715.400024,93.8,100.99,1190.8,45.29,0.0012402047665585,0.0020672217008819,-0.0012114145308723,0.001400084223107,-0.0016819197632989,0.0,-0.0081363835335266,-0.0421724187593604,-0.0593740497428356,-0.0486798994175465,0.0,0.583177378471595
1569,2016-11-30,2198.81,-0.0026569970689349,36.18835995768063,1.26,706061.0,558685.0,1264746.0,13.33,19123.58,5323.68,2.368,6.58,1322.34,109.31,1712.099976,93.8,101.53,1173.9,49.41,0.000103542459561,-0.010508710632255,-0.0044368055397843,-0.0019256303543278,0.005332819274666,-0.0142938112571444,0.0870665752895361,0.2590222690453991,0.53025476505635,0.3698860895156333,0.0,0.5843899493992744
1570,2016-12-01,2191.08,-0.0035217319747591,36.62583385722423,1.46,560148.0,384851.0,944999.0,14.07,19191.93,5251.11,2.441,6.59,1313.8,108.26,1708.599976,98.2,100.95,1169.4,51.08,0.0035677495876385,-0.0137253107153139,-0.0064791929682828,-0.0020463655219682,-0.0057289765542849,-0.0038407421429065,0.0332401983066796,-0.2315006015009064,-0.3727295616726778,-0.2914427211945476,0.0458413593482411,0.5763061544947888
1571,2016-12-02,2191.95,0.000396985652129,36.96769796698675,1.26,615379.0,487803.0,1103182.0,14.12,19170.42,5255.65,2.39,6.56,1314.25,108.33,1708.900024,98.2,100.66,1177.8,51.7,-0.0011214121269524,0.0008642055748033,0.0003424592411844,0.0001755950260546,-0.0028768434106325,0.0071574947688999,0.0120647503500452,0.0940373036326409,0.2370553894324913,0.154770140882718,0.0,0.5830509707552094
1572,2016-12-05,2204.71,0.0058044223683806,37.64878445002631,1.21,544941.0,450221.0,995162.0,12.14,19216.24,5308.89,2.387,6.5,1337.79,108.79,1718.099976,98.2,100.15,1176.5,51.72,0.0023872888009144,0.0100790854521211,0.017752837997925,0.0053691124020165,-0.005079439236387,-0.0011043623430531,0.0003867723892732,-0.1215608062364932,-0.0801730625045245,-0.1030484721986706,0.0,0.583036260753678
1573,2016-12-06,2212.23,0.0034050755798862,38.659663352964216,1.16,522861.0,451240.0,974101.0,11.79,19251.78,5333.0,2.396,6.42,1352.67,109.32,1727.800049,98.2,100.49,1170.1,50.95,0.0018477691397613,0.0045311577644504,0.0110614182852444,0.0056299361855458,0.0033891579490399,-0.0054547139425045,-0.0149997942349231,-0.0413618775602415,0.0022607754168362,-0.0213905436111438,0.0,0.6225648539624076
1574,2016-12-07,2241.35,0.0130773063456812,40.88911709876133,0.91,828439.0,906404.0,1734843.0,12.22,19549.62,5393.76,2.347,6.31,1364.51,109.96,1749.300049,98.2,100.18,1177.5,49.85,0.0153523249109124,0.011328798227101,0.0087149728306403,0.0123667846228761,-0.0030896521313961,0.0063043316656603,-0.0218262632608863,0.4602275527571322,0.6974857740300049,0.5771572040079267,0.0,0.619755526429488
1575,2016-12-08,2246.19,0.0021570846729908,42.93816126685271,0.89,872282.0,985257.0,1857539.0,12.64,19614.81,5417.36,2.387,6.29,1386.37,109.89,1752.900024,98.2,101.09,1172.4,50.84,0.003329044247847,0.0043658820707701,0.0158934305772193,0.0020558370126737,0.0090426412364958,-0.0043406170538355,0.0196649499134058,0.0515695590044629,0.0834173980788861,0.0683355739608622,0.0,0.616772046943834
1576,2016-12-09,2259.53,0.0059213794812151,45.20615660938233,1.08,837914.0,772896.0,1610810.0,11.75,19756.85,5444.5,2.464,6.25,1388.07,109.43,1760.099976,98.2,101.59,1161.9,51.51,0.007215373506499,0.0049973128876423,0.0012254726811562,0.0040990390442372,0.0049338959374871,-0.0089963336479206,0.0130925172562403,-0.0401972962062462,-0.242758022059931,-0.1425153352804322,0.0,0.6156816978413291
1577,2016-12-12,2256.96,-0.0011380520171107,46.58258776971275,1.22,691943.0,568428.0,1260371.0,12.64,19796.43,5412.54,2.479,6.22,1373.14,109.71,1760.300049,98.2,100.92,1165.8,52.74,0.0020013517569807,-0.0058874412024465,-0.0108142050052784,0.0001136649237558,-0.0066169813305965,0.0033509504226323,0.0235982173476472,-0.1914118876345352,-0.3072698426922784,-0.2453310360036749,0.0,0.6146954144368733
1578,2016-12-13,2271.72,0.0065184787900047,48.346646207672336,0.81,712087.0,876054.0,1588141.0,12.72,19911.21,5463.83,2.481,6.19,1373.53,110.05,1774.0,98.2,101.06,1159.0,52.99,0.0057812712964935,0.0094315254450254,0.0002839802397964,0.0077526069814339,0.0013862760909049,-0.0058499822716973,0.0047290355795297,0.0286965126756157,0.4325530767787029,0.2311580277476785,0.0,0.6358256809487568
1579,2016-12-14,2253.28,-0.0081503213600786,47.88606556600636,1.29,824075.0,637351.0,1461426.0,13.19,19792.53,5436.67,2.525,6.17,1356.02,109.09,1763.699951,98.2,102.2,1163.7,51.01,-0.0059782959221781,-0.0049832679611476,-0.0128301296521522,-0.005823036575709,0.0112172779058417,0.0040470197742799,-0.0380815245698356,0.1460614502264334,-0.3181072086477794,-0.0831514784393689,0.0,0.6355230289730569
1580,2016-12-15,2262.03,0.0038757077378477,46.428316816392325,1.17,706439.0,605088.0,1311527.0,12.79,19852.24,5456.85,2.58,6.3,1366.41,108.89,1754.5,98.2,103.1,1129.8,50.9,0.0030122533261796,0.0037049591103279,0.0076329238545875,-0.0052299312705459,0.0087677132533103,-0.0295639582228695,-0.0021587683783579,-0.1540246879061477,-0.0519466222255164,-0.1082205641490112,0.0,0.6176764074761779
1581,2016-12-16,2258.07,-0.0017521740727586,43.25921305886416,1.4,837288.0,596013.0,1433301.0,12.2,19843.41,5437.16,2.597,6.31,1364.4,109.11,1754.699951,98.2,102.95,1137.4,51.93,-0.0004448850262246,-0.0036148344715698,-0.0014720909642056,0.0001139581688187,-0.0014559575491155,0.0067043299815372,0.0200337342997505,0.1699312400481769,-0.0151114230908024,0.0887880684105617,0.0,0.595095726420202
1582,2016-12-19,2262.53,0.0019731900398509,38.84732944105716,1.47,521521.0,355558.0,877079.0,11.71,19883.06,5457.44,2.542,6.29,1371.68,109.6,1758.800049,98.2,103.13,1142.7,52.13,0.0019961508367511,0.0037229496124666,0.0053214943859556,0.0023339119744703,0.001746894854179,0.0046489272799687,0.0038439409237871,-0.4734185552405101,-0.5165740924800399,-0.4911383864867709,0.0,0.5806028101797218
1583,2016-12-20,2270.76,0.0036309210492788,37.89530335274055,1.29,496777.0,384664.0,881441.0,11.45,19974.62,5483.94,2.568,6.28,1383.96,109.79,1761.400024,98.2,103.25,1133.6,52.22,0.0045943547669971,0.0048440053845446,0.0089126890954016,0.0014771748303257,0.0011629035131646,-0.0079954737761971,0.0017249644909682,-0.0486083088351847,0.0786818395389268,0.0049610000981328,0.0,0.5828796924250259
1584,2016-12-21,2265.18,-0.0024603512457384,36.640855704676085,1.76,596307.0,338630.0,934937.0,11.27,19941.96,5471.43,2.546,6.25,1375.19,110.15,1760.099976,98.2,103.0,1133.2,51.44,-0.0016364131039399,-0.0022838124933208,-0.0063570516532225,-0.0007383490325496,-0.0024242436115065,-0.0003529204201093,-0.015049483341619,0.1826144018664131,-0.1274621600744829,0.0589210791084973,0.0,0.45842464966499114
1585,2016-12-22,2260.96,-0.0018647241237852,36.19918413525664,1.29,583304.0,452770.0,1036074.0,11.43,19918.88,5447.42,2.553,6.23,1362.66,109.92,1757.800049,98.2,103.09,1130.7,51.98,-0.0011580289115453,-0.0043979061346686,-0.0091532315370681,-0.0013075569580367,0.0008734048786571,-0.0022085790151624,0.0104429492839801,-0.0220471438468834,0.2904762043846816,0.1027147015005276,0.0,0.45733020265444047
1586,2016-12-23,2263.79,0.0012508980027714,35.785519835182946,1.54,343899.0,223107.0,567006.0,11.44,19933.81,5462.69,2.543,6.21,1371.51,110.09,1759.199951,98.2,102.92,1133.6,52.01,0.0007492593698685,0.0027992403323136,0.0064736508024321,0.0007960773806834,-0.0016504056947495,0.0025614994352718,0.0005769785716371,-0.5283604816588454,-0.7077327932662776,-0.6028239631576113,0.0,0.4233375235412834
1587,2016-12-27,2268.88,0.0022459178098381,35.09469708264351,1.23,315426.0,255860.0,571286.0,11.99,19945.04,5487.44,2.563,6.19,1377.71,109.99,1760.599976,98.2,103.04,1138.8,52.82,0.0005632058244824,0.0045205019752359,0.0045103778604902,0.0007955140081072,0.0011652749425001,0.0045766670274112,0.0154538990840049,-0.0864239034774208,0.1369789428780752,0.0075200742340655,0.0,0.46057246545041247
1588,2016-12-28,2249.92,-0.008391657636249,33.40550234273911,1.49,545804.0,365477.0,911281.0,12.95,19833.68,5438.56,2.506,6.18,1360.83,110.14,1750.5,98.2,103.22,1140.9,54.01,-0.0055989881482094,-0.0089475244560262,-0.0123278928044543,-0.0057531850003682,0.0017453703645378,0.0018423481984415,0.0222793077358134,0.5483358308046817,0.3565729298243454,0.4669613420322065,0.0,0.458577971797207
1589,2016-12-29,2249.26,-0.0002933867970309,32.36674484626365,1.62,485024.0,298819.0,783843.0,13.37,19819.78,5432.09,2.477,6.17,1363.18,110.4,1753.0,98.2,102.65,1158.1,53.8,-0.0007010737811707,-0.0011903613425108,0.0017253979118985,0.0014271445265139,-0.005537489255639,0.0149633065880081,-0.0038957474370611,-0.1180615626899648,-0.2013653107921147,-0.150642556753981,0.0,0.45558080967038106
1590,2016-12-30,2238.83,-0.0046478652506074,30.77800070602952,1.34,668273.0,498199.0,1166472.0,14.04,19762.6,5383.12,2.446,6.16,1357.13,110.22,1751.199951,98.2,102.21,1151.7,53.75,-0.0028891663298047,-0.0090558268698472,-0.0044480298016909,-0.0010273666933944,-0.0042956231239577,-0.00554161951547,-0.0009298001599664,0.3204983984341272,0.5111615566789318,0.3975303425497003,0.0,0.47346162424600363
1591,2017-01-03,2257.83,0.0084507670468081,29.883764469016256,1.58,790217.0,499819.0,1290036.0,12.85,19881.76,5429.08,2.45,6.12,1365.49,110.6,1758.0,98.5,103.21,1162.0,52.36,0.006011465885555,0.0085015587611518,0.0061411627579222,0.0038755600172821,0.009736227236857,0.0089035467369944,-0.0262007259660728,0.1676108186033786,0.0032464372843232,0.1006863161987325,0.0030503328176232,0.47646450604235707
1592,2017-01-04,2270.75,0.005705998372357,28.847409654631672,1.18,571185.0,483221.0,1054406.0,11.85,19942.16,5477.0,2.452,6.02,1387.95,111.29,1774.0,98.5,102.52,1165.3,53.26,0.0030333551449945,0.0087878153080787,0.0163144998009938,0.0090600846244024,-0.0067078460819711,0.0028359061673617,0.017042639344087,-0.324594441110392,-0.0337719269432383,-0.2016925497709571,0.0,0.4730981249432426
1593,2017-01-05,2269.0,-0.0007709676024818,28.392672376894208,1.66,561945.0,338802.0,900747.0,11.67,19899.29,5487.94,2.368,5.96,1371.94,112.15,1782.5,98.5,101.4,1181.3,53.77,-0.0021520309398912,0.0019954516176277,-0.0116020418120061,0.0047799894189264,-0.0109848103387877,0.0136369623752559,0.0095301104358003,-0.0163091698404223,-0.3550582399929389,-0.1575084351073243,0.0,0.46075145621690833
1594,2017-01-06,2276.98,0.0035107977582793,28.26888074357965,1.52,769739.0,506356.0,1276095.0,11.32,19963.8,5521.06,2.418,5.95,1367.28,112.09,1783.099976,98.5,102.22,1173.4,53.98,0.0032365808227243,0.0060169134200922,-0.0034024317108922,0.0003365357918445,0.0080542621830508,-0.0067100094627141,0.0038979167682717,0.3146475160125526,0.4018241132710987,0.3483354934792366,0.0,0.46830688764423467
1595,2017-01-09,2268.9,-0.0035548710080268,27.72923418721923,1.84,557314.0,303553.0,860867.0,11.56,19887.38,5531.82,2.376,5.95,1357.49,111.96,1776.900024,98.5,101.84,1184.9,51.95,-0.0038352738199396,0.0019470044728819,-0.0071859585417968,-0.0034831226225975,-0.0037243990909825,0.0097528653309346,-0.0383318900446219,-0.3229226809688459,-0.5116837546411226,-0.3936198915929676,0.0,0.46948227164489015
1597,2017-01-11,2275.32,0.0028255693040186,26.544513739077683,1.59,641771.0,403926.0,1045697.0,11.26,19954.28,5563.65,2.37,5.95,1373.3,111.89,1778.199951,98.5,101.73,1196.6,52.19,0.0049610989120676,0.0021285657676379,0.001749144094381,-0.0007870173146269,-0.0030426484679537,0.0093195754504709,0.0266009277633036,0.1634677661666348,0.2856622911050728,0.2089158096735524,0.0,0.47109280512438884
1598,2017-01-12,2270.44,-0.0021470565426557,25.4487658032453,1.52,657592.0,433264.0,1090856.0,11.54,19891.0,5547.49,2.361,5.96,1361.07,112.11,1783.400024,98.5,101.45,1199.8,53.01,-0.0031762885441715,-0.0029087944880998,-0.0089454474373678,0.0029200790271364,-0.0027561785338336,0.0026706742630615,0.015589669344393,0.0243531359790019,0.0701155491131988,0.0422790604120635,0.0,0.4712992625517068
1599,2017-01-13,2274.64,0.0018481528138041,23.776177251642075,1.54,689870.0,446726.0,1136596.0,11.23,19885.73,5574.12,2.38,5.95,1372.05,112.16,1788.199951,98.5,101.19,1196.2,52.36,-0.0002649790483442,0.0047888841441192,0.008034816671615,0.0026878317411407,-0.0025661285301552,-0.0030050106085361,-0.0123376339580154,0.047918495825753,0.0305981892956932,0.0410751214679958,0.0,0.4681092302561216
1600,2017-01-18,2271.89,0.0017622003864135,16.9813707118467,1.76,906371.0,515944.0,1422315.0,12.48,19804.72,5555.65,2.389,5.94,1358.56,111.83,1785.699951,98.5,101.29,1212.1,51.12,-0.0040820959446179,-0.0033190294058886,-0.0098806565194298,-0.0013990321365007,0.0009877519570373,0.0132045268660094,-0.0239671309724198,0.2729455404540282,0.1440528011844382,0.2242479952299838,0.0,0.4684312131163532
1601,2017-01-19,2263.69,-0.0036158590231876,13.552340256411693,1.6,669047.0,418489.0,1087536.0,12.78,19732.4,5540.08,2.459,5.98,1345.74,111.56,1776.0,98.5,101.17,1201.5,51.39,-0.0036583383239605,-0.0028064868592849,-0.0094812676382645,-0.005446823210744,-0.0011854194809064,-0.0087836162999428,0.0052677909348588,-0.3035944027264943,-0.2093476272250587,-0.268371238955611,0.0,0.47003327485740515
1602,2017-01-20,2271.31,0.0033605323797862,10.080376611636677,2.12,769989.0,363664.0,1133653.0,11.54,19827.25,5555.33,2.467,6.0,1351.85,111.7,1782.699951,98.5,100.81,1204.9,52.33,0.0047952993393725,0.0027488861795816,0.004529977089513,0.0037653969193032,-0.0035647131519489,0.0028257997527072,0.0181262193799782,0.1405219172602656,-0.1404202408194219,0.0415305751253516,0.0,0.46683414862056855
1603,2017-01-23,2265.2,-0.0026937022929649,9.227175636056216,1.57,705962.0,448234.0,1154196.0,11.77,19799.85,5552.94,2.403,6.01,1347.84,112.23,1781.400024,98.5,99.93,1215.6,52.77,-0.001382892231156,-0.0004303100369149,-0.0029707136368006,-0.0007294560010997,-0.0087676161921521,0.0088412061134075,0.0083730270334601,-0.0868148173493494,0.2090850530653973,0.017958835678419,0.0,0.4761110254860453
1604,2017-01-24,2280.07,0.0065430889919335,9.083962810005309,1.09,455784.0,416936.0,872720.0,11.07,19912.71,5600.96,2.471,5.99,1369.21,111.86,1790.599976,98.5,100.27,1210.8,52.38,0.0056838594056998,0.0086104943895239,0.0157306200987692,0.0051511603264078,0.003396606662136,-0.0039564838950747,-0.0074180083380106,-0.4375423986019982,-0.0723826846794573,-0.2795445053774781,0.0,0.43869226295343505
1605,2017-01-25,2298.37,0.0079940317900097,10.892261752302463,0.97,783499.0,803629.0,1587128.0,10.81,20068.51,5656.34,2.523,5.94,1382.44,111.73,1805.800049,98.5,99.92,1197.8,52.14,0.00779369857295,0.0098390283213873,0.0096161226520914,0.0084529882114399,-0.003496681718512,-0.0107947573172015,-0.0045924305742102,0.5417507723910209,0.6562049870936679,0.598066601308954,0.0,0.43888959133589794
1606,2017-01-26,2296.68,-0.0007355741836105,12.089722532309912,1.76,527907.0,299973.0,827880.0,10.63,20100.91,5655.18,2.508,5.92,1375.6,111.64,1803.800049,98.5,100.53,1189.8,53.24,0.0016131677791833,-0.000205100641482,-0.0049600542582508,-0.0011081561116847,0.0060863246000071,-0.0067013150765564,0.0208775850215552,-0.3948496536422805,-0.9854452492894534,-0.650813156252438,0.0,0.42861499806192854
1607,2017-01-27,2294.69,-0.0008668437196783,13.058932926701766,1.59,655498.0,412361.0,1067859.0,10.58,20093.78,5660.78,2.481,5.9,1370.7,111.97,1803.400024,98.5,100.56,1191.1,53.18,-0.0003547732337167,0.0009897526073174,-0.0035684413207759,-0.0002217925224803,0.0002983738646626,0.00109202413305,-0.0011276077120374,0.2164751202642794,0.3182067086847624,0.254542771986479,0.0,0.444077483510069
1608,2017-01-30,2280.9,-0.006027656215803,12.943800645911423,1.88,793200.0,422380.0,1215580.0,11.88,19971.13,5613.71,2.483,5.93,1352.33,111.72,1792.099976,98.5,100.37,1196.0,52.63,-0.0061225837341574,-0.0083498718749659,-0.0134925275775596,-0.0062856822167685,-0.0018912064562828,0.0041054056237213,-0.0103960864491861,0.1906801445525676,0.0240062034955084,0.129565619794274,0.0,0.4288903844315397
1609,2017-01-31,2278.87,-0.0008903958463326,12.990701537078698,1.78,622363.0,349502.0,971865.0,11.99,19864.09,5614.79,2.451,5.96,1361.82,112.13,1792.400024,98.5,99.55,1211.4,52.75,-0.005374151699069,0.0001923676365187,0.006993009725658,0.0001674141446228,-0.0082033273155035,0.0127940600362697,0.0022774729904884,-0.2425518728492921,-0.1893960986680785,-0.2237597022011748,0.0,0.3997295835866288
1610,2017-02-01,2279.55,0.0002983489915555,12.92030397093326,1.62,578767.0,357314.0,936081.0,11.81,19890.94,5642.65,2.474,5.93,1361.23,111.71,1793.400024,96.3,99.75,1208.3,53.9,0.0013507726736712,0.0049496256481074,-0.0004333376245257,0.0005577555984936,0.0020070252597674,-0.0025623025135841,0.0215667055587753,-0.0726235451771941,0.0221056629031757,-0.0375148947307018,-0.0225882293739632,0.39429747103728957
1611,2017-02-02,2280.85,0.000570125443037,12.968391280434776,2.21,597905.0,270782.0,868687.0,11.93,19884.91,5636.2,2.47,5.9,1357.43,112.04,1795.099976,96.3,99.82,1219.4,53.55,-0.0003031990540076,-0.0011437337500037,-0.002795496659889,0.0009474444069459,0.00070150827149,0.0091445214404535,-0.0065146810211933,0.0325318998351793,-0.2773008779117649,-0.07471913493106,0.0,0.41220696642774507
1612,2017-02-03,2297.42,0.0072385736758162,13.835149820777756,1.91,864317.0,451649.0,1315966.0,10.97,20071.46,5666.77,2.491,5.84,1377.84,112.69,1805.5,96.3,99.73,1220.8,53.81,0.0093377529287899,0.0054092109487502,0.0149238494264718,0.0057768444102173,-0.000902029627686,0.0011474470564767,0.0048435266075705,0.3685077212072016,0.5115912603799995,0.4153433994214168,0.0,0.41420807014400773
1613,2017-02-06,2292.56,-0.0021176570774645,14.272823399900105,1.61,726648.0,450758.0,1177406.0,11.37,20052.42,5663.55,2.413,5.83,1366.66,112.69,1798.199951,96.3,99.9,1232.1,53.01,-0.0009490608300666,-0.0005683864333381,-0.0081472485638789,-0.0040514244163123,0.001703151240731,0.0092136491004302,-0.0149787485016137,-0.1734974209498503,-0.0019747193661832,-0.111257283129893,0.0,0.4098088474204854
1614,2017-02-07,2293.08,0.0002267949521677,14.555086893295805,1.66,492228.0,296967.0,789195.0,11.29,20090.29,5674.22,2.389,5.83,1361.06,112.55,1797.300049,96.3,100.4,1236.1,52.19,0.0018867690414747,0.0018822049045006,-0.004105999052423,-0.0005005712800949,0.0049925216031212,0.0032412312631544,-0.015589669344393,-0.3895001549286316,-0.4173095886050859,-0.4000555539566175,0.0,0.40643148659353107
1615,2017-02-08,2294.67,0.0006931502647971,14.90449220217564,1.21,514984.0,427214.0,942198.0,11.45,20054.34,5682.45,2.351,5.85,1358.74,112.99,1802.300049,96.3,100.17,1239.5,52.37,-0.0017910245833601,0.0014493687745975,-0.0017060082084636,0.0027780881651358,-0.002293464633956,0.0027468105814678,0.0034430026360747,0.0451938084368972,0.3636640371263002,0.1772020049733758,0.0,0.41524320657486197
1616,2017-02-09,2307.87,0.0057359789123303,16.01873415041631,1.34,708354.0,530485.0,1238839.0,10.88,20172.4,5715.18,2.395,5.85,1378.53,112.84,1807.5,96.3,100.67,1236.8,52.99,0.0058697443028563,0.0057433150520527,0.014459914309957,0.0028810208466785,0.0049790981176585,-0.0021806736420879,0.0117693082132741,0.31880813651542,0.2165066237976312,0.2737144861108138,0.0,0.41845426067070596
1617,2017-02-10,2316.1,0.0035597154352586,16.81062680083243,1.21,784777.0,648102.0,1432879.0,10.85,20269.37,5734.13,2.409,5.84,1388.84,113.01,1814.699951,96.3,100.71,1235.9,53.84,0.0047955460820325,0.0033102461727523,0.0074511523219564,0.0039754627463501,0.0003972589187215,-0.0007279492374676,0.0159134688318016,0.1024556322565626,0.2002564089302136,0.1455110563386821,0.0,0.4256226502015201
1618,2017-02-13,2328.25,0.0052321757481008,18.21380170097276,1.17,838882.0,717068.0,1555950.0,11.07,20412.16,5763.96,2.434,5.82,1392.38,113.13,1823.300049,96.3,101.02,1225.8,52.96,0.0070199221308637,0.0051886995014083,0.0025456468108915,0.0047279351402371,0.003073417379853,-0.0082057575440579,-0.0164797737077195,0.06667045196067,0.1011225843396772,0.0824005845243345,0.0,0.39170848340728076
1619,2017-02-14,2337.58,0.0039992937743571,19.216188412767185,1.16,760308.0,653789.0,1414097.0,10.74,20504.41,5782.57,2.47,5.8,1396.65,113.01,1823.599976,96.3,101.23,1225.4,53.21,0.0045091832628116,0.0032234820529541,0.0030619988571185,0.0001644832589979,0.0020766385707542,-0.0003263707600771,0.004709436979525,-0.0983464386112658,-0.092386006280579,-0.0955951267251666,0.0,0.39623829737257915
1620,2017-02-15,2349.25,0.0049799220870498,21.924817515590583,1.39,1096044.0,787866.0,1883910.0,11.97,20611.86,5819.44,2.502,5.8,1404.21,112.98,1833.599976,96.3,101.09,1233.1,53.11,0.0052266533228308,0.006355816641749,0.0053983550478067,0.0054686782529094,-0.0013839464446938,0.0062640025849303,-0.0018811141739698,0.3657389983461954,0.1865433552046536,0.2868582394738368,0.0,0.3819541849934152
1621,2017-02-16,2347.22,-0.0008644791200298,24.24601017989649,1.65,839062.0,508405.0,1347467.0,11.76,20619.77,5814.9,2.45,5.8,1399.13,112.92,1836.599976,96.3,100.5,1241.6,53.41,0.0003836860243975,-0.0007804482644377,-0.0036242521852987,0.0016347886803824,-0.0058534816668363,0.006869546552469,0.0056327599173711,-0.2671780114535931,-0.4380496505934825,-0.3351228706072628,0.0,0.35906946713409815
1622,2017-02-17,2351.16,0.0016771742275309,26.348412152859385,1.76,746968.0,424123.0,1171091.0,11.49,20624.05,5838.58,2.425,5.8,1399.86,112.95,1836.5,96.3,100.95,1239.1,53.41,0.000207546246461,0.004064027671081,0.0005216167378598,-5.443685207495719e-05,0.0044676172597162,-0.0020155608065062,0.0,-0.116262255037439,-0.1812548665403515,-0.1402907407511939,0.0,0.35612904814714613
1623,2017-02-22,2362.82,-0.0010828646208507,31.30443018094876,1.47,721114.0,490045.0,1211159.0,11.74,20775.6,5860.63,2.418,5.72,1403.86,113.28,1842.400024,96.3,101.33,1233.3,53.61,0.0073213506370315,0.0037694897534326,0.0028533539111439,0.00320749627324,0.0037571727013796,-0.0046918060505047,0.0037376234877672,-0.0352251076792811,0.1444737161202773,0.0336419594475234,0.0,0.3543651150806551
1624,2017-02-23,2363.81,0.0004189031146832,32.93662217901307,1.26,591525.0,468299.0,1059824.0,11.71,20810.32,5835.51,2.388,5.68,1394.62,113.61,1845.400024,96.3,100.98,1251.4,54.48,0.0016697963189109,-0.0042954408246966,-0.006603608800396,0.0016269866168032,-0.0034600400294566,0.0145694209923199,0.0160980440018105,-0.1980932905650565,-0.0453902428187174,-0.1334748957992104,0.0,0.35205886697160915
1625,2017-02-24,2367.34,0.0014922378935526,34.61622160583345,1.7,838551.0,493194.0,1331745.0,11.47,20821.76,5845.31,2.317,5.68,1394.53,113.83,1840.800049,96.3,101.12,1258.3,53.99,0.000549576206037,0.0016779647831874,-6.45357904955901e-05,-0.0024957828097482,0.0013854529677779,0.0054986790336597,-0.0090348176110612,0.3489714543594946,0.0517956249621534,0.2283872557471689,0.0,0.3400205940265874
1626,2017-02-27,2369.75,0.0010175023940544,35.92261805331513,1.6,691643.0,431915.0,1123558.0,12.09,20837.44,5861.9,2.369,5.66,1407.97,113.56,1841.599976,96.3,101.17,1258.8,54.04,0.0007527749328097,0.0028341528177637,0.0095915097495433,0.0004344595954552,0.0004943398192516,0.0003972825923295,0.0009256688618024,-0.1926054757678503,-0.1326737961408586,-0.1699896766506778,0.0,0.3467573356393807
1627,2017-02-28,2363.64,-0.0025816606675475,36.71367192470853,1.54,689475.0,447109.0,1136584.0,12.92,20812.24,5825.44,2.358,5.68,1386.68,113.56,1838.699951,96.3,101.36,1253.9,54.0,-0.0012100934785124,-0.0062392500392558,-0.0152365497472253,-0.0015759724249404,0.0018762657950848,-0.0039001919937593,-0.0007404665277235,-0.0031394881258801,0.0345736031370194,0.0115268370110062,0.0,0.40783749461059243
1628,2017-03-01,2395.96,0.0135811819395641,38.87859417675229,1.15,1135565.0,984174.0,2119739.0,12.54,21115.55,5904.03,2.463,5.61,1413.64,113.16,1856.300049,96.9,101.77,1250.0,53.82,0.0144684607098231,0.0134006355063593,0.019255537227381,0.0095265121012406,0.004036829190956,-0.0031151429001461,-0.0033389012655149,0.4989551649944026,0.789000297925865,0.623265695187488,0.0062112000926406,0.43115789181646413
1629,2017-03-02,2381.92,-0.0058771004764199,39.79872487401241,1.64,816700.0,498922.0,1315622.0,11.81,21002.97,5861.22,2.489,5.62,1395.67,112.63,1848.800049,96.9,102.15,1232.9,52.63,-0.0053458795851888,-0.0072773955396385,-0.0127933514599094,-0.004048479147924,0.0037269560597907,-0.0137744334218394,-0.0223588459330721,-0.3296137730481003,-0.6793529397799158,-0.4769834102963468,0.0,0.4285094838279715
1630,2017-03-03,2383.12,0.0005036683953827,40.02735723801102,1.56,803151.0,515639.0,1318790.0,10.96,21005.71,5870.75,2.492,5.66,1394.13,113.15,1849.0,96.9,101.54,1226.5,53.33,0.000130449231154,0.0016246209453516,-0.0011040219058147,0.0001081459232761,-0.0059895117443824,-0.0052045331759629,0.0132127252468232,-0.0167290892638014,0.0329571373273243,0.0024050919348219,0.0,0.4271571161119803
1631,2017-03-06,2375.31,-0.0032825982574173,39.88347963943172,1.43,656246.0,457349.0,1113595.0,11.24,20954.34,5849.17,2.494,5.72,1384.24,113.11,1845.699951,96.9,101.7,1225.5,53.19,-0.0024485207078956,-0.0036826231558695,-0.007119312238851,-0.0017863696220725,0.0015744935352657,-0.0008156607303764,-0.0026286158582844,-0.2020070224512657,-0.1199601326447563,-0.1691211288903851,0.0,0.4336139672444367
1632,2017-03-07,2368.39,-0.0029175558777589,38.83741935372336,1.69,517385.0,305657.0,823042.0,11.45,20924.76,5833.93,2.511,5.82,1374.88,113.03,1840.599976,96.9,101.82,1216.1,52.68,-0.0014126380423178,-0.0026088980911005,-0.0067847979834798,-0.0027669903995217,0.0011792454196761,-0.0076999069812142,-0.0096345318791457,-0.237748440426877,-0.4029832173661525,-0.3023415674458025,0.0,0.4323537894850944
1633,2017-03-08,2362.98,-0.002286865055046,38.098460687665245,1.62,670613.0,413545.0,1084158.0,11.86,20855.73,5837.55,2.552,5.91,1366.04,112.15,1834.699951,96.9,102.12,1209.4,49.83,-0.0033044161431572,0.0006203155240083,-0.0064504112860372,-0.0032106386882206,0.0029420438990932,-0.0055246481478405,-0.0556186645817673,0.2594049412467569,0.3023027774037672,0.2755516956539701,0.0,0.42136550277668844
1634,2017-03-09,2364.87,0.0007995177937871,37.95747824929111,2.07,640775.0,309655.0,950430.0,12.3,20858.19,5838.81,2.598,6.04,1360.12,111.45,1835.900024,96.9,102.03,1203.2,48.75,0.0001179462396656,0.0002158206846818,-0.0043431121471648,0.0006538838614575,-0.00088170468607,-0.0051396946435371,-0.0219120148494571,-0.045513838208782,-0.2893075611116167,-0.131644414068953,0.0,0.403465130782077
1635,2017-03-10,2372.6,0.003263348099308,37.84062396039528,1.94,730841.0,376526.0,1107367.0,11.66,20902.98,5861.73,2.582,6.03,1365.27,111.92,1845.900024,96.9,101.38,1201.4,48.05,0.0021450556665065,0.0039177729090233,0.0037792801248759,0.005432138877575,-0.0063910546430099,-0.0014971307795148,-0.0144630620275547,0.1315175445708121,0.1955283274437871,0.1528258906476587,0.0,0.4022666400599989
1636,2017-03-13,2373.47,0.0003666191226612,37.4922782990956,1.49,672934.0,450550.0,1123484.0,11.35,20881.48,5875.78,2.608,6.1,1370.29,111.74,1850.0,96.9,101.37,1203.1,47.95,-0.0010290908101922,0.0023940353125198,0.0036701849968983,0.0022186626560278,-9.864364989553565e-05,0.0014140156234176,-0.002083334086854,-0.0825486693460284,0.1794819567205152,0.0144494458990536,0.0,0.4090700938514234
1637,2017-03-14,2365.45,-0.0033847406821552,36.0284131869479,1.72,576660.0,334982.0,911642.0,12.3,20837.37,5856.82,2.595,6.19,1362.38,111.4,1843.0,96.9,101.74,1202.6,47.24,-0.0021146324233356,-0.0032320229965456,-0.00578922598927,-0.0037909604025472,0.0036433500003107,-0.0004156794340106,-0.0149178100002855,-0.1543944184217967,-0.2963922596428432,-0.2089424811643017,0.0,0.40812246853402273
1638,2017-03-15,2385.26,0.0083398543883168,34.705913009224744,1.42,726611.0,511469.0,1238080.0,11.63,20950.1,5900.05,2.508,6.07,1382.83,112.92,1854.199951,96.9,100.54,1200.7,48.34,0.0053954103212436,0.0073540312735307,0.0148989536592871,0.0060586310765673,-0.0118648811301893,-0.0015811595687953,0.0230183839461752,0.2311384206128384,0.4232101784562516,0.3060697023629757,0.0,0.4098283244401994
1639,2017-03-16,2381.38,-0.0016279814951145,32.85355398800727,1.51,739264.0,489645.0,1228909.0,11.21,20934.55,5900.76,2.522,5.95,1386.03,112.58,1864.099976,96.9,100.23,1227.1,48.3,-0.0007425154902538,0.000120330723206,0.0023114216137409,0.0053250402539637,-0.0030881132276547,0.0217489419458294,-0.0008278146168101,0.0172638379901286,-0.0436063387552589,-0.0074350086256629,0.0,0.4124752936236949
1640,2017-03-17,2378.25,-0.0013152284741453,30.515651917363865,2.54,850790.0,335121.0,1185911.0,11.28,20914.62,5901.0,2.501,5.96,1391.52,113.04,1863.099976,96.9,100.31,1230.2,48.34,-0.0009524681854724,4.067189978940178e-05,0.0039531293042118,-0.0005365958558023,0.000797845858619,0.0025230957917656,0.0008278146168101,0.1405102329471628,-0.3791889780991386,-0.0356155283031345,0.0,0.416978024406374
1641,2017-03-20,2373.47,-0.0020119037369017,28.83201219927113,2.04,674218.0,329934.0,1004152.0,11.34,20905.86,5901.53,2.473,5.99,1384.1,113.249,1860.5,96.9,100.36,1234.0,47.79,-0.0004189335047382,8.981125239415633e-05,-0.0053465659387983,-0.0013964853578745,0.0004983306028281,0.0030841676910657,-0.0114429626852698,-0.232611828860703,-0.0155990261821976,-0.1663678513683439,0.0,0.4716346252110744
1642,2017-03-21,2344.02,-0.0124856152659535,26.36756240589959,1.9,828695.0,435904.0,1264599.0,12.47,20668.01,5793.83,2.436,6.03,1346.55,113.29,1846.400024,96.9,99.75,1246.5,47.02,-0.0114424081814075,-0.0184180811079865,-0.0275043430318495,-0.0076074584746299,-0.0060966657282488,0.0100786984982788,-0.0162433694781434,0.2062986735376011,0.2785294011609949,0.230611671645315,0.0,0.469109926933343
1643,2017-03-22,2348.45,0.0018881319714747,23.484623837081408,1.99,1035252.0,521419.0,1556671.0,12.81,20661.3,5821.64,2.396,6.11,1345.6,113.4,1842.599976,96.9,99.72,1249.7,47.29,-0.0003247090289644,0.0047884507710058,-0.000705755652123,-0.0020602056622891,-0.0003007971146153,0.0025638985281259,0.0057258135438607,0.2225479800340419,0.1791319055695108,0.2077944908565463,0.0,0.4702524730516361
1644,2017-03-23,2345.96,-0.0010608362855029,20.26122399569361,1.65,683465.0,414400.0,1097865.0,13.12,20656.58,5817.69,2.418,6.08,1353.42,113.57,1845.0,96.9,99.76,1247.2,47.0,-0.0002284725170085,-0.0006787332521103,0.0057947120674164,0.0013016728248693,0.0004010427164233,-0.0020024837481713,-0.0061512549457258,-0.415224706494115,-0.2297222502430909,-0.3491821820261354,0.0,0.47117667624379495
1645,2017-03-24,2343.98,-0.0008443605323886,17.932765503631902,2.59,863169.0,333500.0,1196669.0,12.96,20596.72,5828.74,2.4,6.03,1354.64,113.74,1845.800049,96.9,99.77,1248.5,47.3,-0.0029020729014099,0.0018975777668757,0.000901014070985,0.0004335369036034,0.000100235553635,0.0010417919762613,0.0063626937878287,0.2334350525865414,-0.217188825589595,0.086174478982306,0.0,0.4623736634429306
1646,2017-03-27,2341.59,-0.001020153452953,16.190573179248638,1.71,795307.0,464509.0,1259816.0,12.5,20550.98,5840.37,2.373,6.06,1357.32,113.73,1845.199951,96.9,99.22,1255.7,47.02,-0.0022232114475322,0.0019932974923921,0.0019764309742047,-0.0003251682499527,-0.005527930052513,0.0057503552750901,-0.0059372523859635,-0.0818822967823429,0.3313380683832747,0.0514238148627796,0.0,0.47552619253494016
1647,2017-03-28,2358.57,0.0072253173808167,14.83008128457402,1.33,646323.0,484722.0,1131045.0,11.53,20701.5,5875.14,2.409,5.99,1367.26,113.69,1858.900024,96.9,99.68,1255.6,48.36,0.0072975330444098,0.0059357385359302,0.0072965698202072,0.0073972816956811,0.0046254481662399,-7.964002711968732e-05,0.0280999826346683,-0.2074288248101474,0.042594596982683,-0.1078236944128026,0.0,0.4675604527266591
1648,2017-03-29,2361.13,0.0010848148191859,13.976717421217966,1.81,550367.0,303919.0,854286.0,11.42,20659.32,5897.55,2.386,5.9,1371.64,114.06,1856.800049,96.9,99.93,1253.7,49.47,-0.0020396121074224,0.0038071208989371,0.0031983670333239,-0.0011303254742456,0.0025048858345551,-0.0015143668458188,0.0226933994930251,-0.1607140503979245,-0.4668143121872425,-0.2806312307855467,0.0,0.4651733145259855
1649,2017-03-30,2368.06,0.0029307365363928,13.669758336416072,1.78,653135.0,366658.0,1019793.0,11.54,20728.49,5914.34,2.416,5.82,1382.35,113.86,1860.0,96.9,100.51,1248.0,50.3,0.003342533195175,0.0028429000453229,0.0077778452293744,0.0017218853575329,0.0057872841629507,-0.0045569091926065,0.0166386518660761,0.1711985176144193,0.1876683149409785,0.1770889121690295,0.0,0.45951353206678286
1650,2017-03-31,2362.72,-0.0022575567952731,13.240804004181856,2.0,844246.0,422387.0,1266633.0,12.37,20663.22,5911.74,2.396,5.9,1385.92,113.7,1853.699951,96.9,100.56,1251.2,50.54,-0.0031537742267495,-0.0004397061480876,0.0025792296120661,-0.0033928724058229,0.0004973392453431,0.0025608208616736,0.0047600248543546,0.256660075280628,0.1414924219279214,0.2167625332392742,0.0,0.46035410912546343
1651,2017-04-03,2358.84,-0.0016435249677559,13.015782236534177,2.07,641470.0,309924.0,951394.0,12.38,20650.21,5894.68,2.35,5.91,1369.67,113.57,1849.0,97.0,100.49,1254.0,50.25,-0.0006298194282123,-0.0028899551046865,-0.0117943441317622,-0.0025386629142989,-0.0006963442211249,0.0022353514018194,-0.005754555020863,-0.2746815037528289,-0.3095948492713667,-0.2861892002631681,0.0010314596066622,0.4595463352382855
1652,2017-04-04,2360.16,0.0005594405740314,13.063075718561883,1.65,410296.0,248046.0,658342.0,11.79,20689.24,5898.61,2.35,5.91,1368.17,113.36,1850.0,97.0,100.49,1258.4,50.99,0.0018882695148096,0.0006664807098744,-0.0010957544269087,0.0005406866852455,0.0,0.0035026305512015,0.0146189881278795,-0.446883567132101,-0.2227128932959843,-0.3682037243451823,0.0,0.45380847069947083
1653,2017-04-05,2352.95,-0.0030595532989128,13.27139651674788,1.65,798368.0,482408.0,1280776.0,12.89,20648.15,5864.48,2.357,5.84,1352.14,113.78,1846.0,97.0,100.52,1248.5,51.14,-0.001988031345629,-0.0058029133116992,-0.0117855579297856,-0.0021645030095731,0.0002984926145241,-0.0078982420242397,0.0029374347959763,0.6656907935972551,0.6651760161874503,0.6654968700809487,0.0,0.455273687729806
1654,2017-04-06,2357.49,0.0019276336842422,13.353652201324786,1.91,502592.0,262889.0,765481.0,12.39,20662.95,5878.95,2.343,5.85,1364.43,113.72,1846.599976,97.0,100.72,1253.3,51.69,0.0007165144783467,0.002464357912995,0.0090482364518553,0.0003249612788716,0.0019876770607005,0.0038372418976484,0.010697369344907,-0.4627909362812925,-0.6070583391671001,-0.5147170288075014,0.0,0.45448031845804865
1655,2017-04-07,2355.54,-0.0008274931885736,13.472950832146836,2.35,732558.0,311708.0,1044266.0,12.87,20656.1,5877.81,2.373,5.82,1364.56,113.65,1845.5,97.0,101.13,1257.3,52.25,-0.0003315661934522,-0.0001939309815917,9.527334295711398e-05,-0.0005958538716157,0.0040624281779875,0.0031864919816584,0.0107755516369727,0.3767638108915445,0.170334962291843,0.3105651308504704,0.0,0.45422590319117484
1656,2017-04-10,2357.16,0.0006875040056906,13.52155736835376,1.93,547644.0,284243.0,831887.0,14.05,20658.02,5880.93,2.361,5.81,1367.09,113.64,1846.800049,97.0,101.01,1253.9,53.06,9.294643097312873e-05,0.0005306691147541,0.0018523608247171,0.0007041946951611,-0.0011872960729863,-0.0027078704026424,0.0153834578646732,-0.2909170778367063,-0.0922373460300427,-0.2273729109718303,0.0,0.45260917519114496
1657,2017-04-11,2353.78,-0.0014349580253538,13.66866027325599,1.57,658092.0,420166.0,1078258.0,15.07,20651.3,5866.77,2.298,5.83,1376.95,113.83,1847.900024,97.0,100.71,1274.2,53.38,-0.0003253503112272,-0.0024106858121086,0.0071865150914414,0.0005954340058815,-0.0029744221810394,0.016059836485895,0.0060127952667845,0.1837192983736759,0.3908203651685564,0.2594054406405508,0.0,0.374441415581448
1658,2017-04-12,2344.93,-0.0037669958202624,12.753910646117912,1.83,653665.0,357681.0,1011346.0,15.77,20591.86,5836.16,2.296,5.85,1359.2,114.16,1843.0,97.0,100.18,1278.1,53.12,-0.0028824193468182,-0.0052311805341336,-0.0129746168910545,-0.0026551935012726,-0.0052765317305825,0.0030560694552805,-0.0048826388081999,-0.0067497513754677,-0.1610083435697085,-0.0640646590482845,0.0,0.3793430318591492
1659,2017-04-13,2328.95,-0.0068380284760696,13.64090788469048,1.8,925168.0,513630.0,1438798.0,15.96,20453.25,5805.15,2.232,5.85,1345.24,114.11,1833.099976,97.0,100.58,1288.5,53.19,-0.0067540580067841,-0.0053275917138133,-0.0103238555783571,-0.0053861690370791,0.0039848628143479,0.0081041509547512,0.0013169035860478,0.3473803548373819,0.3618616341678944,0.3525259258914648,0.0,0.4156829384576526
1660,2017-04-17,2349.01,0.0085764405680457,13.142690009174222,1.3,620227.0,475646.0,1095873.0,14.66,20636.92,5856.79,2.252,5.83,1361.18,114.29,1846.099976,97.0,100.3,1291.9,52.62,0.0089399106049548,0.0088562173225241,0.0117795348214304,0.0070667831434008,-0.0027877357759287,0.0026352518738361,-0.0107741331420796,-0.3998898025803203,-0.0768292818125644,-0.2722567368918209,0.0,0.41486820270069485
1661,2017-04-18,2342.19,-0.0029075736718455,13.187972576452529,1.27,530018.0,417759.0,947777.0,14.42,20523.28,5849.47,2.179,5.84,1361.89,114.5,1837.300049,97.0,99.5,1294.1,52.46,-0.0055218530885809,-0.0012506130829255,0.0005214702641422,-0.0047781634808865,-0.0080080508033431,0.0017014698613682,-0.0030453011734188,-0.1571745718289037,-0.1297691688431985,-0.1451873423653111,0.0,0.41299843057520325
1662,2017-04-19,2338.17,-0.0017178170006362,13.572421310050332,1.7,831352.0,489094.0,1320446.0,14.93,20404.49,5863.03,2.202,5.8,1367.13,114.17,1835.0,97.0,99.81,1283.4,50.49,-0.0058048769120837,0.0023154759544787,0.0038402110938129,-0.0012526478065879,0.0031107345339478,-0.0083026665112084,-0.0382756775679036,0.450142322975509,0.1576499888110198,0.3316055947840031,0.0,0.4361162939952538
1663,2017-04-20,2355.84,0.0075287796425387,13.539432507727378,1.52,823181.0,540835.0,1364016.0,14.15,20578.71,5916.78,2.241,5.8,1384.15,114.25,1846.699951,97.0,99.84,1283.8,50.26,0.0085020715541812,0.0091258471960671,0.0123725808489041,0.0063557544293395,0.0003005259226229,0.0003116235612621,-0.004565764755378,-0.0098771876164818,0.1005595415293925,0.0324637312397761,0.0,0.43902351514436605
1664,2017-04-21,2348.69,-0.0030396258521454,13.556934535897966,2.52,840910.0,333883.0,1174793.0,14.63,20547.76,5910.52,2.237,5.79,1379.85,114.54,1842.099976,97.0,99.98,1289.1,49.64,-0.0015051136575916,-0.0010585679883927,-0.003111435216379,-0.0024940237884472,0.0014012613643066,0.0041198705713814,-0.0124125717790395,0.0213085351959563,-0.4823236093631493,-0.1493413276941897,0.0,0.479650355540509
1665,2017-04-24,2374.15,0.0107817527738367,13.62149243638635,1.93,956085.0,496509.0,1452594.0,10.84,20763.89,5983.82,2.273,5.72,1397.94,114.89,1871.699951,97.0,99.04,1277.5,48.9,0.0104634877524798,0.0123253459948067,0.013024926826521,0.0159408704758785,-0.0094463570491383,-0.0090392573711994,-0.0150195638555801,0.1283621824442455,0.3968109780028186,0.2122589617932622,0.0,0.4922430692222438
1666,2017-04-25,2388.61,0.0060721281060622,14.505041711249865,1.22,921956.0,756596.0,1678552.0,10.76,20996.12,6025.49,2.327,5.68,1411.08,114.6,1882.0,97.0,98.83,1267.2,49.22,0.0111222384276405,0.0069396438647686,0.0093556442055282,0.0054879585398834,-0.0021226065481938,-0.0080953010176978,0.0065226484820835,-0.0363493211577292,0.4212278151663895,0.1445805933429618,0.0,0.48775490177368247
1667,2017-04-26,2387.45,-0.0004857560511428,15.446821065258035,1.38,591856.0,427583.0,1019439.0,10.85,20975.09,6025.23,2.311,5.65,1419.43,114.58,1882.400024,97.0,98.98,1264.2,49.22,-0.0010021155816044,-4.315094866313984e-05,0.0059000139353395,0.0002125300175093,0.001516607135648,-0.0023702310219633,0.0,-0.4432341380227864,-0.5706810037970147,-0.4986790410090869,0.0,0.46351810614502537
1668,2017-04-27,2388.77,0.0005527383720211,15.670331378272008,2.04,591198.0,289112.0,880310.0,10.36,20981.33,6048.94,2.296,5.65,1417.13,114.84,1881.099976,97.0,99.15,1265.9,48.96,0.0002974515006766,0.0039273971587494,-0.00162168295686,-0.0006908718223517,0.0017160454420652,0.0013438206045846,-0.0052964067588394,-0.0011123753739887,-0.391334265288993,-0.1467336368067791,0.0,0.46390676208960796
1669,2017-04-28,2384.2,-0.0019149508153324,15.821025861111467,1.74,697517.0,400445.0,1097962.0,10.82,20940.51,6047.61,2.282,5.62,1400.43,115.2,1878.300049,97.0,99.04,1268.3,49.31,-0.0019474342204848,-0.0002198974096518,-0.0118543673000228,-0.0014895608336891,-0.0011100460295194,0.0018940894306007,0.0071232620319641,0.1653758994800291,0.3257622724489017,0.2209368949256642,0.0,0.46415198131096974
1670,2017-05-01,2388.33,0.0017307386358744,16.354384289995433,1.51,543681.0,359614.0,903295.0,10.11,20913.46,6091.6,2.325,5.7,1407.36,114.6,1882.5,97.1,99.13,1255.5,48.83,-0.0012925896284734,0.0072476203243425,0.0049362766245604,0.0022335421672554,0.0009083111085201,-0.0101435214757437,-0.0097820221624655,-0.2491642083592466,-0.1075451947519798,-0.1951618242108459,0.0010303967938964,0.46268782851139445
1671,2017-05-02,2391.17,0.0011884089692433,17.200307615172648,1.64,519349.0,317030.0,836379.0,10.59,20949.89,6095.37,2.296,5.68,1399.36,115.01,1886.199951,97.1,98.95,1257.0,47.65,0.0017404249395127,0.0006186935916403,-0.0057006197017859,0.0019635164575779,-0.0018174479962311,0.0011940299926074,-0.024462247973358,-0.0457865736109308,-0.1260348273630214,-0.0769673292456154,0.0,0.39766936556686067
1672,2017-05-03,2388.13,-0.0012721529972958,17.72104859541088,2.1,673798.0,320112.0,993910.0,10.68,20957.9,6072.55,2.309,5.68,1390.92,114.87,1883.099976,97.1,99.38,1248.5,47.79,0.0003822678360059,-0.0037508508856607,-0.0060495905359019,-0.0016448548849723,0.0043362141255993,-0.0067850988704192,0.002933782489856,0.2603542585400245,0.0096745279346226,0.172564799662469,0.0,0.3969559282017466
1673,2017-05-04,2389.52,0.0005818760433342,18.30815396474361,1.73,406642.0,234759.0,641401.0,10.46,20951.47,6075.34,2.356,5.75,1388.85,114.35,1886.5,97.1,98.78,1228.6,45.55,-0.0003068526227174,0.0004593390373237,-0.0014893321264883,0.0018039181577105,-0.0060557310616955,-0.0160675209900009,-0.0480057888840996,-0.5049971712463606,-0.3101114785464478,-0.437991812950397,0.0,0.4007075684896274
1674,2017-05-05,2399.29,0.0040803513003337,19.242062286096587,2.02,738679.0,366511.0,1105190.0,10.57,21006.94,6100.76,2.352,5.77,1396.99,114.47,1896.800049,97.1,98.58,1226.9,46.23,0.0026440483476797,0.0041753988437882,0.0058438554730413,0.0054450211798124,-0.0020267538352474,-0.0013846469326903,0.0148183142941666,0.5969302643287246,0.4454690785072586,0.5441176985249108,0.0,0.3998150629449001
1675,2017-05-08,2399.38,3.7510393508632944e-05,19.90357560694901,1.82,687196.0,376690.0,1063886.0,9.77,21012.28,6102.66,2.376,5.76,1391.64,114.16,1897.300049,97.1,99.16,1227.1,46.46,0.0002541694028934,0.0003113881215828,-0.003837014278595,0.0002635671120847,0.0058663058897581,0.0001629991853651,0.0049627893421289,-0.0722439058792421,0.0273940335034303,-0.038089023568002,0.0,0.3998238494196212
1676,2017-05-09,2396.92,-0.0010257908036237,20.142475620574,1.66,662680.0,399791.0,1062471.0,9.96,20975.78,6120.59,2.407,5.73,1391.86,114.05,1893.400024,97.1,99.54,1216.1,45.84,-0.0017385899321862,0.0029337554022337,0.0001580743671336,-0.0020576813258612,0.003824866263419,-0.0090046449955485,-0.0134346549357786,-0.036327330860999,0.0595193425349886,-0.0013309149958065,0.0,0.38086328589892304
1677,2017-05-10,2399.63,0.0011299789591925,20.88415877653585,1.95,565521.0,289826.0,855347.0,10.21,20943.11,6129.14,2.414,5.72,1399.59,114.38,1895.900024,97.1,99.63,1218.9,47.28,-0.0015587247951778,0.0013959493618926,0.0055383544457203,0.0013195050964878,0.0009037506263567,0.0022997956748369,0.0309303006913586,-0.1585447889251448,-0.3216611676488021,-0.216845371752461,0.0,0.3839885124891947
1678,2017-05-11,2394.44,-0.0021651757390088,21.32991267715453,1.55,621668.0,401830.0,1023498.0,10.6,20919.42,6115.96,2.4,5.71,1390.2,114.57,1891.199951,97.1,99.65,1224.2,47.81,-0.0011317998472062,-0.0021526986451387,-0.0067317149030801,-0.0024821501645853,0.0002007226020381,0.0043387567551791,0.0111474495401693,0.0946587580344324,0.3267483706970751,0.1794742164643228,0.0,0.3826876004735997
1679,2017-05-12,2390.9,-0.0014795189665717,21.65787369470849,2.05,669447.0,326489.0,995936.0,10.4,20896.61,6121.23,2.335,5.69,1382.77,114.97,1893.0,97.1,99.19,1227.7,47.83,-0.0010909692891658,0.0008613088994771,-0.0053588879656265,0.0009513499070195,-0.0046268439009011,0.0028549307698249,0.0004182350541932,0.0740458102631116,-0.2076328561151186,-0.027298452528381,0.0,0.3878260296495983
1680,2017-05-15,2402.32,0.0047650730024741,22.33757843225863,1.44,643874.0,446429.0,1090303.0,10.42,20981.94,6149.67,2.338,5.64,1393.92,115.06,1901.599976,97.1,98.88,1230.0,48.86,0.0040751228534379,0.0046353651196326,0.0080311881637271,0.0045327522157103,-0.0031302090485221,0.0018716691796685,0.021306008137389,-0.0389489436546792,0.3128841156242838,0.09052791975291,0.0,0.38634360993939515
1681,2017-05-16,2400.67,-0.0006870720384215,22.774186496165186,1.79,571562.0,319079.0,890641.0,10.65,20979.75,6169.87,2.329,5.62,1394.68,115.08,1906.199951,97.1,98.19,1236.4,48.64,-0.0001043809246947,0.0032793461610971,0.0005450763959098,0.0024160813728997,-0.0070026165281813,0.005189761891498,-0.0045128281716828,-0.1191300909982242,-0.3358416520869891,-0.2022694900368957,0.0,0.5164616108542397
1682,2017-05-17,2357.03,-0.0183455131436867,22.845057336326487,2.29,1318933.0,575406.0,1894339.0,15.59,20606.93,6011.24,2.216,5.65,1355.89,115.07,1882.599976,97.1,97.39,1258.7,49.04,-0.0179302597964525,-0.0260467179424317,-0.0282069329944896,-0.0124579184331397,-0.008180841208091,0.0178755110394979,0.0081900539700443,0.8362053915796981,0.5896371575640185,0.7546838157944027,0.0,0.5175179726525171
1683,2017-05-18,2365.72,0.0036800634407034,22.56582212690813,1.75,1007917.0,574479.0,1582396.0,14.66,20663.02,6055.13,2.233,5.68,1361.08,114.48,1881.0,97.1,97.88,1252.8,49.36,0.0027182022045408,0.0072747965733643,0.0038204369666612,-0.000850237063763,0.0050187026013635,-0.0046983960609203,0.0065040879691764,-0.2689372513982864,-0.0016123354958477,-0.1799298109429425,0.0,0.5304898024334733
1684,2017-05-19,2381.73,0.0067446990247326,22.389559081175587,1.93,765631.0,396639.0,1162270.0,12.04,20804.84,6083.7,2.245,5.62,1367.33,114.92,1894.800049,97.1,97.12,1253.6,50.32,0.006840022751648,0.0047072168823891,0.0045814308934746,0.0073097676088149,-0.0077949112632831,0.0006383658052726,0.0192622327950524,-0.2749407735341656,-0.3704369959901008,-0.3085651646350307,0.0,0.5371112994158105
1685,2017-05-22,2394.02,0.0051468469372126,22.353062172622177,2.0,530843.0,265246.0,796089.0,10.93,20894.83,6133.62,2.254,5.58,1377.14,114.87,1904.900024,97.1,96.99,1261.4,50.81,0.00431610800279,0.0081720504684366,0.0071489517322866,0.0053162084338937,-0.001339446905737,0.0062028031877394,0.0096905732134557,-0.3662340214636099,-0.4023688498385223,-0.3784192797849144,0.0,0.5376201152424807
1686,2017-05-23,2398.42,0.001836225904257,22.42078859823305,1.62,554356.0,343245.0,897601.0,10.72,20937.91,6138.71,2.285,5.55,1380.98,114.94,1906.699951,97.1,97.34,1255.5,51.12,0.0020596315340117,0.0008295083805371,0.0027845071868615,0.0009444470278081,0.0036021239998573,-0.0046883156319106,0.0060826244636387,0.043340770673284,0.2577867806323102,0.120014660210364,0.0,0.5372919356252839
1687,2017-05-24,2404.39,0.0024860459084417,22.48526189309604,1.63,565214.0,346040.0,911254.0,10.02,21012.42,6163.02,2.266,5.54,1382.51,115.38,1907.800049,97.1,97.1,1253.1,50.99,0.0035522999867918,0.0039522947820813,0.001107295598195,0.0005767980235944,-0.0024686291080291,-0.0019134184264011,-0.0025462750022149,0.0193973408497711,0.0081098974125772,0.0150960240381863,0.0,0.5345525742287567
1688,2017-05-25,2415.07,0.004432039059246,22.45641604778976,1.45,747805.0,517059.0,1264864.0,9.99,21082.95,6205.26,2.255,5.52,1383.39,115.29,1914.599976,97.1,97.19,1256.4,48.57,0.0033509654861454,0.0068304023232581,0.0006363209296749,0.0035579395818556,0.0009264502180998,0.002630007493253,-0.0486234787094108,0.2799378283038898,0.4016026126077037,0.3278982126126024,0.0,0.5140858149997632
1689,2017-05-26,2415.82,0.0003105017940905,21.00918271014298,2.05,560634.0,273431.0,834065.0,9.81,21080.28,6210.19,2.25,5.52,1382.24,115.49,1912.199951,97.1,97.4,1268.1,49.58,-0.0001266506386521,0.0007941718196455,-0.000831636962487,-0.0012543249505867,0.0021583851331099,0.009269228576362,0.0205814702493909,-0.2880739626045034,-0.6371076830790603,-0.4164085485289508,0.0,0.4971828495548779
1690,2017-05-31,2411.8,-0.0004601312906196,19.25638830821717,1.68,620812.0,369972.0,990784.0,10.41,21008.65,6198.52,2.196,5.57,1370.21,115.63,1911.699951,97.1,96.98,1275.4,48.29,-0.0034037486415456,-0.0018809374126131,-0.008741358863765,-0.0002615131230747,-0.0043214389712833,0.0057401376403172,-0.0263630267215941,0.101960012383186,0.3023780222582299,0.1721852119463545,0.0,0.5063078977836061
1691,2017-06-01,2430.06,0.0075425917183,18.207711628476613,1.48,767674.0,518456.0,1286130.0,9.89,21144.18,6246.83,2.217,5.53,1396.06,115.38,1923.099976,95.0,97.2,1270.1,48.32,0.0064304326432509,0.0077635812009457,0.0186899705945915,0.0059455819336156,0.0022659397891873,-0.0041642173708975,0.0006210537411091,0.212336865285124,0.3374278367961292,0.2608964394174187,-0.0218644836967385,0.5050667950034818
1692,2017-06-02,2439.07,0.0037008707032848,18.861444432467376,1.47,935461.0,635574.0,1571035.0,9.75,21206.29,6305.8,2.159,5.49,1405.39,116.01,1935.199951,95.0,96.67,1280.2,47.68,0.0029331454658922,0.0093957097148322,0.0066608609793998,0.0062722001384853,-0.005467594989879,0.007920678197629,-0.013333530869465,0.1976742920445175,0.2036733637003696,0.2000969284753431,0.0,0.49358738729611384
1693,2017-06-05,2436.1,-0.0012184192007351,18.26354208915205,1.42,525483.0,369889.0,895372.0,10.07,21184.04,6295.68,2.182,5.49,1396.45,115.81,1931.699951,95.0,96.8,1282.7,47.4,-0.0010497678146546,-0.0016061608915123,-0.0063815423717423,-0.0018102361294474,0.0013438778060175,0.0019509155979022,-0.0058897940560633,-0.5767216162577302,-0.5413255669662771,-0.5622506424332041,0.0,0.49286430315228175
1694,2017-06-06,2429.33,-0.0027829007381505,18.602773121315,1.62,472688.0,291304.0,763992.0,10.45,21136.23,6275.06,2.147,5.51,1394.9,116.05,1926.099976,95.0,96.53,1297.5,48.13,-0.0022594383419303,-0.0032806371770792,-0.0011105738508678,-0.0029031982162246,-0.002793153422008,0.0114721047342385,0.015283454613987,-0.1058822882540155,-0.238835565209925,-0.1586819564700494,0.0,0.45774466257132823
1695,2017-06-07,2433.14,0.0015671051049048,19.470643628815623,2.45,656880.0,268508.0,925388.0,10.39,21173.69,6297.38,2.178,5.54,1396.67,115.95,1927.099976,95.0,96.69,1293.2,45.8,0.0017707435886471,0.0035506271573257,0.0012681037818804,0.0005190491201636,0.0016561436349329,-0.0033195691887657,-0.049621592194879,0.3290658020035408,-0.0814866867560049,0.1916557911158491,0.0,0.4468795932938071
1696,2017-06-08,2433.79,0.0002671088361099,20.194968762548623,1.49,482034.0,322668.0,804702.0,10.16,21182.53,6321.76,2.194,5.59,1415.61,115.78,1924.199951,95.0,97.21,1279.5,45.68,0.0004174121358495,0.0038639765203356,0.0134697017086997,-0.0015059982878922,0.0053636023375212,-0.0106503902514338,-0.0026235257723841,-0.3094867024186332,0.1837432221679957,-0.1397410864760733,0.0,0.4472213163434742
1697,2017-06-09,2431.77,-0.0008303258478186,20.713357456322623,1.61,927770.0,577394.0,1505164.0,10.7,21271.97,6207.92,2.199,5.57,1421.71,115.53,1922.800049,95.0,97.28,1271.4,45.82,0.0042134582821944,-0.0181717542028376,0.0042998388608808,-0.000727788958561,0.0007198313848792,-0.0063507210975357,0.0030601116775947,0.6547692062581092,0.5819009449337411,0.6261851187985492,0.0,0.448177342255987
1698,2017-06-12,2429.39,-0.0009791902303826,20.878668770831823,2.14,601824.0,281670.0,883494.0,11.46,21235.67,6175.46,2.213,5.56,1419.21,115.52,1918.699951,95.0,97.16,1268.9,46.1,-0.0017079286840679,-0.0052425225333152,-0.001759993695936,-0.0021346346775468,-0.0012343140838853,-0.0019682720994387,0.006092272977253,-0.4328188134803419,-0.7177887028265104,-0.5327726407806193,0.0,0.4512320895816192
1699,2017-06-13,2440.35,0.0045012746082839,21.565933160667026,1.43,589379.0,412159.0,1001538.0,10.42,21328.47,6220.37,2.207,5.53,1425.98,115.7,1928.699951,95.0,97.0,1268.6,46.41,0.0043604850017064,0.0072460168458103,0.0047589178767299,0.0051983275841083,-0.0016481256305889,-0.0002364532030725,0.0067020032504818,-0.0208956035444991,0.3806730242921894,0.1254075969062089,0.0,0.45200782136777107
1700,2017-06-14,2437.92,-0.0009962549022448,22.060335865363268,1.67,769244.0,461037.0,1230281.0,10.64,21374.56,6194.89,2.138,5.49,1417.57,115.95,1930.5,95.0,96.95,1275.9,44.79,0.0021586298628939,-0.004104631844024,-0.0059151585317742,0.0009328612942542,-0.0005155968147221,0.0057378817279003,-0.035530053033876,0.2663387741515599,0.1120691028488956,0.2057057800876585,0.0,0.4550405050754631
1701,2017-06-15,2432.46,-0.0022421257837548,22.1241199938914,1.82,792780.0,434919.0,1227699.0,10.9,21359.9,6165.5,2.162,5.54,1410.08,115.58,1916.5,95.0,97.47,1254.6,44.47,-0.0006860973825357,-0.0047555223399697,-0.00529769774732,-0.007278430883681,0.005349256660458,-0.0168350152650544,-0.0071700956966034,0.030137541287452,-0.0583184932261744,-0.002100912903856,0.0,0.4537416537408768
1702,2017-06-16,2433.15,0.0002836232269434,22.157811961165788,2.17,730051.0,335872.0,1065923.0,10.38,21384.28,6151.76,2.157,5.56,1406.73,115.57,1923.199951,95.0,97.16,1256.5,44.73,0.00114074021978,-0.002231016589592,-0.0023785783062564,0.0034898340419093,-0.003185534215147,0.0015132813210039,0.0058296129221515,-0.0824313609383509,-0.2584296718520154,-0.1413005951837416,0.0,0.47508865829291336
1703,2017-06-19,2453.46,0.0083125589925572,23.30062029632922,1.51,592875.0,392477.0,985352.0,10.37,21528.99,6239.01,2.19,5.54,1418.08,115.45,1936.5,95.0,97.52,1246.7,44.24,0.0067443263364506,0.0140832962094741,0.0080359819449933,0.006891780092288,0.0036983810390447,-0.0078300176327177,-0.0110150602306773,-0.2081308105180834,0.155747801777915,-0.0785974317313247,0.0,0.4906151179199077
1704,2017-06-20,2437.03,-0.0067191883898738,23.533777947230497,1.67,591122.0,354513.0,945635.0,10.86,21467.14,6188.03,2.153,5.59,1402.97,114.91,1922.5,95.0,97.75,1243.5,43.34,-0.0028770051007782,-0.0082047351561787,-0.0107124258674877,-0.0072557975750076,0.0023557136924585,-0.0025700761074691,-0.0205533611058661,-0.0029611583153084,-0.1017329201114467,-0.041142278236931,0.0,0.4909612348702261
1705,2017-06-21,2435.61,-0.0005828462764325,23.59001371583348,2.87,697844.0,242966.0,940810.0,10.75,21410.03,6233.95,2.155,5.66,1399.25,114.67,1920.0,95.0,97.56,1245.8,42.48,-0.0026638900735527,0.007393379988267,-0.0026550393511302,-0.001301236357972,-0.0019456255177559,0.0018479095765853,-0.0200426191745299,0.1659731561990423,-0.3778235008122479,-0.0051154531636559,0.0,0.4904564097026803
1706,2017-06-22,2434.5,-0.000455841867728,23.618905248956228,1.81,521606.0,288616.0,810222.0,10.48,21397.29,6236.69,2.153,5.68,1404.54,114.92,1921.5,95.0,97.54,1249.4,42.53,-0.0005952253201613,0.000439432145276,0.0037734682533647,0.0007809449830711,-0.0002050230658126,0.0028855422394249,0.0011763323318589,-0.2910830684677119,0.1721755690027873,-0.1494329221504511,0.0,0.4907008454985317
1707,2017-06-23,2438.3,0.0015596785299303,23.52651553959943,2.32,618025.0,266325.0,884350.0,10.02,21394.76,6265.25,2.144,5.66,1414.78,115.3,1925.0,95.0,97.3,1256.4,42.86,-0.0001182462631703,0.0045688988560339,0.0072641949328948,0.0018198367169857,-0.0024635610899474,0.0055870526050219,0.0077292807798885,0.1696163961001531,-0.0803797173612057,0.0875446276916811,0.0,0.48806443784127834
1708,2017-06-26,2439.07,0.0003157439383913,23.21673078821525,1.78,577721.0,324424.0,902145.0,9.9,21409.55,6247.15,2.137,5.63,1416.64,115.51,1927.5,95.0,97.42,1246.4,43.24,0.0006910519332539,-0.0028931320330354,0.0013138285860474,0.0012978587156,0.0012325391864376,-0.007991092548008,0.0088270027255767,-0.0674378565401276,0.1973339347447691,0.0199223491425666,0.0,0.5121313890938745
1709,2017-06-27,2419.38,-0.0081055101118554,22.972680436193947,1.57,631259.0,403253.0,1034512.0,11.06,21310.66,6146.62,2.198,5.63,1403.52,114.91,1917.599976,95.0,96.47,1246.9,44.25,-0.0046296671590546,-0.0162230225080648,-0.0093045037543078,-0.0051494348329539,-0.0097994491959347,0.0004010748860565,0.0230893786829309,0.0886251847398824,0.2175128542892412,0.1369098359016209,0.0,0.5290027078056124
1710,2017-06-28,2440.69,0.0087694772165969,22.930451509367792,2.07,597068.0,288488.0,885556.0,10.03,21454.61,6234.41,2.221,5.63,1425.27,115.04,1931.699951,95.0,96.04,1249.1,44.74,0.0067321236914263,0.0141816103088938,0.0153779026496216,0.0073260272414588,-0.004467307829409,0.001762820969323,0.0110125846080451,-0.0556852281599393,-0.3349106659022638,-0.1554694005950168,0.0,0.5544569389052605
1711,2017-06-29,2419.7,-0.0086372206717717,19.38311620108635,2.27,865927.0,381261.0,1247188.0,11.44,21287.03,6144.35,2.267,5.65,1416.2,114.5,1919.599976,95.0,95.56,1245.8,44.88,-0.0078415736368953,-0.0145509871808258,-0.0063840412214171,-0.0062836003645037,-0.0050104488954438,-0.0026453981518184,0.0031243051524572,0.3717695996436152,0.2788306893354058,0.3424309998150292,0.0,0.43132124628183377
1712,2017-06-30,2423.41,0.0015320736987973,15.944236388413652,2.23,697457.0,313262.0,1010719.0,11.18,21349.63,6140.42,2.302,5.71,1415.36,114.36,1916.400024,95.0,95.63,1242.3,46.02,0.0029364422532971,-0.000639816640291,-0.0005933125377115,-0.0016683799490371,0.0007322559038422,-0.0028133936004142,0.0250838233927792,-0.2163597463477131,-0.1964442788613176,-0.2102294583888007,0.0,0.44420820304909114
1713,2017-07-06,2409.75,-0.0094129712485484,11.170522893343746,1.8,709949.0,395409.0,1105358.0,12.54,21320.04,6089.46,2.37,5.77,1400.82,112.83,1909.0,93.4,95.81,1223.3,45.52,-0.0013869338452003,-0.0083337358887511,-0.0103261362545605,-0.0038688938067004,0.0018804853013305,-0.0154123751667603,-0.0109242947891443,0.0177522734198376,0.2328807711346172,0.0895073056253004,-0.0169855463657437,0.4425173459026549
1714,2017-07-07,2425.18,0.0063827407569565,10.17220228352316,1.84,748335.0,406447.0,1154782.0,11.19,21414.34,6153.08,2.393,5.84,1415.84,112.9,1913.199951,93.4,96.0,1209.7,44.25,0.004413315604884,0.0103933616219222,0.0106652150936392,0.0021976624688528,0.0019811278050543,-0.0111797300870675,-0.0282964183641372,0.0526576022077804,0.0275328669459575,0.0437423171711461,0.0,0.4341865815780538
1715,2017-07-10,2427.43,0.0009273360773853,9.790112393441598,1.7,656606.0,385623.0,1042229.0,11.11,21408.52,6176.39,2.371,5.82,1408.47,113.4,1917.099976,93.4,96.06,1213.2,44.4,-0.0002718174375022,0.0037811889355623,-0.0052189856839719,0.0020364078124943,0.0006248047688419,0.0028891018486234,0.0033840979842407,-0.1307665956679642,-0.0525933309232069,-0.1025498927114494,0.0,0.4339782249446257
1716,2017-07-11,2425.53,-0.0007830273058413,9.44578493165418,2.15,503242.0,234093.0,737335.0,10.89,21409.07,6193.3,2.362,5.82,1413.05,113.51,1915.699951,93.4,95.76,1214.7,45.06,2.5690376316944707e-05,0.0027341041746371,0.0032464799275748,-0.0007305495141576,-0.0031279349869599,0.001235635891799,0.0147554655659192,-0.2660129752873796,-0.4991417359620538,-0.3460746334718081,0.0,0.45062528369001875
1717,2017-07-12,2443.25,0.0072790630263668,9.089817094646726,1.54,580139.0,376336.0,956475.0,10.3,21532.14,6261.17,2.327,5.75,1424.32,114.18,1932.900024,93.4,95.77,1219.1,45.48,0.0057320386159691,0.0108990060348901,0.0079440180648457,0.0089384127363452,0.00010442228381,0.0036157488648749,0.0092777338782368,0.1421965622782526,0.4747638890747776,0.2602123172116819,0.0,0.44537559643408875
1718,2017-07-13,2447.83,0.0018727975574499,8.737953282819532,1.56,482965.0,308842.0,791807.0,9.9,21553.09,6274.44,2.348,5.72,1425.66,114.19,1936.900024,93.4,95.73,1217.3,46.06,0.000972491113595,0.002117169400897,0.0009403575454873,0.0020672910098449,-0.0004177545752659,-0.0014775901555497,0.012672225510204,-0.1833235427413342,-0.1976525421084431,-0.1889369763318029,0.0,0.45194968676173036
1719,2017-07-14,2459.27,0.0046626401441427,9.949418101639385,1.46,785659.0,538406.0,1324065.0,9.51,21637.74,6312.47,2.319,5.65,1428.82,114.48,1948.099976,93.4,95.15,1227.5,46.53,0.003919818553479,0.0060428041073752,0.0022140644116488,0.0057657570283344,-0.0060771352161035,0.0083442892531246,0.0101523714640179,0.4865786687944169,0.555783103134436,0.5141441536982185,0.0,0.4501148940935995
1720,2017-07-17,2459.14,-5.286261211612242e-05,10.934113000739652,1.57,602292.0,384656.0,986948.0,9.82,21629.72,6314.43,2.309,5.6,1431.6,114.52,1948.599976,93.4,95.13,1233.7,46.02,-0.000370717397871,0.0003104483310618,0.0019437711072454,0.0002566274072437,-0.0002102165237927,0.005038203408743,-0.0110211812493372,-0.2657804785091855,-0.3362634940197679,-0.2938444758056544,0.0,0.4307734677394974
1721,2017-07-18,2460.61,0.0005975913588072,11.92242901696868,1.38,532444.0,386115.0,918559.0,9.89,21574.73,6344.31,2.263,5.57,1427.61,114.85,1949.699951,93.4,94.6,1241.9,46.4,-0.0025455724905345,0.0047208577620452,-0.0027909825371601,0.0005643357616351,-0.0055869011605338,0.0066246808765688,0.0082233746249893,-0.1232646498098866,0.0037858241749848,-0.0718112153836116,0.0,0.43618631723546847
1722,2017-07-19,2473.83,0.0053582702920706,13.766809699302843,1.4,746157.0,534340.0,1280497.0,9.79,21640.75,6385.04,2.268,5.52,1441.77,114.98,1958.599976,93.4,94.78,1242.0,47.1,0.0030553890115427,0.0063994059396854,0.0098698080751145,0.004554430596702,0.0019009404816099,8.051853943680243e-05,0.0149735417901628,0.3374583060909515,0.3248970879155752,0.3321974250437822,0.0,0.43518888055432736
1723,2017-07-20,2473.45,-0.000153619767123,15.273595275184295,1.3,739714.0,567402.0,1307116.0,9.58,21611.78,6390.0,2.266,5.49,1442.35,115.02,1963.300049,93.4,94.31,1245.5,46.73,-0.0013395750182532,0.0007765142417142,0.0004022024103145,0.0023968358296384,-0.0049711879836484,0.0028140722088112,-0.0078866443100373,-0.0086724088185494,0.0600357067487582,0.0205748997530808,0.0,0.43110010718706016
1724,2017-07-21,2472.54,-0.0003679748686389,16.476595120595867,1.82,699592.0,384791.0,1084383.0,9.36,21580.07,6387.75,2.232,5.49,1435.84,115.29,1958.800049,93.4,93.86,1254.9,45.78,-0.0014683328311821,-0.0003521746822805,-0.0045236840525211,-0.0022946900192044,-0.0047829181895222,0.0075188324140267,-0.0205390421879143,-0.0557663170332869,-0.3883677174740914,-0.1868120219254621,0.0,0.43173258711469337
1725,2017-07-24,2469.91,-0.0010642496123312,17.308554289587857,1.81,471174.0,261011.0,732185.0,9.43,21513.17,6410.81,2.254,5.51,1438.06,115.06,1954.800049,93.4,93.98,1254.3,46.21,-0.0031048978329391,0.0036035342966265,0.0015449392404498,-0.0020441543809743,0.0012776833083982,-0.0004782400856333,0.0093489103577546,-0.3952698554265428,-0.3881377777161781,-0.3927332263592866,0.0,0.4339370171198693
1726,2017-07-25,2477.13,0.0029189192431244,18.385425890057743,1.33,565869.0,426301.0,992170.0,9.43,21613.43,6412.17,2.326,5.48,1450.39,114.72,1960.599976,93.4,94.05,1252.1,47.77,0.0046495750011779,0.0002121191805795,0.0085375027390526,0.0029626251239722,0.00074456207237,-0.0017555063557272,0.0332016025196955,0.1831351501047855,0.4905831175058441,0.3038612492999508,0.0,0.4331495621283298
1727,2017-07-26,2477.83,0.0002825451687424,19.48330345871907,1.67,691506.0,415303.0,1106809.0,9.6,21711.01,6422.75,2.282,5.45,1442.28,115.34,1961.900024,93.4,93.67,1249.4,48.58,0.0045046244108313,0.0016486277119529,-0.0056072910144235,0.0006628670733475,-0.0040485885260004,-0.0021587056154315,0.0168140961721556,0.2005092252052236,-0.0261372952299741,0.1093419158598383,0.0,0.4331417595177491
1728,2017-07-27,2475.42,-0.0009730985474876,20.29053991928852,2.14,697566.0,326165.0,1023731.0,10.11,21796.55,6382.19,2.31,5.46,1433.62,115.17,1963.5,93.4,93.86,1260.0,49.05,0.0039321952423634,-0.0063350762518368,-0.0060224807364868,0.0008151913582414,0.002026343145232,0.0084482848860538,0.0096282624373458,0.0087253050181406,-0.2416049860113993,-0.0780273036536307,0.0,0.42823221531368677
1729,2017-07-28,2472.1,-0.0013420867417748,20.739552597400927,2.36,691058.0,293024.0,984082.0,10.29,21830.31,6374.68,2.289,5.47,1429.26,115.17,1960.300049,93.4,93.26,1275.3,49.72,0.0015476707119752,-0.0011774049382928,-0.0030458862200282,-0.0016310472855112,-0.0064130189860964,0.0120697240873299,0.0135670806311383,-0.0093733763055166,-0.1071488713676114,-0.0394998488629383,0.0,0.4279506180730692
1730,2017-07-31,2470.3,-0.0007283910972732,21.04029123274516,1.99,647074.0,325468.0,972542.0,10.26,21891.12,6348.12,2.292,5.51,1425.14,115.26,1961.099976,93.4,92.86,1273.4,50.21,0.0027817040390356,-0.0041751876290181,-0.0028867733051809,0.0004079803162113,-0.0042983087883987,-0.0014909564499285,0.0098069434041034,-0.0657630945746881,0.1050096295986708,-0.0117959646928476,0.0,0.4263527003934965
1731,2017-08-01,2476.35,0.0024461011054492,21.671691713164574,1.58,559228.0,354031.0,913259.0,10.09,21963.92,6362.94,2.251,5.47,1428.33,114.94,1970.400024,96.8,93.04,1279.4,49.19,0.0033200319448116,0.0023318286146416,0.0022358751477584,0.0047310519378322,0.0019365256186327,0.0047007294331118,-0.0205238592393657,-0.1459034007978719,0.084120333397168,-0.0628937416801065,0.0357556490477346,0.42631544864255017
1732,2017-08-02,2477.57,0.0004925392516081,22.20826666237617,2.21,649634.0,294002.0,943636.0,10.28,22016.24,6362.65,2.262,5.48,1412.9,115.1,1970.300049,96.8,92.84,1278.4,49.6,0.0023792557681154,-4.557745456956752e-05,-0.010861599866998,-5.073971536528887e-05,-0.0021519268041725,-0.0007819220040268,0.0083004829236337,0.1498518661824395,-0.1857979098845295,0.0327209780243773,0.0,0.40315385923425895
1733,2017-08-03,2472.16,-0.0021859786914877,22.4184712837186,2.39,531829.0,222316.0,754145.0,10.44,22026.1,6340.34,2.228,5.49,1405.23,115.5,1968.699951,96.8,92.84,1274.4,49.03,0.0004477509671261,-0.0035125624657776,-0.0054433393338575,-0.0008124387347105,0.0,-0.0031338164161711,-0.01155847806774,-0.2000871182782813,-0.279486776847726,-0.2241558413534701,0.0,0.38197771678959985
1734,2017-08-04,2476.83,0.0018872543230461,22.68943632091737,1.94,828456.0,427554.0,1256010.0,10.03,22092.81,6351.56,2.267,5.51,1412.32,115.23,1967.800049,96.8,93.54,1264.6,49.57,0.0030241024014259,0.0017680572527112,0.005032751834018,-0.0004572092039509,0.0075115708915038,-0.0077196129713259,0.0109534563693407,0.4432417183288031,0.6539808030002163,0.5101106515683789,0.0,0.38187292169355314
1735,2017-08-07,2480.91,0.0016459116133837,23.119950124931805,1.89,538590.0,284350.0,822940.0,9.93,22118.42,6383.77,2.257,5.51,1414.17,115.44,1971.800049,96.8,93.43,1264.7,49.37,0.0011585293087055,0.005058379905396,0.0013090442663372,0.0020306636587612,-0.0011766594928754,7.907326141776139e-05,-0.0040428597617112,-0.4306091138789352,-0.407874722436313,-0.4228120147701659,0.0,0.3854360372406963
1736,2017-08-08,2474.92,-0.0024173560904774,23.268837137045573,2.06,690644.0,335964.0,1026608.0,10.96,22085.34,6370.46,2.283,5.53,1410.15,115.2,1966.800049,96.8,93.65,1262.6,49.07,-0.001496705537054,-0.0020871514519882,-0.0028467048455897,-0.0025389745399815,0.0023519360852324,-0.0016618529524059,-0.0060951021689592,0.2486698820890573,0.166798137613048,0.2211321487999296,0.0,0.38530778109606223
1737,2017-08-09,2474.02,-0.0003637142539298,22.52749147785959,2.44,862767.0,353820.0,1216587.0,11.11,22048.7,6352.33,2.241,5.67,1396.95,115.24,1961.900024,96.8,93.55,1279.3,49.59,-0.0016603967557813,-0.0028500057411608,-0.009404793056893,-0.0024944777915267,-0.0010683761699983,0.0131399663894642,0.0105413503992304,0.2225201705775763,0.0517842978746116,0.169789233502847,0.0,0.4724160429789831
1738,2017-08-10,2438.21,-0.0145801944852266,22.59242178121261,2.08,1073599.0,516930.0,1590529.0,16.04,21844.01,6216.87,2.212,5.76,1372.54,114.76,1940.300049,96.8,93.4,1290.1,48.54,-0.009326901157312,-0.0215551100748019,-0.0176282507787695,-0.0110707781287695,-0.0016047074853018,0.0084066814081014,-0.0214010002025872,0.2186271685538994,0.3791191595826504,0.2680172679704569,0.0,0.44751238271326765
1739,2017-08-11,2441.32,0.0012747131060235,21.704195539322907,2.69,1049749.0,390239.0,1439988.0,15.51,21858.32,6256.56,2.189,5.8,1374.23,114.97,1937.699951,96.8,93.07,1294.0,48.81,0.0006548850146632,0.0063639486417361,0.0012305363851012,-0.0013409481122286,-0.0035394470371779,0.0030184613297548,0.0055470096006007,-0.0224654678152962,-0.2811480968844169,-0.0994318850809659,0.0,0.4560897594661714
1740,2017-08-14,2465.84,0.0099936436037593,20.785452626914207,1.99,823266.0,414452.0,1237718.0,12.33,21993.71,6340.23,2.219,5.72,1394.31,115.23,1952.599976,96.8,93.41,1290.4,47.59,0.0061748762915314,0.0132845320902799,0.0145060949908106,0.0076601280814427,0.0036465076871383,-0.002785948249846,-0.0253125547660371,-0.2430270107229688,0.0601977937597677,-0.151365418657619,0.0,0.4241224198183098
1741,2017-08-15,2464.61,-0.0004989402693533,20.03630238640529,2.16,722311.0,334475.0,1056786.0,12.04,21998.99,6333.01,2.266,5.74,1383.24,115.26,1949.199951,96.8,93.85,1279.7,47.57,0.0002400398259414,-0.0011394088301202,-0.0079710958319978,-0.0017427986694347,0.0046993571477607,-0.0083265723674488,-0.0004203446888286,-0.1308235621631066,-0.2143950273387869,-0.158037134963747,0.0,0.42404360749895614
1742,2017-08-16,2468.11,0.0014190955851409,19.406453201143893,2.24,1192888.0,532598.0,1725486.0,11.74,22024.87,6345.11,2.226,5.72,1383.53,115.36,1954.0,96.8,93.54,1282.9,46.8,0.0011757262076166,0.0019088009379757,0.0002096307254033,0.0024595467718953,-0.0033086107347779,0.0024974648117437,-0.016319107520589,0.5016767426484741,0.4652047798497492,0.4902765233342556,0.0,0.5040860216910013
1743,2017-08-17,2430.01,-0.0155573029820104,17.849963098835424,2.06,1054483.0,510933.0,1565416.0,15.55,21750.73,6221.91,2.199,5.74,1358.94,115.26,1936.300049,96.8,93.62,1292.4,47.07,-0.0125249492313184,-0.019607503932983,-0.0179332200602013,-0.0090995927873791,0.0008548835741839,0.0073778146950491,0.0057526524894497,-0.1233266583141468,-0.0415284520619927,-0.0973571465666083,0.0,0.4919370711442743
1744,2017-08-18,2425.55,-0.0018370697733356,17.823954035437005,2.1,1162029.0,552924.0,1714953.0,14.26,21674.51,6216.53,2.194,5.79,1357.79,115.55,1930.400024,96.8,93.43,1291.6,48.59,-0.0035104044685159,-0.000865060302658,-0.0008466060806098,-0.0030517130718701,-0.0020315430670594,-0.000619195066223,0.0317818930047608,0.097117015666841,0.0789820937421623,0.0912340716284241,0.0,0.49210569078425237
1745,2017-08-21,2428.37,0.0011619475876312,17.762292411460976,2.12,725690.0,342719.0,1068409.0,13.19,21703.75,6213.13,2.18,5.8,1356.9,115.66,1932.199951,96.8,93.09,1296.7,47.39,0.0013481409548763,-0.0005470785338932,-0.0006556918336064,0.0009319769802367,-0.0036457256764661,0.0039408156707185,-0.0250065124383147,-0.4707999676808434,-0.478309690468274,-0.4732150489650628,0.0,0.5239545848069102
1746,2017-08-22,2452.51,0.009891739536413,16.502812368746355,1.88,857787.0,456093.0,1313880.0,11.35,21899.89,6297.48,2.215,5.76,1371.54,115.7,1945.199951,96.8,93.55,1291.0,47.65,0.0089965573025789,0.0134847586441839,0.0107315099481049,0.0067055496157033,0.0049292855917002,-0.0044054637081965,0.0054713941207138,0.1672328905298101,0.2857858666670427,0.2068139656617003,0.0,0.5116072017919281
1747,2017-08-23,2444.04,-0.003459582133507,16.471366897053745,1.84,655922.0,356924.0,1012846.0,12.25,21812.09,6278.41,2.171,5.75,1369.74,115.95,1942.199951,96.8,93.15,1294.7,48.45,-0.0040172107544069,-0.0030327896660757,-0.0013132553104364,-0.0015434484082863,-0.0042849556725013,0.0028618962179587,0.0166497082365641,-0.2683139374845353,-0.2451738621260535,-0.2602204016734273,0.0,0.5117604966729361
1748,2017-08-24,2438.97,-0.0020765887523932,16.822673673537395,1.95,513840.0,263376.0,777216.0,12.23,21783.4,6271.33,2.194,5.72,1373.88,116.07,1939.699951,96.8,93.28,1292.0,47.24,-0.0013161913831805,-0.001128310347644,0.0030179129341458,-0.0012880292685251,0.0013946255545844,-0.0020876027220539,-0.0252913470076134,-0.2441299464860709,-0.3039402049775876,-0.2648011649869595,0.0,0.5049799756402104
1749,2017-08-25,2443.05,0.0016714396704076,17.183332237017247,2.16,709137.0,327701.0,1036838.0,11.28,21813.67,6265.64,2.169,5.69,1377.45,116.38,1944.599976,96.8,92.74,1297.9,47.65,0.0013886256514066,-0.0009077154034322,0.0025951100039192,0.0025229913710793,-0.0058058436388668,0.0045561683511659,0.0086416387710492,0.3221368048173669,0.2185189382869428,0.288212672147992,0.0,0.5051334456038318
1750,2017-08-28,2444.24,0.0004869774552016,17.47729288356294,1.81,622412.0,343134.0,965546.0,11.32,21808.4,6283.02,2.159,5.67,1382.23,116.2,1946.300049,96.8,92.21,1315.3,46.4,-0.0002416208137603,0.0027700186494907,0.0034641732231248,0.0008738713908176,-0.0057312944122651,0.0133172027810202,-0.0265831708680015,-0.1304464848829276,0.0460194341563333,-0.0712372317193708,0.0,0.5052850305448213
1751,2017-08-29,2446.3,0.0008424428066566,17.692338688313242,1.62,567180.0,350939.0,918119.0,11.7,21865.37,6301.89,2.136,5.66,1383.68,116.27,1945.099976,96.8,92.25,1318.9,46.46,0.002608890064355,0.0029988317979992,0.0010484796199685,-0.0006167821505549,0.0004336983695862,0.0027332793571055,0.0012922681100535,-0.0929255392186299,0.0224913777609838,-0.0503667325926411,0.0,0.5025955997549814
1752,2017-08-30,2457.59,0.00460451598512,17.53014836204554,1.62,653784.0,402514.0,1056298.0,11.22,21892.43,6368.31,2.143,5.63,1391.32,116.65,1947.5,96.8,92.88,1314.1,45.96,0.0012368082238793,0.0104845398552431,0.0055063202186991,0.0012331214709542,0.006806054469,-0.0036460351822462,-0.0108202743617078,0.1421003080096188,0.1371174596734246,0.1401986095769025,0.0,0.5141241025855955
1753,2017-08-31,2471.65,0.0057047488581956,17.48675177962522,1.65,856740.0,517723.0,1374463.0,10.59,21948.1,6428.66,2.121,5.63,1405.28,117.09,1959.699951,96.8,92.67,1322.2,47.26,0.0025396604430678,0.009431990136143,0.0099836343793739,0.0062448765362779,-0.0022635417910361,0.006144995249885,0.0278928187782065,0.2703574669952928,0.2517104713330642,0.2632927669375586,0.0,0.5153515471180712
1754,2017-09-01,2476.55,0.0019805188155972,17.59867563224916,1.9,724759.0,380948.0,1105707.0,10.13,21987.56,6435.33,2.157,5.63,1413.57,116.53,1965.800049,95.1,92.81,1330.4,47.32,0.0017962634729968,0.0010370033866227,0.0058818482006151,0.0031079367775861,0.0015095970087015,0.0061826329792404,0.0012687673514242,-0.1672953028704,-0.3067774673230534,-0.2175781600039243,-0.0177180247311872,0.5215715801506252
1755,2017-09-06,2465.54,0.003123866382146,17.24690528921379,1.78,683855.0,383210.0,1067065.0,11.63,21807.64,6393.31,2.108,5.6,1402.2,116.7,1959.199951,95.1,92.29,1339.0,49.13,-0.0082164717688204,-0.0065509906390079,-0.0080759875965545,-0.0033631104310183,-0.0056185993298161,0.0064434178124539,0.0375368070703712,-0.0580932789540984,0.0059202589171878,-0.0355730604501847,0.0,0.5185486837479618
1756,2017-09-07,2465.1,-0.000178475817,16.93735200598541,2.3,590174.0,256829.0,847003.0,11.55,21784.78,6397.87,2.061,5.6,1398.67,117.15,1964.599976,95.1,91.66,1350.3,49.1,-0.0010488062876756,0.0007129913257699,-0.0025206467055127,0.0027524483967926,-0.006849714196508,0.0084037232758245,-0.0006108113800822,-0.1473284981707134,-0.4001726480008223,-0.2309629313508647,0.0,0.5190483120717232
1757,2017-09-08,2461.43,-0.0014898927557061,16.66577544702099,2.41,821474.0,340329.0,1161803.0,12.12,21797.79,6360.19,2.061,5.64,1399.43,117.26,1964.5,95.1,91.35,1351.2,47.44,0.0005970276826925,-0.0059068713516143,0.0005432257736952,-5.0890026026984e-05,-0.0033877962569617,0.0006662965265933,-0.0343932801110047,0.3306828788796334,0.2815023030116226,0.3160241511967196,0.0,0.5564990439093744
1758,2017-09-11,2488.11,0.0107809042508426,17.350813187341203,1.43,933755.0,653848.0,1587603.0,10.73,22057.37,6432.26,2.125,5.62,1414.83,117.06,1982.0,95.1,91.88,1335.7,48.06,0.011838197900456,0.0112677028256129,0.0109443716759827,0.0088686758914189,0.0057850949968818,-0.0115375875105305,0.0129844756188526,0.1281138036303524,0.6529621117418838,0.3122522227967383,0.0,0.5586741932413858
1759,2017-09-12,2496.48,0.0033583535924837,18.542313860990223,1.33,863620.0,647210.0,1510830.0,10.58,22118.86,6454.28,2.171,5.62,1423.46,116.82,1988.300049,95.1,91.88,1332.7,48.21,0.002783851845729,0.0034175226913983,0.0060811450521267,0.0031735910182701,0.0,-0.0022485393973781,0.0031162381092082,-0.0780812339426955,-0.010204091743093,-0.0495661628813302,0.0,0.5583508818205715
1760,2017-09-13,2498.37,0.0007567795189853,19.61115577689558,1.99,693229.0,348735.0,1041964.0,10.5,22158.18,6460.19,2.195,5.61,1426.89,116.82,1986.699951,95.1,92.52,1328.0,49.3,0.0017760902868033,0.0009152524900457,0.0024067231432187,-0.0008050807982016,0.0069414595423404,-0.0035329085493023,0.0223576126311133,-0.2197724653076811,-0.6183584953413046,-0.3715517748983963,0.0,0.5576016214062821
1761,2017-09-14,2495.62,-0.0011013239025148,20.40199918049276,1.66,835002.0,503364.0,1338366.0,10.44,22203.48,6429.08,2.197,5.58,1425.02,116.9,1983.400024,95.1,92.12,1329.3,49.86,0.0020423048076008,-0.0048272804296995,-0.0013114020203994,-0.0016623902575441,-0.0043327624107538,0.0009784368371743,0.0112949970467672,0.1860737281229116,0.3670012449792956,0.2503420731109695,0.0,0.5583331840665885
1762,2017-09-15,2500.23,0.0018455323152091,21.52184413133981,2.46,964035.0,392542.0,1356577.0,10.17,22268.34,6448.47,2.202,5.58,1431.71,117.06,1987.699951,95.1,91.87,1325.2,49.9,0.0029169054015572,0.0030114446697808,0.0046836853534095,0.0021656108924874,-0.0027175406691091,-0.0030890964478125,0.0008019246620611,0.1436934809478351,-0.2486700285700767,0.0135151483350597,0.0,0.5566602543987269
1763,2017-09-18,2503.87,0.0014548073147988,22.681507381841293,1.49,807712.0,542949.0,1350661.0,10.15,22331.35,6454.64,2.229,5.55,1441.08,116.83,1990.599976,95.1,92.05,1310.8,49.88,0.0028255820577314,0.0009563586562109,0.0065232984152032,0.0014579220103509,0.0019573733957116,-0.0109257536010813,-0.0004008819456369,-0.1769220416661543,0.324371855003875,-0.0043705129855435,0.0,0.556142544223766
1764,2017-09-19,2506.65,0.0011096653781503,23.8280210996696,1.32,550516.0,416407.0,966923.0,10.18,22370.8,6461.32,2.243,5.54,1440.4,116.66,1996.099976,95.1,91.79,1310.6,49.54,0.0017650162348576,0.0010343792634213,-0.0004719796858712,0.0027591760380945,-0.0028285484480869,-0.0001525902192627,-0.0068396967506223,-0.3833495391120483,-0.2653522455125916,-0.3342305166643733,0.0,0.5556752689961304
1765,2017-09-20,2508.24,0.0006341116368568,25.089519634765665,1.92,916566.0,477093.0,1393659.0,9.78,22412.59,6456.04,2.277,5.52,1445.42,115.91,1998.699951,95.1,92.51,1316.4,50.29,0.0018663174953932,-0.000817504551092,0.0034790839785676,0.0013016798911689,0.0078133875522272,0.0044156904637882,0.0150258261226596,0.5097780575530315,0.1360482930795008,0.3655690770287698,0.0,0.5568887831598371
1766,2017-09-21,2500.6,-0.0030506088934592,25.866065926958427,1.65,582011.0,352402.0,934413.0,9.67,22359.23,6422.69,2.278,5.54,1444.18,116.24,1990.300049,95.1,92.26,1294.8,50.58,-0.0023836433392627,-0.005179093675478,-0.0008582503295366,-0.0042115389399812,-0.0027060686535529,-0.0165444950170954,0.0057499910579457,-0.45414472988376,-0.3029388710230822,-0.3997694169486117,0.0,0.5567422432062689
1767,2017-09-22,2502.22,0.000647634756647,26.119220420761,2.44,641504.0,263407.0,904911.0,9.59,22349.59,6426.92,2.262,5.55,1450.78,116.44,1994.599976,95.1,92.17,1297.5,50.33,-0.0004312348279107,0.0006583857646731,0.0045596563923187,0.0021581111907007,-0.0009759801241013,0.002083092987954,-0.0049549204535503,0.0973260715255932,-0.2910722049082697,-0.032081928325871,0.0,0.4841225096647573
1768,2017-09-25,2496.66,-0.0022244992049254,26.102191839700804,1.82,751545.0,413473.0,1165018.0,10.21,22296.09,6370.59,2.22,5.53,1451.96,116.33,1989.099976,95.1,92.65,1311.5,51.85,-0.0023966496023071,-0.0088033318655131,0.0008130249798457,-0.0027612538900232,0.0051942547257963,0.0107321842668852,0.0297536138872676,0.1583156682177353,0.4508918515737914,0.2526552202016727,0.0,0.4842145955136814
1769,2017-09-26,2496.84,7.209372187055862e-05,26.53588601163965,2.09,549677.0,263026.0,812703.0,10.17,22284.32,6380.16,2.229,5.5,1456.86,116.29,1983.300049,95.1,92.97,1301.7,51.59,-0.0005280346355487,0.0015010884531463,0.003369066930805,-0.0029201143313164,0.0034479077363975,-0.0075004178345139,-0.0050270794189777,-0.3128002546527284,-0.4523393294732472,-0.3601260873728318,0.0,0.4562381579431761
1770,2017-09-27,2507.04,0.0040768420216066,27.29362804859208,1.7,852118.0,500383.0,1352501.0,9.87,22340.71,6453.26,2.309,5.51,1484.81,115.8,1988.0,95.1,93.36,1287.8,52.14,0.0025272825593312,0.0113922540672426,0.0190033831963285,0.0023669595025799,0.0041861275105334,-0.0107357663683318,0.0106045532487972,0.4383941819049113,0.6431209185868294,0.5093450209405113,0.0,0.45593155095529875
1771,2017-09-28,2510.06,0.0012038828664966,28.118186865969506,1.3,551676.0,423225.0,974901.0,9.55,22381.2,6453.45,2.309,5.5,1488.79,116.04,1992.400024,95.1,93.08,1288.7,51.62,0.0018107460554901,2.944204991273125e-05,0.0026768915635191,0.0022108460283822,-0.0030036495442091,0.0006986221902627,-0.0100232142148879,-0.4347640974630415,-0.1674698526706102,-0.3273748227109667,0.0,0.45921218366188143
1772,2017-09-29,2519.36,0.003698243773508,28.03088487307274,1.82,894140.0,490423.0,1384563.0,9.51,22405.09,6495.96,2.326,5.49,1490.86,116.42,2000.599976,95.1,93.08,1284.8,51.67,0.0010668444412722,0.0065655736756475,0.001389425155982,0.0041071693097771,0.0,-0.0030308941018484,0.0009681480086256,0.482901445036715,0.1473643314882906,0.3508039179868021,0.0,0.34688604406678397
1773,2017-10-02,2529.12,0.0038665151329828,27.85696327212296,1.4,946701.0,675340.0,1622041.0,9.45,22557.6,6516.72,2.337,5.53,1509.47,115.86,2004.699951,100.7,93.56,1275.8,50.59,0.0067838728015257,0.0031907366680474,0.0124054611763426,0.002047275613191,0.005143603281887,-0.0070296313846425,-0.0211234139952485,0.0571209469694657,0.3199479837485022,0.1583006664234219,0.0572168301731723,0.34191080411111596
1774,2017-10-03,2534.58,0.0021565266962992,27.76251574624381,1.2,602854.0,501649.0,1104503.0,9.51,22641.67,6531.71,2.334,5.52,1511.97,115.83,2009.599976,100.7,93.57,1274.6,50.44,0.0037199758734267,0.0022975954339763,0.0016548404539031,0.002441286163334,0.0001068775718433,-0.0009410289276612,-0.0029694172071264,-0.4513082647441102,-0.2973155958121793,-0.3842897727735117,0.0,0.34188797255472336
1775,2017-10-04,2537.74,0.0012459783329186,28.775355155992223,1.52,964091.0,632480.0,1596571.0,9.63,22661.64,6534.63,2.33,5.52,1507.77,115.92,2011.0,100.7,93.46,1276.8,50.0,0.0008816133431963,0.0004469499566983,-0.0027816982311366,0.0006964254414478,-0.0011762820155416,0.0017245438153503,-0.0087615056685725,0.46951064380454,0.2317479276004483,0.3684627444314508,0.0,0.31299089207049463
1776,2017-10-05,2552.07,0.0056308733972807,29.97391390931587,1.22,950578.0,781356.0,1731934.0,9.19,22775.39,6585.36,2.35,5.51,1512.09,115.98,2016.199951,100.7,93.96,1273.2,50.79,0.0050069398302383,0.0077332761411099,0.0028610617358699,0.002582416544044,0.005335622518432,-0.0028235312876061,0.0156764793850077,-0.0141154678613837,0.2113822722985379,0.0813804987116597,0.0,0.30330916487356807
1777,2017-10-06,2549.33,-0.0010742150246922,30.21497449574704,1.44,777813.0,541087.0,1318900.0,9.65,22773.67,6590.18,2.37,5.53,1510.22,115.69,2014.0,100.7,93.8,1274.9,49.34,-7.552296362867139e-05,0.0007316588489008,-0.0012374642168602,-0.0010917330381889,-0.0017043037785331,0.0013343277361386,-0.0289643737119429,-0.200584085244019,-0.3674507926208186,-0.2724406473289136,0.0,0.30227733098767595
1778,2017-10-09,2544.73,-0.0018060255475313,29.995126004210576,2.35,656268.0,278778.0,935046.0,10.33,22761.07,6579.73,2.361,5.52,1503.56,115.53,2013.099976,100.7,93.67,1285.0,49.58,-0.0005534236199249,-0.0015869511930031,-0.0044197060444073,-0.0004469836956362,-0.0013868887911394,0.0078909741852442,0.0048524155058338,-0.1699168932890433,-0.6631643130658791,-0.3439576088923655,0.0,0.3026968110187576
1779,2017-10-10,2550.64,0.0023197540709585,29.773439951358355,1.34,578450.0,430534.0,1008984.0,10.08,22830.68,6587.25,2.345,5.51,1508.01,115.74,2021.599976,100.7,93.29,1293.8,50.93,0.0030536250128854,0.0011422514225181,0.0029552713293865,0.0042134546193288,-0.0040650462481695,0.0068249062805643,0.0268646142894688,-0.1262171296262089,0.4346105325216136,0.076103437003967,0.0,0.3022185536120054
1780,2017-10-11,2555.24,0.0018018446358105,29.511788700182247,2.43,636854.0,262117.0,898971.0,9.85,22872.89,6603.55,2.345,5.52,1506.92,115.87,2024.5,100.7,93.02,1288.9,51.3,0.0018471210017594,0.0024714207321157,-0.0007230682287744,0.0014334912700162,-0.0028983971769189,-0.0037944831991509,0.0072386112802105,0.0961883174550184,-0.4962353297156596,-0.1154483870566398,0.0,0.30755613416173877
1781,2017-10-12,2550.93,-0.0016881541443298,29.298784967298783,1.79,738302.0,411318.0,1149620.0,9.91,22841.01,6591.51,2.323,5.55,1505.16,116.09,2023.599976,100.7,93.06,1296.5,50.61,-0.0013947619944119,-0.0018249258952138,-0.0011686277922908,-0.0004446649144869,0.0004299226205519,0.005879184567985,-0.0135415669507374,0.1478125250574464,0.4505756689887565,0.2459359560822829,0.0,0.3016019392652735
1782,2017-10-13,2553.17,0.0008777258062382,29.61272586969209,2.08,695023.0,334065.0,1029088.0,9.61,22871.72,6605.8,2.28,5.55,1502.66,116.42,2028.0,100.7,93.09,1304.6,51.43,0.001343608426799,0.0021655936830704,-0.0016623339000991,0.0021719941533442,0.0003223207118958,0.0062281543832769,0.0160724745608384,-0.0604080164449687,-0.2080310531340039,-0.1107584798693999,0.0,0.2899133717329622
1783,2017-10-16,2557.64,0.001749233933479,30.105726960950133,2.02,819675.0,406586.0,1226261.0,9.91,22956.96,6624.0,2.307,5.51,1502.68,116.21,2029.900024,100.7,93.31,1303.0,51.86,0.0037199456015706,0.0027513660797868,1.330964216972319e-05,0.0009364568508916,0.0023605161175321,-0.0012271822371507,0.0083261203236935,0.1649629816884541,0.1964598839064564,0.1752967291779832,0.0,0.2895943209222866
1784,2017-10-17,2559.36,0.0006722689328819,29.367816384276125,1.42,582569.0,411313.0,993882.0,10.31,22997.44,6623.66,2.298,5.49,1497.5,116.27,2027.400024,100.7,93.49,1286.2,51.87,0.0017617468825612,-5.13298197670764e-05,-0.0034531295770499,-0.0012323467758443,0.0019271954572932,-0.0129771634240825,0.0001928082527902,-0.3414602868706016,0.0115590131089469,-0.2101064939415948,0.0,0.27016829730946273
1785,2017-10-18,2561.26,0.0007420976706713,28.82775524184902,1.54,765250.0,496859.0,1262109.0,10.07,23157.6,6624.22,2.339,5.48,1505.14,116.29,2030.400024,100.7,93.36,1283.0,52.05,0.0069401150056123,8.454182862926984e-05,0.005088866122791,0.0014786339943331,-0.0013914907249237,-0.0024910490851262,0.0034642066976693,0.2727549444652766,0.1889518017959375,0.2389209228752769,0.0,0.2693865931639385
1786,2017-10-19,2562.1,0.0003279098121256,27.91130205899981,1.62,724608.0,447685.0,1172293.0,10.05,23163.04,6605.07,2.321,5.48,1502.04,116.42,2033.300049,100.7,93.27,1290.0,51.29,0.0002348844931763,-0.0028950931418965,-0.0020617329844627,0.001427283234598,-0.0009644752395283,0.0054411327400814,-0.0147089936598008,-0.0545717588513827,-0.1042164235255924,-0.0738224713191844,0.0,0.27285760613468435
1787,2017-10-20,2575.21,0.0051038494694015,26.972542703090568,1.55,1060647.0,684225.0,1744872.0,9.97,23328.63,6629.05,2.381,5.47,1509.25,116.04,2035.599976,100.7,93.7,1280.5,51.63,0.0071234567491025,0.0036239698966653,0.0047886545486033,0.0011304909094898,0.0045996765056042,-0.0073915917161375,0.0066070974903804,0.3810035592859702,0.424196950792977,0.3977195406184108,0.0,0.22867598370912573
1788,2017-10-23,2564.98,-0.0039804028670813,26.82289908617716,1.75,859774.0,492630.0,1352404.0,11.07,23273.96,6586.83,2.376,5.43,1497.49,115.94,2030.099976,100.7,93.94,1280.9,51.91,-0.0023462226060289,-0.0063893049315808,-0.0078224655055549,-0.0027055628403296,0.0025580913544729,0.0003123291975102,0.00540855094758,-0.2099648142457564,-0.3285284257277912,-0.2547974509763975,0.0,0.2246844086373156
1789,2017-10-24,2569.13,0.0016166388736671,27.032178714947467,1.91,593744.0,311059.0,904803.0,11.16,23441.76,6598.43,2.406,5.43,1500.42,115.79,2031.400024,100.7,93.77,1278.3,52.32,0.0071839081858851,0.0017595410318467,0.0019546957266367,0.0006401812357008,-0.0018113051673154,-0.002031885663114,0.0078672573098055,-0.3702213139797194,-0.4597757803744713,-0.4019217880878969,0.0,0.24704412110389506
1790,2017-10-25,2557.15,-0.004673963111462,26.655702460506163,2.48,1153156.0,464898.0,1618054.0,11.23,23329.46,6563.89,2.444,5.5,1493.48,115.59,2023.5,100.7,93.71,1279.0,51.97,-0.0048021076125586,-0.0052483269337724,-0.0046361016936895,-0.0038965370039925,-0.0006400682958016,0.0005474524048665,-0.0067120781285927,0.663809560301738,0.4018354218894711,0.5812622311517028,0.0,0.24460615047980996
1791,2017-10-26,2560.4,0.001270139202127,26.08002561716024,2.17,562696.0,258813.0,821509.0,11.3,23400.86,6556.77,2.452,5.5,1497.46,115.25,2025.699951,100.7,94.61,1269.6,52.41,0.0030558342233408,-0.0010853113637416,0.002661372243617,0.0010866103146707,0.0095582715806212,-0.0073766323666433,0.0084307837937243,-0.7175182925060195,-0.585712233482429,-0.6778365786115916,0.0,0.27749182935087424
1792,2017-10-27,2581.07,0.0080405453538157,26.442802746895616,1.41,897620.0,638577.0,1536197.0,9.8,23434.19,6701.26,2.428,5.51,1508.32,115.8,2034.599976,100.7,94.92,1271.8,53.92,0.0014232932654731,0.0217974647680634,0.0072261092002952,0.004383931933126,0.0032712528512099,0.0017313296211076,0.028404053789977,0.4670072983297757,0.9031364701420284,0.6259222677055618,0.0,0.288012186889249
1793,2017-10-30,2572.83,-0.003197581257238,26.318500780213284,1.76,748411.0,424083.0,1172494.0,10.5,23348.74,6698.96,2.37,5.5,1490.9,116.14,2034.599976,100.7,94.56,1277.7,54.11,-0.0036530458877059,-0.000343277949554,-0.0116164842134871,0.0,-0.0037998779097749,0.0046283667639706,0.0035175450505922,-0.1817945238457614,-0.4093130725549709,-0.2701767776554025,0.0,0.2879883455316677
1794,2017-10-31,2575.26,0.0009440395099815,26.22242403523301,2.11,590975.0,279462.0,870437.0,10.18,23377.24,6727.67,2.376,5.56,1502.53,116.25,2036.800049,100.7,94.55,1270.5,54.36,0.0012198782576309,0.0042765822483818,0.0077703894978071,0.0010807452967691,-0.0001057585533219,-0.0056510628370594,0.0046095776282988,-0.236178576987422,-0.4170628645055192,-0.2978929986471872,0.0,0.28820925984333884
1795,2017-11-01,2579.36,0.0015908062532812,26.170873069617947,1.56,817521.0,523026.0,1340547.0,10.2,23435.01,6716.53,2.376,5.54,1492.78,115.83,2041.199951,98.5,94.81,1277.3,54.32,0.0024681586262982,-0.0016572205932021,-0.0065102005708457,0.0021578733238429,0.0027460938254018,0.0053379512885127,-0.0007361060325021,0.3245028751879246,0.6267648497364142,0.4318376342162082,-0.0220892515464736,0.2786889945081424
1796,2017-11-02,2579.85,0.0001899515629224,25.468965385361063,1.84,630121.0,341693.0,971814.0,9.93,23516.26,6714.94,2.347,5.56,1496.55,116.15,2043.199951,98.5,94.69,1278.1,54.55,0.003461038694219,-0.0002367574074053,0.0025223056663108,0.0009793361119561,-0.0012664909344595,0.000626125088937,0.004225229028639,-0.2603647260790591,-0.425718502917233,-0.3216685904811083,0.0,0.28106487041741596
1797,2017-11-03,2587.84,0.003092293216846,24.933021876010866,1.82,958149.0,525312.0,1483461.0,9.14,23539.19,6764.44,2.343,5.56,1494.91,115.42,2045.5,98.5,94.94,1269.2,55.63,0.0009745949434112,0.0073445844711468,-0.0010964546838678,0.0011250760731682,0.002636715127763,-0.0069878194286276,0.019604911808122,0.4190914338002276,0.43007969868294,0.4229687220798546,0.0,0.27386004679821835
1798,2017-11-06,2591.13,0.0012705230741127,23.76764243905906,1.62,750336.0,462072.0,1212408.0,9.4,23548.42,6786.44,2.32,5.57,1497.96,115.26,2046.800049,98.5,94.76,1281.6,57.34,0.0003920351921973,0.0032470244484699,0.0020381781072025,0.0006353635012912,-0.0018977338325871,0.0097225166050538,0.0302758363680224,-0.2444821920277196,-0.1282716486929427,-0.2017694065600928,0.0,0.2742861373299615
1799,2017-11-07,2590.64,-0.0001891245661083,22.07368036920763,1.67,858530.0,514702.0,1373232.0,9.89,23557.23,6767.78,2.307,5.59,1479.09,114.65,2046.800049,98.5,94.91,1275.8,57.19,0.0003740527984525,-0.0027533877698129,-0.0126771486645864,0.0,0.0015816948518159,-0.0045358645062396,-0.0026194025279995,0.1347005181895983,0.1078673693147109,0.1245586209011175,0.0,0.2690058044472607
1800,2017-11-08,2594.38,0.0014426176364308,20.94613415588599,2.19,660170.0,301795.0,961965.0,9.78,23563.36,6789.12,2.325,5.7,1481.73,114.6,2050.699951,98.5,94.87,1283.7,56.82,0.0002601835008686,0.0031482149496593,0.0017832902369123,0.0019035524966986,-0.0004215407376149,0.0061731002830258,-0.0064906815011829,-0.26272424678681,-0.5338401134764332,-0.3559442970778814,0.0,0.28352153571718297
1801,2017-11-09,2584.62,-0.003769071849442,19.13446278815455,1.85,1077622.0,582788.0,1660410.0,10.5,23461.94,6750.05,2.331,5.83,1475.02,114.36,2042.400024,98.5,94.44,1287.5,57.16,-0.0043134294623925,-0.005771418550676,-0.0045387750192587,-0.0040555756892883,-0.0045428211874734,0.0029558204470108,0.0059659766356245,0.4900146630153283,0.6580755049216993,0.5458417713384307,0.0,0.28070654910631015
1802,2017-11-10,2582.3,-0.0008980205445068,17.607752093252557,2.72,1043011.0,384029.0,1427040.0,11.29,23422.21,6750.94,2.4,5.85,1475.28,114.45,2040.300049,98.5,94.39,1274.2,56.75,-0.0016948162442975,0.0001318421836149,0.0001762532628362,-0.0010287188123765,-0.0005295768804591,-0.0103838228555037,-0.0071986967001542,-0.0326450391807977,-0.4171054132856149,-0.1514621908879956,0.0,0.2747844116481794
1803,2017-11-13,2584.84,0.0009831358177203,16.625469437200547,1.75,716253.0,408968.0,1125221.0,11.5,23439.7,6757.6,2.4,5.87,1475.07,114.58,2035.699951,98.5,94.49,1278.9,56.77,0.0007464484828769,0.0009860429831238,-0.000142355991902,-0.0022571638631223,0.0010588734576817,0.003681802756887,0.0003523608211226,-0.3758335449437844,0.0629188428036169,-0.2376229081276157,0.0,0.27885460641005433
1804,2017-11-14,2578.87,-0.0023122919993499,15.61432889258715,1.86,833229.0,448081.0,1281310.0,11.59,23409.47,6737.87,2.381,5.93,1471.26,114.49,2031.900024,98.5,93.83,1282.9,55.67,-0.0012905246430428,-0.0029239461918315,-0.0025862697821974,-0.0018683883020838,-0.0070093744925765,0.0031228068160196,-0.0195666149872186,0.1512750578481547,0.091337106270295,0.1299035312682726,0.0,0.2999011600037824
1805,2017-11-15,2564.62,-0.0055409989946131,14.544568385637486,1.87,1053335.0,562874.0,1616209.0,13.13,23271.28,6706.21,2.335,6.02,1464.1,114.57,2021.0,98.5,93.81,1277.7,55.28,-0.0059206591015854,-0.004709888445511,-0.0048784572933273,-0.005378889296951,-0.0002131741640987,-0.0040615536580164,-0.0070302227360015,0.2344080858400694,0.2280817823833576,0.2322002913430338,0.0,0.31844943855455193
1806,2017-11-16,2585.64,0.0081627400224411,14.485859200124944,1.74,868773.0,500096.0,1368869.0,11.76,23458.36,6793.29,2.361,5.87,1486.88,115.03,2035.800049,98.5,93.93,1278.2,55.14,0.0080069523109482,0.0129013975095695,0.0154392456095928,0.00729644768378,0.0012783638685647,0.000391251618903,-0.0025357738637641,-0.1926347288413836,-0.1182557220342239,-0.1660984319766267,0.0,0.32223367513102374
1807,2017-11-17,2578.85,-0.0026294963926014,14.017838322957806,1.96,971703.0,497022.0,1468725.0,11.43,23358.24,6782.79,2.354,5.84,1492.82,115.24,2033.199951,98.5,93.66,1296.5,56.21,-0.0042771219025308,-0.00154683857102,0.0039869838363166,-0.0012780036145949,-0.0028786202510282,0.014215487762538,0.0192192714183327,0.1119683308645793,-0.0061657892820541,0.0704098260460472,0.0,0.31990311197881444
1808,2017-11-20,2582.14,0.001274949358808,13.229740029515357,1.67,786218.0,469827.0,1256045.0,10.65,23430.33,6790.71,2.372,5.81,1503.4,115.21,2035.699951,98.5,94.08,1275.3,56.21,0.0030815242716748,0.0011669799092075,0.0070622610980226,0.0012288335298498,0.0044742803949207,-0.0164868809458651,0.0,-0.2118160945499223,-0.0562697488727259,-0.1564267820591958,0.0,0.33704184819208155
1809,2017-11-21,2599.03,0.0065197860056391,13.43584391072473,1.21,974216.0,806929.0,1781145.0,9.73,23590.83,6862.48,2.363,5.78,1518.89,115.37,2047.199951,98.5,93.95,1281.7,56.84,0.0068267402732367,0.0105133908000372,0.0102505951670348,0.0056332659077913,-0.0013827582908421,0.0050058767029241,0.0111456262149163,0.214398937306516,0.5408711423882124,0.3492885204992628,0.0,0.3372063783347871
1810,2017-11-22,2597.08,-0.0007505615129561,13.592565648312236,2.34,848791.0,362526.0,1211317.0,9.88,23526.18,6867.36,2.322,5.76,1516.76,115.86,2050.100098,98.5,93.22,1292.2,57.88,-0.0027442335824066,0.0007108604623944,-0.0014033240653921,0.0014156383226273,-0.0078004349148796,0.0081588703882866,0.0181315985343832,-0.1378200609308315,-0.8001394883653763,-0.3855482184784229,0.0,0.335102511840696
1811,2017-11-27,2601.42,-0.0003843315752627,13.573135128829172,1.63,853782.0,524440.0,1378222.0,9.87,23580.78,6878.52,2.328,5.73,1513.31,115.87,2055.800049,98.5,92.9,1294.4,58.1,0.0023181298241468,0.0016237596213599,-0.0022771760987971,0.0027764701807502,-0.0034386451248016,0.0017010751801622,0.0037937620945829,0.0058629078419336,0.3692348307705941,0.1290860652131442,0.0,0.37479590298601256
1812,2017-11-28,2627.04,0.0098002872957216,15.61764407395741,1.13,896144.0,791688.0,1687832.0,10.03,23836.71,6912.36,2.338,5.75,1536.43,116.03,2066.600098,98.5,93.27,1294.9,57.96,0.0107948558755666,0.004907600953441,0.015162238699963,0.0052397017873131,0.0039748669189787,0.0003862047705673,-0.0024125464053845,0.048425222466518,0.4118363481747771,0.2026506024907064,0.0,0.3752478748487277
1813,2017-11-29,2626.07,-0.0003693050444502,17.104588081338626,1.38,942999.0,685695.0,1628694.0,10.7,23940.68,6824.39,2.376,5.74,1542.3,115.61,2066.199951,98.5,93.16,1286.2,57.25,0.0043522747525202,-0.0128081536915392,0.0038132652833908,-0.0001936445008254,-0.0011800677226316,-0.0067413373740317,-0.012325475018132,0.0509641078400218,-0.1437344523608246,-0.0356663984834657,0.0,0.3981702960480336
1814,2017-11-30,2647.58,0.0081575831857882,20.249040689240516,1.21,1236713.0,1020031.0,2256744.0,11.28,24272.35,6873.97,2.417,5.78,1544.14,115.49,2077.399902,98.5,93.05,1276.7,57.4,0.0137587383392983,0.0072388543596932,0.0011923123196826,0.0054059169190443,-0.0011814619278807,-0.007413510874457,0.0026166608911717,0.2711471103512952,0.3971553755281931,0.3261445998310961,0.0,0.4023011073837384
1815,2017-12-01,2642.22,-0.0020265423397498,22.163675057464168,1.76,1302462.0,740523.0,2042985.0,11.43,24231.59,6847.59,2.362,5.77,1537.02,115.42,2069.399902,95.9,92.89,1282.3,58.35,-0.0016806886036313,-0.0038450485952079,-0.0046216442335715,-0.0038584018052301,-0.0017209856888298,0.0043767166387649,0.0164150554070436,0.0517992659990227,-0.3202316046533173,-0.0995110928373712,-0.0267505662886504,0.40393588909752504
1816,2017-12-04,2639.44,-0.0010526994379516,23.84429361325033,1.42,898105.0,632838.0,1530943.0,11.68,24290.05,6775.37,2.379,5.74,1532.41,115.49,2070.0,95.9,93.19,1277.7,57.48,0.0024096476659423,-0.0106027877310648,-0.0030038172991755,0.0002899444452877,0.0032244223981345,-0.0035937538677925,-0.0150222975217406,-0.3717246105676572,-0.157142228100648,-0.2885280882504109,0.0,0.40516889241401965
1817,2017-12-05,2629.57,-0.0037464387216745,24.33052065824033,1.95,726759.0,372660.0,1099419.0,11.33,24180.64,6762.21,2.356,5.74,1516.76,115.65,2063.600098,95.9,93.38,1264.9,57.66,-0.0045144884803622,-0.0019442181165878,-0.0102651786714922,-0.0030965293990972,0.002036769745227,-0.0100685189437816,0.0031266309994322,-0.2116920647069342,-0.5295479894201147,-0.3311020269652243,0.0,0.39582701589234215
1818,2017-12-06,2629.27,-0.0001140936025159,24.761790738121007,1.55,723508.0,467575.0,1191083.0,11.02,24140.91,6776.38,2.33,5.77,1508.88,115.75,2058.199951,95.9,93.61,1266.1,55.79,-0.0016444012641425,0.0020932763565753,-0.0052088271020966,-0.0026202872655369,0.002460025840862,0.0009482418727113,-0.0329690503528192,-0.004483319892774,0.226893287869796,0.0800811188326751,0.0,0.39744989143330883
1819,2017-12-07,2636.98,0.0029280818451757,24.83248633252419,1.84,698221.0,378711.0,1076932.0,10.16,24211.48,6812.84,2.376,5.79,1520.47,115.51,2063.600098,95.9,93.8,1253.1,56.5,0.0029189891175018,0.0053660309402019,0.0076518438280004,0.0026202872655369,0.0020276406285253,-0.0103208283549687,0.0126459962949585,-0.0355759318101043,-0.2107863824443185,-0.1007467194479847,0.0,0.3918989054445367
1820,2017-12-08,2651.5,0.0054911946288447,25.662759511221896,1.53,874263.0,572800.0,1447063.0,9.58,24329.16,6840.08,2.383,5.8,1521.72,115.53,2073.5,95.9,93.9,1248.4,57.15,0.0048487300767536,0.0039903604716275,0.0008217764638933,0.0047859228261186,0.0010655302020383,-0.0037577497746141,0.0114387520884244,0.2248455741610495,0.4137632344216921,0.2954197272231162,0.0,0.3935746912246775
1821,2017-12-11,2659.99,0.0031968457929973,27.54685482987342,1.47,695423.0,472622.0,1168045.0,9.34,24386.03,6875.08,2.385,5.78,1519.84,115.47,2081.199951,95.9,93.87,1246.9,57.84,0.0023347964293893,0.0051038523760738,-0.0012362078929362,0.0037066261856031,-0.0003195398653161,-0.0012022603940842,0.0120011876096892,-0.2288609522050908,-0.1922407009825946,-0.2142045739956621,0.0,0.37219078897220936
1822,2017-12-12,2664.11,0.0015476797289268,29.05093336158048,1.32,866768.0,655644.0,1522412.0,9.92,24504.8,6862.32,2.403,5.77,1516.12,115.51,2083.399902,95.9,94.1,1241.7,57.12,0.0048585893771573,-0.0018577028651165,-0.0024506263993773,0.0010565006398133,0.0024472002424333,-0.0041790625797437,-0.0125262598191806,0.2202510580671006,0.327322044047742,0.2649645081987213,0.0,0.36470591568972505
1823,2017-12-13,2662.85,-0.0004730653218709,30.185567124492056,1.42,772813.0,546037.0,1318850.0,10.18,24585.43,6875.8,2.349,5.77,1524.45,115.84,2084.399902,95.9,93.43,1248.6,56.59,0.0032849743220548,0.0019624234358222,0.0054792495093902,0.000479869507278,-0.0071455537864695,0.0055415152048468,-0.0093220268768963,-0.1147342468804257,-0.1829312196948951,-0.1435357745086332,0.0,0.37698477904796823
1824,2017-12-14,2652.01,-0.0040791347395288,30.604742138479256,1.46,949392.0,650619.0,1600011.0,10.49,24508.66,6856.53,2.346,5.77,1506.95,115.9,2077.600098,95.9,93.49,1257.1,57.0,-0.0031274665677365,-0.0028065175608809,-0.0115459486761402,-0.0032675685007816,0.0006419858983592,0.0067845572931419,0.007218976680118,0.2057846750041729,0.1752374784080057,0.1932503594708787,0.0,0.40418784827424054
1825,2017-12-15,2675.81,0.0089342951949156,32.12608315425362,1.57,994590.0,632796.0,1627386.0,9.42,24651.74,6936.58,2.355,5.79,1530.42,116.05,2085.5,95.9,93.93,1257.5,57.29,0.0058209617499116,0.0116073748077152,0.0154544669437353,0.0037952061186512,0.0046953453032001,0.0003181420531088,0.0050748205859365,0.0465088122297476,-0.0277761221037451,0.016964542342194,0.0,0.410571350888288
1826,2017-12-18,2690.16,0.0053485331483242,34.48691825255046,1.35,826839.0,611705.0,1438544.0,9.53,24792.2,6994.76,2.392,5.81,1548.92,116.17,2104.0,95.9,93.69,1265.5,57.17,0.0056816013385727,0.0083524396411398,0.0120157063403061,0.0088316602206006,-0.0025583640433275,0.0063416780112843,-0.0020968031446066,-0.1847205954304378,-0.0338979551643614,-0.1233435556051674,0.0,0.4177669245632765
1827,2017-12-19,2681.47,-0.0032355197885935,35.93562893716726,1.74,759582.0,436778.0,1196360.0,10.03,24754.75,6963.85,2.463,5.82,1536.75,115.92,2096.300049,95.9,93.44,1264.2,57.49,-0.0015116977788469,-0.0044288149784854,-0.0078881170726683,-0.003666385513247,-0.0026719408831796,-0.0010277899469803,0.0055817343593194,-0.0848417145315778,-0.3368250832946842,-0.1843478773786255,0.0,0.4193875743747003
1828,2017-12-20,2679.25,-0.0008282469992488,36.94497265793997,1.88,766678.0,408881.0,1175559.0,9.72,24726.65,6960.96,2.497,5.83,1540.08,115.74,2095.399902,95.9,93.31,1269.6,58.09,-0.0011357804355078,-0.0004150864595633,0.002164566323251,-0.0004294901946035,-0.0013922358339861,0.0042623791740012,0.010382512369242,0.0092986137736694,-0.0660008966995295,-0.0175398344341513,0.0,0.4189191079028352
1829,2017-12-21,2684.57,0.0019836615488504,38.071580669784176,1.51,596555.0,394214.0,990769.0,9.62,24782.29,6965.36,2.481,5.82,1547.11,115.36,2100.800049,95.9,93.28,1270.6,58.34,0.0022476758106577,0.0006318970333012,0.004554311300053,0.0025738287232286,-0.0003215606437487,0.0007873396202331,0.0042944324351337,-0.2508954539347652,-0.0365302511073739,-0.1710176488509631,0.0,0.4199696470482897
1830,2017-12-22,2683.34,-0.0004582789284945,38.51110710636478,2.08,662999.0,318471.0,981470.0,9.9,24754.06,6959.96,2.485,5.82,1542.92,115.74,2099.600098,95.9,93.35,1278.8,58.25,-0.0011397692020533,-0.0007755656991257,-0.0027119494425651,-0.0005713508192783,0.00075014738555,0.0064329083532532,-0.001543871993765,0.1056020400752988,-0.2133624899935871,-0.0094299614891717,0.0,0.4119273441201915
1831,2017-12-26,2680.5,-0.0010589429458702,38.43030437943184,1.63,488855.0,299722.0,788577.0,10.25,24746.21,6936.25,2.467,5.82,1544.23,115.8,2099.300049,95.9,93.26,1287.5,59.55,-0.0003171699898114,-0.0034124445454022,0.0008486792534396,-0.00014291790231,-0.0009645786075571,0.0067802153522054,0.0220722033554991,-0.3047075599033988,-0.060676040692865,-0.218821392380093,0.0,0.41007921671156833
1832,2017-12-27,2682.62,0.0007905846262703,38.26726660967808,1.92,582769.0,304255.0,887024.0,10.47,24774.3,6939.34,2.414,5.79,1543.94,115.91,2103.199951,95.9,93.03,1291.4,59.67,0.0011344795525225,0.000445386473812,-0.0001878134952759,0.0018559919664484,-0.0024692695997075,0.0030245476544754,0.0020130857326812,0.1757249594312711,0.0150107872177933,0.1176419840324527,0.0,0.41016165094975804
1833,2017-12-28,2687.54,0.0018323481522246,37.69303058975876,2.22,604918.0,272071.0,876989.0,10.18,24837.51,6950.16,2.432,5.78,1548.93,115.95,2106.899902,95.9,92.6,1297.2,59.84,0.0025481849665691,0.0015580117626559,0.0032267792242803,0.0017576552014091,-0.0046328801283337,0.004481194240796,0.0028449521322313,0.0373020302377931,-0.1118031039408293,-0.0113775899065995,0.0,0.42208259450975
1834,2017-12-29,2673.61,-0.0051966579366684,35.268133113567146,2.37,903661.0,381347.0,1285008.0,11.04,24719.22,6903.39,2.405,5.78,1535.51,116.1,2103.5,95.9,92.12,1309.3,60.46,-0.0047739318012514,-0.0067520855938667,-0.0087017965539981,-0.0016150022886725,-0.0051970666996492,0.0092845478005445,0.0103076556850902,0.40136137840733,0.3376466601447525,0.3820257734567605,0.0,0.4214771062629039
1835,2018-01-02,2695.81,0.0082690966618672,34.6618083656681,2.12,799064.0,376884.0,1175948.0,9.77,24824.01,7006.9,2.465,5.81,1550.01,116.4,2116.0,95.7,91.87,1316.1,60.37,0.0042302512883498,0.0148827825431414,0.009398809109081,0.0059248899476145,-0.0027175406691091,0.0051801746065702,-0.0014896965429773,-0.1230132473785055,-0.0117722739969376,-0.0886903131970076,-0.0020876834304841,0.4130786086486707
1836,2018-01-03,2713.06,0.0063784333821308,34.06607775069147,1.24,840038.0,675053.0,1515091.0,9.15,24922.68,7065.53,2.447,5.73,1552.58,116.35,2125.699951,95.7,92.16,1318.5,61.61,0.003966902296085,0.0083326531719389,0.0016566807652953,0.0045736228496595,0.003151662664206,0.0018219089530635,0.0203319022181442,0.0500060862257978,0.582853758515304,0.2534008723523122,0.0,0.40735837547237325
1837,2018-01-04,2723.99,0.0040205680372942,33.79006602445111,1.09,792958.0,729025.0,1521983.0,9.22,25075.13,7077.91,2.453,5.67,1555.72,116.65,2142.800049,95.7,91.85,1321.6,61.98,0.0060982860031728,0.0017506353704295,0.0020203976888497,0.0080122710462315,-0.0033693852864464,0.0023483969733719,0.0059875573331229,-0.0576768721071623,0.076916818664829,0.0045385866992742,0.0,0.41805803986947054
1838,2018-01-05,2743.15,0.0070091779035816,35.41925199085741,1.76,1045724.0,593766.0,1639490.0,9.22,25295.87,7136.56,2.476,5.64,1560.01,116.72,2156.600098,95.7,91.95,1322.3,61.49,0.0087646230202551,0.0082522011489185,0.0027537705199183,0.0064195450157891,0.0010881393891954,0.0005295207960633,-0.0079371923942241,0.276694490672158,-0.2052227226192613,0.0743711280000933,0.0,0.40928885815649335
1839,2018-01-08,2747.71,0.0016609423836406,36.53622545580328,1.5,794383.0,529919.0,1324302.0,9.52,25283.0,7157.39,2.48,5.64,1561.81,116.51,2158.0,95.7,92.36,1320.4,61.73,-0.0005089081775757,0.0029145218424471,0.0011531735971139,0.0006489139282095,0.0044490334359643,-0.0014379235837385,0.0038954764404266,-0.2748990347709874,-0.113761137676434,-0.2134996896819476,0.0,0.4064733780014188
1840,2018-01-09,2751.29,0.0013020551030287,37.53492335627979,1.42,759514.0,534417.0,1293931.0,10.08,25385.8,7163.58,2.546,5.66,1560.1,116.15,2161.800049,95.7,92.53,1313.7,62.92,0.0040577294529011,0.0008644666367541,-0.0010954833233585,0.0017593638303186,0.0018389317746443,-0.0050871375035761,0.0190940417842728,-0.0448869576577326,0.0084522684159455,-0.0232006565538434,0.0,0.4102495994944165
1841,2018-01-10,2748.23,-0.0011128245067881,37.56824445255286,2.07,789930.0,382186.0,1172116.0,9.82,25369.13,7153.57,2.55,5.75,1559.8,115.81,2162.300049,95.7,92.33,1319.3,63.6,-0.0006568820250336,-0.0013983232181047,-0.0001923138568056,0.0002312619925062,-0.0021638004764028,0.0042537094142689,0.0107493921559989,0.0392655788945841,-0.3352690319950646,-0.0988742092613943,0.0,0.3942065216590739
1842,2018-01-11,2767.56,0.0070089974904075,39.814137476163175,1.09,825862.0,759683.0,1585545.0,9.88,25574.73,7211.78,2.531,5.72,1586.79,115.96,2171.800049,95.7,91.85,1322.5,63.81,0.0080716740454445,0.0081042673653275,0.0171554997324907,0.004383846703825,-0.0052123041234013,0.0024225918427234,0.0032964475341792,0.0444833554050312,0.686993839905977,0.302117534441086,0.0,0.40237656781315256
1843,2018-01-12,2786.24,0.0067269510756693,42.7284091620838,1.34,1104737.0,823837.0,1928574.0,10.16,25803.19,7261.06,2.552,5.72,1591.97,116.13,2185.300049,95.7,90.97,1334.9,64.22,0.0088933730979956,0.0068100235271515,0.0032591353767799,0.0061968019539273,-0.0096270298271639,0.0093324979292326,0.0064047707811125,0.2909348872281541,0.0810714538027959,0.1958526729142047,0.0,0.39208622194949194
1844,2018-01-17,2802.56,0.0093709571605229,48.395492034820606,1.4,1338760.0,956158.0,2294918.0,11.91,26115.65,7298.28,2.578,5.71,1586.66,116.17,2199.899902,95.7,90.54,1339.2,63.92,0.0120366237933193,0.0051128802654965,-0.0033410651378114,0.0066587189217255,-0.004738039826158,0.0032160380735239,-0.0046823872033492,0.192136514815159,0.148950476554603,0.1739162433051717,0.0,0.39074418400588834
1845,2018-01-18,2798.03,-0.0016176870607855,50.54066674851297,1.32,947911.0,718644.0,1666555.0,12.22,26017.81,7296.05,2.611,5.75,1576.73,115.9,2196.699951,95.7,90.5,1327.2,63.96,-0.0037534479724605,-0.0003055981353519,-0.0062780957235535,-0.0014556483064298,-0.0004418913019321,-0.0090009608589767,0.0006255865077342,-0.3452384753972861,-0.2855570683873196,-0.3199384915052956,0.0,0.38909416378616135
1846,2018-01-19,2810.3,0.0043756410828246,52.35161530826092,1.89,820149.0,432919.0,1253068.0,11.27,26071.72,7336.38,2.637,5.77,1597.63,115.57,2207.399902,95.7,90.57,1333.1,63.38,0.002069898470884,0.0055124271395925,0.0131681989482457,0.0048590960287073,0.0007731816809766,0.0044355972433969,-0.0091095337029782,-0.1447745849227075,-0.5068154594460168,-0.2851636773274162,0.0,0.3876957532483851
1847,2018-01-22,2832.97,0.0080343920983141,54.93474898526134,1.52,882008.0,580181.0,1462189.0,11.03,26214.6,7408.03,2.665,5.76,1605.16,115.59,2221.0,95.7,90.4,1331.9,63.66,0.0054653054813105,0.0097190140533882,0.0047021589765217,0.0061422369517671,-0.0018787649887261,-0.0009005629126459,0.0044080675911715,0.0727150951918442,0.292789480293905,0.1543396837441228,0.0,0.38462671489440103
1848,2018-01-23,2839.13,0.0021720359026726,57.40413343265462,0.92,816606.0,884634.0,1701240.0,11.1,26210.81,7460.29,2.624,5.72,1610.71,115.81,2230.100098,95.7,90.12,1336.7,64.45,-0.0001445863754465,0.0070297404430288,0.0034516354890747,0.0040889265478618,-0.0031021518340876,0.0035973957704422,0.0123333075312501,-0.077044399863384,0.4218338763240652,0.1514227689973051,0.0,0.3887555142157272
1849,2018-01-24,2837.54,-0.0005601875894072,59.58584447325293,1.36,935659.0,690379.0,1626038.0,11.47,26252.12,7415.06,2.654,5.71,1599.61,115.64,2232.300049,95.7,89.21,1356.3,65.69,0.0015748265885129,-0.0060812201915734,-0.0069152260421327,0.0009859945794907,-0.0101489746383514,0.0145565139912413,0.0190569775191846,0.1360943674619363,-0.2479332779895262,-0.045211015849162,0.0,0.3857755978989183
1850,2018-01-25,2839.25,0.0006024531651585,61.51577694636325,1.72,675912.0,392903.0,1068815.0,11.58,26392.79,7411.16,2.621,5.69,1601.67,115.8,2234.399902,95.7,89.39,1362.9,65.62,0.0053441191100862,-0.0005260949979106,0.0012869853835573,0.0009402257495372,0.002015678174069,0.004854378464798,-0.0010661793714259,-0.3251882038046503,-0.5636779600911961,-0.4195958229533403,0.0,0.4232414832066878
1851,2018-01-26,2872.87,0.0117715973149943,65.07641390256568,1.44,1058747.0,735453.0,1794200.0,11.08,26616.71,7505.77,2.662,5.69,1608.06,116.02,2248.899902,95.7,89.07,1352.1,66.27,0.0084483472527718,0.0126850858251543,0.0039816485760484,0.0064684724162615,-0.0035862416559826,-0.0079558430687551,0.0098567785671797,0.4487785223778004,0.626923873826323,0.5180086820101462,0.0,0.455926791386699
1852,2018-01-29,2853.53,-0.0067547057606613,66.51056954793236,1.33,897493.0,675266.0,1572759.0,13.84,26439.48,7466.51,2.699,5.74,1598.11,115.39,2234.199951,95.7,89.31,1340.3,65.71,-0.0066808664250537,-0.0052443702605042,-0.006206802473434,-0.0065579639826189,0.002690886252016,-0.0087654698802612,-0.0084861851903585,-0.1652360915430222,-0.0853799485724469,-0.1317278382307591,0.0,0.5138636799844564
1853,2018-01-30,2822.43,-0.0109586083184058,65.38443284079234,1.44,878687.0,609918.0,1488605.0,14.79,26076.89,7402.48,2.726,5.82,1582.82,115.19,2214.100098,95.7,89.16,1340.0,64.64,-0.0138088661375999,-0.0086126086298765,-0.0096136147355183,-0.0090371555762676,-0.0016809551781262,-0.0002238555394935,-0.0164177066969362,-0.0211765730796713,-0.1017821654179762,-0.054991962113581,0.0,0.50203403617739
1854,2018-01-31,2823.81,0.0004888208887612,64.96514087706088,1.53,811480.0,530360.0,1341840.0,13.54,26149.39,7411.48,2.72,5.8,1574.98,115.36,2213.199951,95.7,89.13,1343.1,64.82,0.0027763817974761,0.0012150702590396,-0.0049654925002569,-0.0004066347446256,-0.0003365303750424,0.0023107609700723,0.0027807835005608,-0.079569006876321,-0.1397685006553146,-0.1037976333943433,0.0,0.4871621527251261
1855,2018-02-01,2821.98,-0.0006482706810171,64.70164133347201,1.81,754347.0,416477.0,1170824.0,13.47,26186.71,7385.86,2.773,5.85,1579.87,115.0,2212.5,99.7,88.67,1347.9,65.92,0.0014261668838742,-0.0034627879876474,0.003099991388531,-0.0003163120019822,-0.0051743647507098,0.0035674508291947,0.0168276878878153,-0.0730072665887373,-0.241724783253252,-0.1363340319746306,0.0409473785088838,0.6380636607332083
1856,2018-02-02,2762.13,-0.0214366450113168,62.88927070364237,2.26,1483142.0,656424.0,2139566.0,17.31,25520.96,7240.95,2.854,5.96,1547.27,114.11,2171.5,99.7,89.19,1337.3,65.5,-0.0257519548389559,-0.0198149482121738,-0.020850477459696,-0.0187049249072082,0.0058473122861997,-0.0078951698654732,-0.0063917429600097,0.6760656150639743,0.4549756836255554,0.60289523029825,0.0,0.994812649614732
1857,2018-02-05,2648.94,-0.0418425612451818,64.53164187678932,2.75,1969851.0,715659.0,2685510.0,37.32,24345.75,6967.53,2.794,6.02,1491.09,113.46,2103.600098,99.7,89.55,1336.5,64.18,-0.0471427790165339,-0.0384916271894848,-0.0369846915791898,-0.0317679636728849,0.0040282028286053,-0.0005983992997773,-0.0203585069594955,0.2837950949454679,0.0863968749122054,0.2272676493298213,0.0,1.0464144051895694
1858,2018-02-06,2695.14,0.0172905910868639,64.11217709916458,2.7,2011137.0,743578.0,2754715.0,29.98,24912.77,7115.88,2.768,6.12,1507.17,113.67,2098.899902,99.7,89.58,1329.5,63.48,0.0230232271055559,0.0210681201852356,0.0107263240493491,-0.0022368580415461,0.0003349522724329,-0.0052513248958989,-0.0109667400235027,0.0207423284091863,0.038269873079777,0.0254433349200695,0.0,1.0501892570406317
1859,2018-02-07,2681.66,-0.0050141453066672,64.18580259802995,1.96,1230465.0,628735.0,1859200.0,27.73,24893.35,7051.98,2.844,6.03,1507.97,113.47,2101.100098,99.7,90.25,1314.6,61.91,-0.0007798238844607,-0.0090204777982627,0.0005306553054076,0.001047712476792,0.0074515164338366,-0.0112704948535986,-0.0250431781270679,-0.4913080870585045,-0.1677638053402805,-0.3931677013024188,0.0,1.2543281737132432
1860,2018-02-08,2581.0,-0.0382590850205106,70.87177398024795,2.36,1344164.0,568891.0,1913055.0,33.46,23860.46,6777.16,2.851,6.18,1463.79,112.19,2045.0,99.7,90.23,1319.0,61.3,-0.0423780039163084,-0.0397502933148103,-0.029735412861382,-0.0270632742603353,-0.000221631206581,0.0033414368878386,-0.0099018745889747,0.0883801117438043,-0.1000210126425749,0.0285551530227934,0.0,1.2885549201763753
1861,2018-02-09,2619.55,0.0148256265596335,74.12793732493783,2.49,2288531.0,919911.0,3208442.0,29.06,24190.9,6874.49,2.829,6.36,1477.84,111.86,2050.899902,99.7,90.44,1315.7,59.2,0.0137538337744516,0.0142593238409265,0.0095525996409531,0.002880883918884,0.0023246814033592,-0.0025050303455218,-0.0348583010522052,0.5321378685444547,0.4805880746051709,0.5170840203637805,0.0,1.3157282713353378
1862,2018-02-12,2656.0,0.0138186843180765,75.38326451429083,1.83,1179247.0,645594.0,1824841.0,25.61,24601.27,6981.96,2.857,6.29,1490.98,112.04,2075.899902,99.7,90.21,1326.4,59.41,0.0168215382353693,0.015512220666114,0.0088520596081593,0.0121160739645223,-0.0025463617412215,0.0080996620092381,0.0035410204776891,-0.6630340278214639,-0.3541061030008645,-0.564292601110699,0.0,1.3162299303102973
1863,2018-02-13,2662.94,0.0026095439836835,75.81678463048343,1.91,1031071.0,540073.0,1571144.0,24.97,24640.45,7013.51,2.84,6.35,1494.95,111.63,2080.699951,99.7,89.7,1330.4,59.33,0.0015913338635655,0.0045086093492425,0.002659139590901,0.0023096046304607,-0.0056695166037972,0.0030111434976873,-0.0013474820970973,-0.1342780313460103,-0.1784665076254441,-0.1496888435163015,0.0,1.3356664970402488
1864,2018-02-14,2698.63,0.0133134612303038,75.73978922406046,1.63,1201544.0,738441.0,1939985.0,19.26,24893.49,7143.62,2.913,6.33,1522.1,111.38,2105.899902,99.7,89.12,1358.0,60.7,0.0102169220190564,0.018381361671917,0.0179981988361781,0.0120385306590398,-0.006486992885776,0.0205333802399234,0.0228286177949001,0.1530093285712492,0.3128368915008046,0.2108762246515532,0.0,1.345088147686424
1865,2018-02-15,2731.2,0.0119968362298648,75.44652803558714,1.3,985434.0,758652.0,1744086.0,19.13,25200.37,7256.43,2.891,6.21,1537.2,112.11,2130.899902,99.7,88.59,1355.3,61.48,0.0122523534446514,0.0156683216878263,0.009871619405068,0.0118014970321072,-0.0059647917550327,-0.0019901970966715,0.0127682206049426,-0.1982805221271064,0.0270019671219401,-0.1064496048889811,0.0,1.3405036112226674
1866,2018-02-16,2732.22,0.0003733924947555,75.3339566311573,1.41,1144853.0,812957.0,1957810.0,19.46,25219.38,7239.47,2.877,6.13,1543.55,112.85,2137.899902,99.7,89.1,1356.2,61.89,0.0007540696215588,-0.0023399730597848,0.0041223786367989,0.0032796132850707,0.0057403500528225,0.000663839227772,0.0066466970808747,0.1499493701974543,0.069135043390597,0.1155958654085793,0.0,1.355042672621416
1867,2018-02-21,2701.33,-0.005511689809003,76.35011170104862,1.84,839477.0,456663.0,1296140.0,20.02,24797.78,7218.23,2.943,6.14,1531.84,111.72,2118.399902,99.7,90.0,1332.1,61.73,-0.0168586135357351,-0.0029382288027477,-0.0076153311233433,-0.009162952485628,0.0100503358535011,-0.0179300268923254,-0.0025885793454651,-0.3102524445848882,-0.5767325166954063,-0.4124358848189846,0.0,1.3484057323169274
1868,2018-02-22,2703.96,0.0009731208529206,76.93127193161115,1.8,716435.0,398735.0,1115170.0,18.72,24962.48,7210.09,2.917,6.19,1529.99,111.84,2117.199951,99.7,89.74,1332.7,62.72,0.0066197645047125,-0.0011283366134939,-0.001208427786735,-0.0005666026413013,-0.002893069782428,0.0004503152282646,0.0159103396363473,-0.1584915545007863,-0.1356486650881088,-0.1503837571292159,0.0,1.3810609688592062
1869,2018-02-23,2747.3,0.0159012460255851,76.93391743824574,1.55,992868.0,640271.0,1633139.0,16.49,25309.99,7337.39,2.871,6.2,1549.19,112.68,2140.899902,99.7,89.88,1330.3,63.52,0.0138252819163948,0.0175017596778097,0.0124710142578665,0.0111318177374775,0.0015588467692913,-0.0018024788958213,0.0126744408967285,0.3263102003143103,0.4735944883927203,0.3814970701200231,0.0,1.3973239580463863
1870,2018-02-26,2779.6,0.0116884212605565,77.03790929462428,1.37,976437.0,711861.0,1688298.0,15.8,25709.27,7421.46,2.859,6.11,1559.33,112.99,2159.699951,99.7,89.85,1332.8,63.81,0.0156524477973274,0.0113926097624208,0.0065240281327847,0.0087430448774954,-0.0003338340875602,0.0018775117227178,0.0045551009413751,-0.0166874925890869,0.1059911434046902,0.0332169910987207,0.0,1.417643822813812
1871,2018-02-27,2744.28,-0.0127882869838789,76.82233276811542,1.54,972734.0,630690.0,1603424.0,18.59,25410.03,7330.35,2.908,6.13,1536.47,112.78,2140.600098,99.7,90.36,1318.6,62.94,-0.0117076492846113,-0.0123525395867272,-0.014768664322375,-0.0088830911231996,0.0056600783702345,-0.0107114247333788,-0.0137280262439949,-0.0037995685908835,-0.1210682094889037,-0.0515795781694397,0.0,1.4254691216033912
1872,2018-02-28,2713.83,-0.0111578241957701,77.01679475062069,1.86,877830.0,472718.0,1350548.0,19.85,25029.2,7273.01,2.868,6.13,1512.45,112.54,2118.0,99.7,90.61,1317.9,61.43,-0.0151008346820464,-0.0078530276155248,-0.0157567249783516,-0.0106139621704786,0.002762890634167,-0.0005310070293553,-0.0242835764604247,-0.1026577104954604,-0.2883154419509957,-0.1716309066966594,0.0,1.4370712329004274
1873,2018-03-01,2677.67,-0.0134139078906629,77.50818252379597,2.14,1261248.0,589068.0,1850316.0,22.47,24608.98,7180.56,2.804,6.19,1507.39,111.79,2090.0,101.4,90.32,1305.2,60.98,-0.0169317263092789,-0.012792861672203,-0.003351174059202,-0.0133081812024951,-0.0032056623925633,-0.0096832749306781,-0.0073523736157268,0.3624040329180147,0.2200426107087203,0.3148459993039143,0.0169074141892906,1.4358072945581724
1874,2018-03-02,2691.25,0.0050587563087134,77.52859138885367,2.08,1128133.0,542600.0,1670733.0,19.59,24538.06,7257.87,2.857,6.29,1533.17,112.17,2089.800049,101.4,89.94,1323.4,61.19,-0.0028860354245363,0.0107090229124526,0.0169578089479705,-9.567491162698616e-05,-0.0042161384988448,0.0138478968587936,0.0034378359143403,-0.1115376530292717,-0.0821692266780385,-0.1020939830283378,0.0,1.453157540055424
1875,2018-03-05,2720.94,0.0109716391449046,76.57603855580939,1.69,970195.0,574357.0,1544552.0,18.73,24874.76,7330.7,2.881,6.25,1546.05,112.0,2106.600098,101.4,90.08,1319.9,62.49,0.0136282532038478,0.0099846119323885,0.0083658037548088,0.0080069288756696,0.001555383048819,-0.0026482064430499,0.0210227664665412,-0.1508222506875913,0.0568787539827457,-0.0785285516227762,0.0,1.4513459480345499
1876,2018-03-06,2728.12,0.0026353184422136,74.56756947298045,1.53,575035.0,375984.0,951019.0,18.36,24884.12,7372.01,2.877,6.19,1562.2,112.17,2117.800049,101.4,89.62,1335.2,62.54,0.0003762142600631,0.0056193869981147,0.0103917930252857,0.0053025172106719,-0.0051196550333836,0.0115251172127157,0.0007998080887041,-0.5230661737111628,-0.4237045649145834,-0.4849551383302426,0.0,1.441521190690646
1877,2018-03-07,2726.8,-0.000483966777061,72.02992426031635,2.08,767863.0,369752.0,1137615.0,17.76,24801.36,7396.65,2.883,6.22,1574.53,112.05,2116.0,101.4,89.64,1327.6,61.09,-0.0033313586399437,0.0033367987159671,0.0078617308511947,-0.0008503231553813,0.0002231395747296,-0.0057082925018052,-0.0234581653680194,0.2891804233083448,-0.0167140786565376,0.1791552033007359,0.0,1.4439561962104064
1878,2018-03-08,2738.97,0.0044531768119453,69.29655036847039,1.22,485154.0,399281.0,884435.0,16.54,24895.21,7427.95,2.866,6.21,1571.96,112.06,2125.300049,101.4,90.18,1321.7,60.13,0.0037769251103423,0.004222717174164,-0.0016335666545979,0.0043854779420238,0.0060060240602117,-0.004454014082059,-0.0158393016101978,-0.4591449655083952,0.0768329190298775,-0.2517402215628195,0.0,1.4828650334673756
1879,2018-03-09,2786.57,0.017229511513169,67.0583712010842,1.12,1161684.0,1036415.0,2198099.0,14.64,25335.74,7560.81,2.894,6.2,1597.14,112.28,2149.300049,101.4,90.09,1324.0,62.02,0.0175406316186386,0.0177284151284169,0.0158912813706173,0.0112292385911363,-0.0009985023295895,0.001738670733193,0.0309480286208252,0.8731595891955433,0.9538574920932668,0.9103991518423342,0.0,1.4827811863681801
1880,2018-03-12,2783.02,-0.0012747798242767,62.19661897511437,1.31,854255.0,653248.0,1507503.0,15.78,25178.61,7588.32,2.87,6.2,1601.06,112.26,2154.300049,101.4,89.89,1320.8,61.35,-0.0062212225552222,0.0036318957246521,0.0024513801282131,0.0023236370182377,-0.0022224700780411,-0.0024198438910358,-0.0108617425153818,-0.3073962114398085,-0.4615660789785671,-0.3771382562464573,0.0,1.4674556531664547
1881,2018-03-13,2765.31,-0.0063839245851626,57.84518778486799,1.35,771894.0,570578.0,1342472.0,16.35,25007.03,7511.01,2.848,6.22,1592.05,112.08,2144.600098,101.4,89.66,1327.1,60.69,-0.0068378392118937,-0.0102402789502207,-0.0056434159253111,-0.0045127670473767,-0.0025619618580137,0.0047584968372857,-0.0108162313091568,-0.101382509167772,-0.1353069606509951,-0.1159419490943953,0.0,1.4662527626519692
1882,2018-03-14,2749.48,-0.0057409415327196,54.94238174088324,1.48,856201.0,580017.0,1436218.0,17.23,24758.12,7496.81,2.817,6.23,1584.31,112.33,2134.5,101.4,89.7,1325.6,60.89,-0.0100034693228501,-0.0018923473545768,-0.0048735126493655,-0.0047206732841944,0.0004460303374562,-0.0011309233308507,0.003290017772719,0.1036579267635744,0.016407531325715,0.0675005791163503,0.0,1.454603759973026
1883,2018-03-15,2747.33,-0.0007822719394123,51.61702014677183,1.34,766891.0,571923.0,1338814.0,16.59,24873.66,7481.74,2.826,6.24,1576.62,112.24,2133.399902,101.4,90.14,1317.8,61.16,0.0046558962308758,-0.0020122114737226,-0.0048656662257853,-0.0005155219426997,0.0048932481977521,-0.0059015076326334,0.004424423440378,-0.1101604825183688,-0.0140530465220347,-0.0702291222627859,0.0,1.4551423678756639
1884,2018-03-16,2752.01,0.0017020228353894,48.18169603309326,1.61,901433.0,558501.0,1459934.0,15.8,24946.51,7481.99,2.848,6.24,1586.05,112.23,2134.100098,101.4,90.23,1312.3,62.29,0.0029245204070065,3.3414128699504886e-05,0.0059633334778999,0.0003281527856042,0.0009979487439073,-0.0041823565774787,0.0183075182051926,0.1616410401614363,-0.02374795791577,0.0866070817928506,0.0,1.4757029401435942
1885,2018-03-19,2712.92,-0.0143060081954464,47.34453566746592,1.87,1123001.0,599689.0,1722690.0,19.02,24610.91,7344.24,2.845,6.29,1570.56,111.76,2110.399902,101.4,89.77,1317.8,62.01,-0.013544092095902,-0.0185824668612486,-0.0098144049066251,-0.0111676015145665,-0.0051111222378121,0.0041823565774787,-0.0045052369042668,0.2197741259053511,0.0711547784837041,0.1654957933931058,0.0,1.4269948346453
1886,2018-03-20,2716.94,0.0014807014304167,45.76633958683071,1.25,653360.0,522093.0,1175453.0,18.2,24727.27,7364.3,2.879,6.3,1570.4,111.53,2110.899902,101.4,90.37,1311.9,63.37,0.0047168426454824,0.0027276687472017,-0.0001018796801854,0.0002368938599737,0.0066615101452667,-0.0044872113927345,0.0216949009736389,-0.5416315661599764,-0.1385654545682442,-0.3822334173994175,0.0,1.2053892155984829
1887,2018-03-21,2711.93,-0.0018456884848019,45.61234572218958,2.53,896072.0,354300.0,1250372.0,17.86,24682.31,7345.29,2.907,6.29,1579.3,111.87,2109.199951,101.4,89.78,1321.5,65.1,-0.0018198904912356,-0.0025847097823081,0.0056513469137566,-0.0008056449615709,-0.0065501205600781,0.0072909869573587,0.026933985879098,0.3158924878393065,-0.3877017210619815,0.0617875018274318,0.0,1.2532542812970104
1888,2018-03-22,2643.69,-0.0254848900161404,47.0996957366761,1.86,1202293.0,645380.0,1847673.0,23.34,23957.89,7166.68,2.832,6.33,1543.87,111.54,2072.899902,101.4,89.86,1327.4,64.25,-0.0297890867818964,-0.0246167845587823,-0.0226894597272355,-0.0173601596960546,0.0008906702882276,0.004454686667481,-0.0131428254391945,0.2939650789004222,0.5996952787320389,0.3904859024702762,0.0,1.3055462861003242
1889,2018-03-23,2588.26,-0.021189833248421,46.4025345978875,2.48,1539241.0,620767.0,2160008.0,24.87,23533.2,6992.67,2.83,6.36,1510.08,111.09,2036.599976,101.4,89.44,1349.9,65.8,-0.0178855158377153,-0.024580049367838,-0.02212962161075,-0.0176668067754848,-0.0046848942352246,0.0168083739029567,0.023838114555942,0.2470588709810659,-0.0388834803638449,0.1561849158825285,0.0,1.2139971058470462
1890,2018-03-26,2658.55,0.0267950261126328,44.12843922169248,1.98,1163020.0,586634.0,1749654.0,21.03,24202.6,7220.54,2.843,6.37,1543.72,111.76,2069.100098,101.4,89.03,1355.0,65.49,0.0280478753154636,0.0320672847906475,0.0220324584510569,0.0158320385157244,-0.0045946178212092,0.0037709386990201,-0.0047223791013095,-0.2802693674954586,-0.0565546942440047,-0.2106938712912569,0.0,1.2293789973046207
1891,2018-03-27,2612.62,-0.0174273121332708,46.80041730440841,1.6,943784.0,590962.0,1534746.0,22.5,23857.71,7008.81,2.786,6.34,1513.57,111.93,2055.600098,101.4,89.37,1342.0,65.21,-0.014352629874148,-0.0297618132049368,-0.0197239891838734,-0.0065459536762242,0.0038116638077214,-0.0096404157821741,-0.0042846278248509,-0.2088780228709943,0.0073506015429529,-0.1310531590672585,0.0,1.2017108406636674
1892,2018-03-28,2605.0,-0.0029208740450643,50.09387783370866,1.83,1195756.0,654428.0,1850184.0,22.87,23848.42,6949.23,2.775,6.36,1513.03,112.22,2047.800049,101.4,90.06,1324.2,64.3,-0.0003894677735303,-0.008537067074787,-0.0003568360574446,-0.0038017537238843,0.0076910594801242,-0.013352535040882,-0.0140532001615367,0.2366365739147298,0.1020098541206824,0.1869201985695259,0.0,1.2288769248757434
1893,2018-03-29,2640.87,0.0136757331192631,51.74276323528885,1.38,1086833.0,788682.0,1875515.0,19.97,24103.11,7063.44,2.741,6.35,1529.43,112.82,2065.5,101.4,90.15,1327.3,64.87,0.0106229100536481,0.0163013228890491,0.0107808542054854,0.008606257767985,0.0009988347759009,0.0023383001414112,0.00882563598139,-0.0955106588554173,0.1866016261183425,0.0135981947711272,0.0,1.2651217139611763
1894,2018-04-02,2581.88,-0.0225905925804763,56.67365504120051,1.75,1116063.0,639014.0,1755077.0,23.62,23644.19,6870.12,2.732,6.33,1492.53,112.23,2038.5,98.8,90.05,1346.9,63.05,-0.0192234590189173,-0.0277506116304113,-0.0244224503859902,-0.0131580845775109,-0.0011098780273615,0.0146588519726122,-0.0284572048140354,0.0265393514971528,-0.2104368344068845,-0.0663705577758175,-0.0259754864032606,1.267162229935626
1895,2018-04-03,2614.45,0.0125359346035534,58.83003645203232,1.44,812646.0,563304.0,1375950.0,21.1,24033.36,6941.28,2.784,6.32,1512.15,112.31,2048.800049,98.8,90.2,1337.3,63.41,0.0163254463970474,0.0103046222218381,0.0130598126008036,0.0050400365424456,0.0016643554466133,-0.007152999726018,0.0056935153010115,-0.3172670025919704,-0.1261069164833586,-0.2433683289576027,0.0,1.288789230084566
1896,2018-04-04,2644.69,0.0115001058254389,59.678451068505446,1.75,788596.0,450427.0,1239023.0,20.06,24264.3,7042.11,2.788,6.32,1531.66,112.44,2061.300049,98.8,90.14,1340.2,63.35,0.00956326911367,0.0144216456207466,0.0128196353870171,0.0060825956747923,-0.0006654098060758,0.0021662006603193,-0.000946670944792,-0.0300414412181826,-0.2236234251445701,-0.104821235809382,0.0,1.2813793466822718
1897,2018-04-05,2662.84,0.0068393662400598,60.05369975858807,1.58,737680.0,466504.0,1204184.0,18.94,24505.22,7076.55,2.832,6.24,1542.93,112.4,2080.699951,98.8,90.46,1328.5,63.53,0.009880021774963,0.0048786596333876,0.0073310916092079,0.0093674765142228,0.0035437467871943,-0.0087683703392018,0.0028373285112932,-0.0667440229197886,0.0350705729987481,-0.0285210067017445,0.0,1.339766197975078
1898,2018-04-06,2604.47,-0.0221640228020278,62.43419874900557,1.5,1062749.0,706817.0,1769566.0,21.49,23932.76,6915.11,2.775,6.24,1513.3,112.57,2052.800049,98.8,90.11,1336.1,62.03,-0.0236379244134745,-0.0230776283688101,-0.0193905094713056,-0.0134996132595608,-0.0038766178027502,0.0057044363949803,-0.0238940962934153,0.3651041000525019,0.4155051974804156,0.3849321596492334,0.0,1.3031507126664017
1899,2018-04-09,2613.16,0.0033310173527514,63.35988500733762,1.5,804803.0,535384.0,1340187.0,21.77,23979.1,6950.34,2.786,6.22,1514.46,112.46,2061.199951,98.8,89.84,1340.1,63.4,0.0019343859516105,0.0050817068056456,0.0007662430686421,0.0040835749503012,-0.0030008358167581,0.0029893154313338,0.0218457224581536,-0.2780166993106654,-0.2777875457809635,-0.2779251623146255,0.0,1.323693551967772
1900,2018-04-10,2656.87,0.0165885212551151,61.344111424153645,1.52,649448.0,427279.0,1076727.0,20.47,24408.0,7094.3,2.797,6.15,1543.43,112.28,2090.100098,98.8,89.59,1345.9,65.48,0.0177283297953803,0.02050106547237,0.0189482726782594,0.0139236449103812,-0.0027866038207013,0.0043186962134873,0.032280891059754,-0.2144747556530024,-0.2255470507978998,-0.2188832723169813,0.0,1.30898861490477
1901,2018-04-11,2642.19,-0.0055406194889036,60.85750171539843,1.85,935232.0,505331.0,1440563.0,20.24,24189.45,7069.03,2.79,6.13,1546.81,112.32,2082.600098,98.8,89.57,1360.0,66.81,-0.0089943597189598,-0.0035683736542448,0.0021875332322798,-0.0035947984395319,-0.0002232641223827,0.0104217654904275,0.0201080174344516,0.3646718555324675,0.1677764644662183,0.2911081252522702,0.0,1.3061056416233734
1902,2018-04-12,2663.99,0.0082168801872386,60.6693295507969,1.54,780870.0,506619.0,1287489.0,18.49,24483.05,7140.25,2.834,6.1,1557.33,112.32,2090.899902,98.8,89.75,1341.9,67.07,0.0120644536911065,0.0100245186825702,0.0067780707545423,0.0039773882552491,0.0020075848812846,-0.0133981796231852,0.0038840801742603,-0.1803859441324284,0.0025455816898443,-0.11234019957047,0.0,1.284587265752631
1903,2018-04-13,2656.3,-0.0028908218745016,60.84016904675284,1.49,892193.0,600303.0,1492496.0,17.41,24360.14,7106.65,2.829,6.05,1549.51,112.41,2089.0,98.8,89.8,1347.9,67.35,-0.0050328514348976,-0.0047168243330943,-0.0050340645249855,-0.000909065851042,0.0005569479397653,0.0044613056373119,0.0041660527447273,0.1332737941691384,0.1696752859474166,0.1477560763840895,0.0,1.2900603382804134
1904,2018-04-16,2677.84,0.0080763223621076,60.80934513863139,1.55,878464.0,565562.0,1444026.0,16.56,24573.04,7156.28,2.832,6.0,1563.03,112.27,2099.800049,98.8,89.42,1350.7,66.23,0.0087017170515046,0.0069593274744388,0.0086874931935234,0.0051566428598306,-0.0042406045023195,0.0020751508224945,-0.0167693703594853,-0.0155075490427822,-0.0596146007111872,-0.0330148403653236,0.0,1.2889766617677854
1905,2018-04-17,2706.39,0.0106051441272709,60.53114862998275,1.42,1073194.0,753846.0,1827040.0,15.25,24786.63,7281.1,2.814,5.95,1579.8,112.03,2116.399902,98.8,89.52,1349.5,66.5,0.0086544878909755,0.0172916568099399,0.0106720116350764,0.0078743603085333,0.0011176931978349,-0.0008888231086592,0.0040684151649204,0.20021959993311,0.2873681760801005,0.2352621251224977,0.0,1.2880753389827793
1906,2018-04-18,2708.64,0.0008310203745827,60.09766522120295,2.06,1037892.0,503376.0,1541268.0,15.6,24748.07,7295.24,2.867,5.96,1583.56,112.03,2123.800049,98.8,89.62,1353.5,68.44,-0.0015568887179622,0.0019401309842361,0.0023772202788823,0.003490474316667,0.0011164453543273,0.002959676596296,0.028755501362184,-0.0334475157093514,-0.4038506973553133,-0.1700917167108642,0.0,1.292081629949962
1907,2018-04-19,2693.13,-0.0057425779413078,59.48807857857604,1.43,799485.0,560828.0,1360313.0,15.96,24664.89,7238.06,2.914,6.08,1573.82,111.64,2115.899902,98.8,89.94,1348.8,68.3,-0.003366731261174,-0.007868865989689,-0.0061696918940086,-0.0037267524753428,0.0035642719845645,-0.0034785218067643,-0.0020476824472481,-0.2609792416979459,0.1080768573871502,-0.1248906339333242,0.0,1.2972297163861517
1908,2018-04-20,2670.14,-0.0085731804710462,58.37277811454543,1.66,722796.0,436509.0,1159305.0,16.88,24462.94,7146.13,2.951,6.11,1564.12,111.15,2099.699951,98.8,90.32,1338.3,68.26,-0.008221455640168,-0.012782263258682,-0.00618241961054,-0.0076857535393175,0.0042161384988448,-0.0078151564452619,-0.0005858230981834,-0.1008407457034774,-0.2506052695235112,-0.1598941326946263,0.0,1.2514207099814703
1909,2018-04-23,2670.29,5.617525182088912e-05,54.48953914142139,1.89,511360.0,270126.0,781486.0,16.34,24448.69,7128.6,2.973,6.16,1562.12,110.88,2097.199951,98.8,90.95,1324.0,67.61,-0.0005826835214115,-0.0024560897211092,-0.0012794924720109,-0.0011913556930451,0.0069509851227254,-0.0107426943053754,-0.0095680423759745,-0.3460531815305945,-0.4799204768137812,-0.3943787311808879,0.0,1.270561335518907
1910,2018-04-24,2634.56,-0.0134708956183455,50.65036111324421,1.78,955440.0,535690.0,1491130.0,18.02,24024.13,7007.35,2.983,6.21,1553.28,110.71,2081.5,98.8,90.77,1333.0,67.66,-0.0175178938315827,-0.0171552635192746,-0.0056750489344592,-0.0075143106988608,-0.0019810704255958,0.0067745836817554,0.0007392622499757,0.6250981242223173,0.6846671187382061,0.6460922653357937,0.0,1.2691084570731865
1911,2018-04-25,2639.4,0.0018354334726682,47.321136392977664,1.68,875231.0,521398.0,1396629.0,17.84,24083.83,7003.74,3.024,6.3,1550.47,110.31,2076.699951,98.8,91.17,1322.8,68.0,0.002481919027355,-0.0005153061010787,-0.001810713342091,-0.0023087158812238,0.0043970610582757,-0.0076813390710714,0.0050125418235449,-0.087684115844425,-0.0270419698827986,-0.06547274585877,0.0,1.2846419986697186
1912,2018-04-26,2666.94,0.010380129158368,44.41131699104585,1.56,619585.0,397478.0,1017063.0,16.24,24322.34,7118.68,2.99,6.23,1557.89,110.4,2092.399902,98.8,91.56,1317.9,68.18,0.0098546086255062,0.0162780228881977,0.0047742308444576,0.0075316139064796,0.0042685994875544,-0.0037111414577939,0.0026435615336497,-0.3454379524332847,-0.2713740790146293,-0.3171424138780736,0.0,1.2851862034604333
1913,2018-04-27,2669.91,0.0011130162199064,41.29859534062969,1.91,620534.0,324113.0,944647.0,15.41,24311.19,7119.8,2.957,6.22,1556.24,110.49,2096.100098,98.8,91.54,1323.4,68.11,-0.0004585313957417,0.0001573201637121,-0.0010596861109872,0.0017668363197218,-0.0002184598588694,0.0041646219281155,-0.0010272214565301,0.001530498581582,-0.2040473662308937,-0.0738630282976888,0.0,1.2910242913524583
1914,2018-04-30,2648.05,-0.008221243907144,37.24565608992408,1.67,691854.0,415395.0,1107249.0,15.93,24163.15,7066.27,2.936,6.25,1541.88,110.14,2086.5,98.8,91.84,1319.2,68.56,-0.0061079928164406,-0.0075468757827952,-0.0092702044061718,-0.0045905009484004,0.0032718973457601,-0.0031786903325699,0.0065852290362977,0.1087945530346932,0.2481376543584321,0.1588225269295975,0.0,1.268887154109913
1915,2018-05-01,2654.8,0.0025458022179103,35.54231625394386,1.7,699109.0,410445.0,1109554.0,15.49,24099.05,7130.7,2.976,6.29,1550.34,109.53,2083.800049,98.0,92.45,1306.8,67.28,-0.0026563247299584,0.0090766469663581,0.0054718106138578,-0.0012948475387917,0.0066200252618768,-0.0094440915184739,-0.0188462586248316,0.0104317164310874,-0.0119879378099927,0.002079572096111,-0.00813012608325,1.2737733797468658
1916,2018-05-02,2635.67,-0.0072319031675895,33.45464257569961,1.43,650767.0,453831.0,1104598.0,15.97,23924.98,7100.9,2.964,6.26,1554.91,108.66,2076.699951,98.0,92.51,1305.6,67.91,-0.0072493192395146,-0.0041878697480708,0.0029434044275973,-0.0034131017390093,0.0006487889500936,-0.0009186955170727,0.0093202834610073,-0.0716549998929494,0.1004829450759707,-0.0044766649053311,0.0,1.273896358792618
1917,2018-05-03,2629.73,-0.002256239799391,31.450184904981175,1.4,967414.0,693412.0,1660826.0,15.9,23930.15,7088.15,2.946,6.29,1546.56,108.54,2071.399902,98.0,92.41,1312.7,68.45,0.000216068790122,-0.0017971609701348,-0.0053845564681251,-0.0025554119100261,-0.0010815488832784,0.0054233795995193,0.0079202526087582,0.3964748648273204,0.4238994570851293,0.4078336010997301,0.0,1.2121444823731249
1918,2018-05-04,2663.42,0.0127298319338295,31.595123705040415,1.63,837895.0,514052.0,1351947.0,14.77,24262.51,7209.62,2.944,6.27,1565.6,108.63,2089.399902,98.0,92.57,1314.7,69.71,0.0137931904705972,0.0169918697238724,0.0122360274251471,0.0086522366562089,0.0017299171791709,0.0015224178931969,0.0182402277638491,-0.1437337377619609,-0.2992999114761687,-0.2057692933039128,0.0,1.1443764313683726
1919,2018-05-07,2672.63,0.0034519950696623,29.879142526914386,1.58,603369.0,381758.0,985127.0,14.75,24357.32,7265.21,2.95,6.25,1578.95,108.18,2096.899902,98.0,92.75,1314.1,70.74,0.0039000597153595,0.0076809569858582,0.0084909320612629,0.0035831203570522,0.0019425864084245,-0.0004564820529662,0.0146674042790273,-0.3283638444356569,-0.2975375276509897,-0.316530487780124,0.0,1.0334854689572677
1920,2018-05-08,2671.92,-0.0002656912197194,30.11018495125577,1.51,526314.0,349675.0,875989.0,14.71,24360.21,7266.9,2.969,6.27,1586.39,107.54,2095.100098,98.0,93.12,1313.7,68.83,0.0001186431251092,0.0002325883863552,0.0047009254621555,-0.000858685167266,0.0039812824955838,-0.0003044371741305,-0.0273714873670618,-0.136630957062616,-0.0877827483369149,-0.1174170330910406,0.0,0.9925073388378218
1921,2018-05-09,2697.79,0.0096356042161502,30.436068862433352,1.26,809256.0,640226.0,1449482.0,13.42,24542.54,7339.91,3.004,6.27,1596.05,107.35,2109.800049,98.0,93.04,1313.0,71.16,0.0074568749148298,0.00999679026771,0.0060708322345499,0.0069918477828831,-0.0008594757727191,-0.0005329881726661,0.0332911663873618,0.4302173142473808,0.604817087354391,0.5036079964294817,0.0,1.0006048764607722
1922,2018-05-10,2723.07,0.0093270009795034,31.591541463682898,1.15,798856.0,696364.0,1495220.0,13.23,24739.53,7404.97,2.971,6.24,1603.71,108.71,2123.5,98.0,92.65,1322.3,71.36,0.0079944308000836,0.008824815424008,0.0047878682357076,0.0064724912806672,-0.0042005554790396,0.0070580492599807,0.0028066254741192,-0.0129346028091976,0.0840512731095834,0.0310671019794579,0.0,0.9735846510600423
1923,2018-05-11,2727.72,0.0017061751151761,33.93580975062859,1.47,1009552.0,688592.0,1698144.0,12.65,24831.17,7402.88,2.971,6.23,1606.79,109.17,2132.0,98.0,92.54,1320.7,70.69,0.003697349619685,-0.0002822827100317,0.001918704840305,0.003994835532409,-0.0011879692525154,-0.0012107455130179,-0.0094333680888913,0.2340812428329552,-0.011223579067602,0.127262536740341,0.0,0.8671019619751935
1924,2018-05-14,2730.13,0.0008831316934818,32.93250816974499,1.38,761317.0,551736.0,1313053.0,12.93,24899.41,7411.32,2.995,6.21,1600.34,108.98,2136.100098,98.0,92.59,1318.2,71.01,0.0027443895820269,0.0011394474103436,-0.0040222932629019,0.0019212760558948,0.0005401609811022,-0.0018947294311395,0.0045165920111394,-0.2822121187876334,-0.2215792620574177,-0.2571809298660596,0.0,0.8568944658709036
1925,2018-05-15,2711.45,-0.0068656799596489,32.55409930725454,1.73,770581.0,444602.0,1215183.0,14.63,24706.41,7351.63,3.08,6.27,1600.34,108.23,2120.0,98.0,93.22,1290.3,71.34,-0.0077813842748248,-0.0080865037500057,0.0,-0.0075656936755716,0.0067811464846387,-0.0213924201608186,0.0046364677367431,0.012094947488503,-0.2158901710587937,-0.0774602773461925,0.0,0.8364494322093247
1926,2018-05-16,2722.46,0.0040523361876276,33.688272013369584,2.05,708504.0,345178.0,1053682.0,13.42,24768.93,7398.3,3.095,6.29,1616.37,108.46,2123.0,98.0,93.39,1291.5,71.43,0.002527321016009,0.0063281867432944,0.0099667876167037,0.001414094037198,0.0018219821770317,0.0009295840780945,0.0012607692361363,-0.0839890709307553,-0.253119273937509,-0.1426039859184822,0.0,0.8296385517962814
1927,2018-05-17,2720.13,-0.0008562100552644,34.822464127534346,1.35,680775.0,504848.0,1185623.0,13.43,24713.98,7382.47,3.109,6.28,1625.29,108.03,2125.600098,98.0,93.47,1289.4,71.47,-0.002220969728242,-0.0021419731248641,0.0055033671102835,0.0012239788469754,0.0008562560728657,-0.0016273396593753,0.0005598320650062,-0.0399238497644134,0.3801971678617182,0.1179776780153716,0.0,0.7147306606670383
1928,2018-05-18,2712.97,-0.002635697537312,33.07442333855155,1.98,620697.0,313403.0,934100.0,13.42,24715.09,7354.34,3.067,6.29,1626.63,107.91,2120.800049,98.0,93.64,1291.3,71.23,4.4912841781652446e-05,-0.0038176558108631,0.0008241285614918,-0.0022607624709269,0.0018171134282178,0.0014724689760861,-0.0033637032416251,-0.0923888149256537,-0.4767674915622351,-0.2384401549350414,0.0,0.7223268418397139
1929,2018-05-21,2733.01,0.0073595901759011,32.40512813086313,1.4,604472.0,430695.0,1035167.0,13.08,25013.29,7394.04,3.065,6.29,1637.44,107.93,2130.699951,98.0,93.68,1290.9,72.26,0.0119932953534345,0.0053836551387789,0.0066236566753019,0.0046571421348788,0.0004270766667513,-0.0003098133399426,0.0143566477292313,-0.0264876904451973,0.3179102806765854,0.1027345464617326,0.0,0.6670602234530517
1930,2018-05-22,2724.44,-0.0031406635129496,33.056075778051564,1.33,593626.0,446708.0,1040334.0,13.22,24834.41,7378.46,3.065,6.28,1625.24,108.35,2128.800049,98.0,93.61,1292.0,72.09,-0.0071770921367058,-0.0021093255409176,-0.0074785494506315,-0.0008920775330416,-0.0007475039058082,0.0008517558298839,-0.0023553873030071,-0.0181058582769111,0.0365049543248794,0.0049790490821788,0.0,0.6572658498309872
1931,2018-05-23,2733.29,0.0032431094088005,33.39499575155738,1.45,712760.0,491969.0,1204729.0,12.58,24886.81,7425.96,3.003,6.3,1627.61,109.02,2128.800049,98.0,94.0,1289.6,71.85,0.0021077527622779,0.0064170245098349,0.0014571839582941,0.0,0.0041575668863504,-0.0018593125901835,-0.0033347258914533,0.1828952664261756,0.0965105690681635,0.1467128299435245,0.0,0.6456633177534633
1932,2018-05-24,2727.76,-0.002025252246427,33.99141412187968,1.63,660801.0,406070.0,1066871.0,12.53,24811.76,7424.43,2.981,6.29,1628.22,109.35,2117.699951,98.0,93.76,1304.4,70.77,-0.0030202099194571,-0.0002060551952407,0.0003747124433015,-0.0052278927499163,-0.0025564564413009,0.0114110721628009,-0.0151454304373404,-0.0756920223363994,-0.1918901478438446,-0.1215245800922826,0.0,0.6446900445130727
1933,2018-05-25,2721.33,-0.0023600281824851,33.9869168689653,2.08,643957.0,309718.0,953675.0,13.22,24753.09,7433.85,2.931,6.29,1626.93,109.62,2110.800049,98.0,94.19,1303.7,67.92,-0.002367404618468,0.0012679800437336,-0.0007925902447087,-0.0032635251857655,0.0045756930060232,-0.0005367892464311,-0.0411046400846011,-0.0258207818340245,-0.2708633524810473,-0.1121624017267066,0.0,0.6298913502963815
1934,2018-05-30,2724.01,0.0126159117027659,34.34665016516583,1.65,700407.0,423961.0,1124368.0,14.94,24667.78,7462.45,2.842,6.31,1647.99,109.29,2100.399902,98.0,94.15,1306.5,68.24,-0.0034523910539885,0.0038398844198308,0.0128615601668595,-0.0049392896395366,-0.0004247637315648,0.0021454302919341,0.0047003611803315,0.0840296409619405,0.313979263817119,0.1646534364572343,0.0,0.6143918647057379
1935,2018-05-31,2705.27,-0.0069033368781203,34.2922834318537,1.67,767494.0,458691.0,1226185.0,15.43,24415.84,7442.12,2.822,6.31,1633.61,108.84,2092.899902,98.0,93.98,1304.7,66.98,-0.0102658366520085,-0.0027280240366795,-0.0087640736486171,-0.0035771389349719,-0.0018072614284916,-0.0013786766889651,-0.0186368358173654,0.091469067190486,0.0787353108741779,0.0866866233345859,0.0,0.6454787056189021
1936,2018-06-01,2734.62,0.0107907640756419,35.21201927249308,1.88,686338.0,365447.0,1051785.0,13.46,24635.21,7554.33,2.895,6.3,1647.98,108.0,2109.199951,98.2,93.98,1299.3,65.81,0.0089446184160397,0.0149651543086459,0.0087580056322211,0.0077580882538059,0.0,-0.0041474713830114,-0.0176222648980308,-0.1117604440874604,-0.2272555189081568,-0.1534190025519191,0.0020387366898475,0.6392786540477952
1937,2018-06-04,2746.87,0.0044695950894615,36.32168510927615,1.48,585998.0,394710.0,980708.0,12.74,24813.69,7606.46,2.937,6.28,1653.37,107.96,2121.899902,98.2,94.02,1297.3,64.76,0.0072187965784458,0.0068769774461259,0.003265333750857,0.0060031621002725,0.0004255319213148,-0.0015404763117246,-0.0160836736585929,-0.158053841151851,0.0770300562104768,-0.0699692399835836,0.0,0.6151537759129196
1938,2018-06-05,2748.8,0.0007023711683356,37.31094676020542,1.66,535001.0,322133.0,857134.0,12.4,24799.98,7637.86,2.919,6.27,1664.63,108.13,2119.399902,98.2,93.9,1302.2,65.51,-0.0005526702761144,0.0041195729828729,0.006787247273003,-0.0011788840237976,-0.0012771393817674,0.003769960225795,0.011514673934351,-0.0910477605487685,-0.2031868143021622,-0.1346804940354111,0.0,0.6301587222776921
1939,2018-06-06,2772.35,0.0085308831756663,37.78650154264687,1.44,805272.0,557578.0,1362850.0,11.64,25146.39,7689.24,2.975,6.25,1675.95,107.89,2136.699951,98.2,93.66,1301.4,64.75,0.0138715007566787,0.0067044897549504,0.0067772921641511,0.0081295763151505,-0.0025591824588211,-0.0006145337418779,-0.0116691021641379,0.4089114924928214,0.5486379001179458,0.4637391085149822,0.0,0.5679770478603893
1940,2018-06-07,2770.37,-0.0007144506972114,37.87112587195403,1.45,851845.0,585501.0,1437346.0,12.13,25241.41,7635.07,2.933,6.22,1667.78,107.59,2137.600098,98.2,93.4,1303.0,65.96,0.003771552345416,-0.007069842052255,-0.0048867679260196,0.0004211903717505,-0.0027798585205989,0.0012286900639617,0.0185147971117505,0.0562244768503887,0.0488654871166041,0.0532202622147099,0.0,0.5685773456208066
1941,2018-06-08,2779.03,0.0031210606659346,39.34851096781211,1.67,638272.0,382148.0,1020420.0,12.18,25316.53,7645.51,2.937,6.24,1672.49,107.69,2137.699951,98.2,93.55,1302.7,65.77,0.0029716422496601,0.0013664404917133,0.0028201331758275,4.671157526914271e-05,0.0016047074853018,-0.0002302644213267,-0.0028846903781385,-0.2886400606169452,-0.4266599228500833,-0.3425840502654704,0.0,0.5443644052167399
1942,2018-06-11,2782.0,0.0010681475490628,40.69968593292991,1.17,738143.0,633025.0,1371168.0,12.35,25322.31,7659.93,2.957,6.2,1674.68,107.48,2144.199951,98.2,93.58,1303.2,66.1,0.0002282832713031,0.0018842979053985,0.0013085683204048,0.0030360378063907,0.0003206327179716,0.0003837445843171,0.0050049395443814,0.1453730479883503,0.5047019477069039,0.2954486241159504,0.0,0.544362318927967
1943,2018-06-12,2786.85,0.0017418322369007,40.85286324162664,1.28,723986.0,566824.0,1290810.0,12.34,25320.73,7703.79,2.957,6.19,1682.3,107.03,2145.399902,98.2,93.8,1299.4,66.38,-6.23975180200631e-05,0.0057095702277827,0.0045398024934453,0.0005594699144069,0.0023481705741081,-0.0029201588414045,0.0042270594341875,-0.0193655175855731,-0.110461065936855,-0.0603930030669683,0.0,0.5238892164631025
1944,2018-06-13,2775.63,-0.0040341772794629,40.31312343841415,1.19,611733.0,516217.0,1127950.0,12.94,25201.2,7695.7,2.977,6.17,1676.54,106.69,2140.199951,98.2,93.71,1301.3,66.63,-0.0047318153927911,-0.001050684242692,-0.0034297588729188,-0.0024267097863566,-0.0009599488764466,0.0014611453362807,0.0037591202826172,-0.16847614237507,-0.0935216301842576,-0.1348681024469264,0.0,0.5238418225192285
1945,2018-06-14,2782.49,0.0024684618120289,38.27045984219604,1.33,689652.0,517171.0,1206823.0,12.12,25175.31,7761.04,2.946,6.12,1684.72,106.56,2142.0,98.2,94.77,1308.3,66.91,-0.0010278600990574,0.0084546145190902,0.0048672320193263,0.0008407123098503,0.0112479963463716,0.0053648197341189,0.0041935062202798,0.1198912097319642,0.0018463544593458,0.0675894609364089,0.0,0.4996767768533417
1946,2018-06-15,2779.66,-0.0010175922059643,34.70197775151126,1.96,934419.0,477667.0,1412086.0,11.98,25090.48,7746.38,2.924,6.12,1683.91,106.78,2134.199951,98.2,94.79,1278.5,65.01,-0.0033752610089159,-0.0018907083663428,-0.0004809076779643,-0.003648125784653,0.0002110149828462,-0.0230410687855897,-0.0288073285783481,0.303737823232268,-0.0794597371767729,0.1570767569431996,0.0,0.499326475140983
1947,2018-06-18,2773.75,-0.0021284228000872,32.94370524673202,1.6,817830.0,511002.0,1328832.0,12.31,24987.47,7747.03,2.926,6.13,1692.46,106.21,2125.800049,98.2,94.8,1280.1,65.91,-0.0041139920977748,8.390664164714678e-05,0.0050646216356007,-0.0039436210734145,0.0001054907960265,0.0012506841308228,0.0137490708482514,-0.1332704547278673,0.0674596670938445,-0.0607676828265333,0.0,0.46459491639369005
1948,2018-06-19,2762.59,-0.0040315497659646,31.00884151971824,1.81,625357.0,345095.0,970452.0,13.35,24700.21,7725.59,2.893,6.16,1693.45,106.18,2111.399902,98.2,95.08,1278.6,65.09,-0.0115627536034157,-0.0027713488371414,0.0005847763397213,-0.0067970370087344,0.0029492332310168,-0.0011724705294371,-0.0125192474803332,-0.2683318043796969,-0.3925537626454147,-0.314293697543313,0.0,0.4627975768816551
1949,2018-06-20,2767.32,0.0017106973363114,28.69189487826298,2.08,880493.0,423247.0,1303740.0,12.79,24657.8,7781.51,2.928,6.13,1706.98,106.41,2117.800049,98.2,95.06,1274.5,65.92,-0.0017184651665189,0.0072122114894899,0.0079578590952937,0.0030266489926793,-0.0002103713061298,-0.0032117845164565,0.0126709580169208,0.3421592912124893,0.2041361915337187,0.2952303937592049,0.0,0.4822128405493634
1950,2018-06-21,2749.76,-0.006365707692292,27.458346068758424,1.68,673259.0,399571.0,1072830.0,14.64,24461.7,7712.95,2.897,6.15,1688.95,106.8,2105.899902,98.2,94.74,1270.5,65.68,-0.0079846513851418,-0.0088496723924347,-0.0106186932101319,-0.0056349544837628,-0.0033719736902577,-0.0031434210559515,-0.0036474204570433,-0.2683518782828216,-0.0575644614103634,-0.1949370403211059,0.0,0.4537857596067573
1951,2018-06-22,2754.88,0.0018602493447312,27.23688198401194,2.08,701741.0,337572.0,1039313.0,13.77,24580.89,7692.82,2.9,6.15,1685.58,107.4,2114.899902,98.2,94.52,1270.7,69.02,0.0048606827113939,-0.0026133080600683,-0.0019973158456556,0.0042646010510063,-0.0023248451768989,0.0001574059502704,0.0496018525256838,0.0414342904861477,-0.1686126506747118,-0.0317400988470186,0.0,0.4957282746873668
1952,2018-06-25,2717.07,-0.0138197906651464,27.53797266479255,2.12,1108333.0,521850.0,1630183.0,17.33,24252.8,7532.01,2.875,6.2,1657.51,106.91,2085.600098,98.2,94.28,1268.9,69.91,-0.0134372371462418,-0.0211254878462341,-0.0167932419840646,-0.0139508530926484,-0.0025423742507761,-0.0014175463076195,0.0128123828540367,0.4570479735903276,0.4356013693724616,0.4501323605023852,0.0,0.4964224119881297
1953,2018-06-26,2723.06,0.0022021541473096,27.69650551806406,1.8,677027.0,375196.0,1052223.0,15.92,24283.11,7561.63,2.88,6.22,1668.53,106.76,2088.399902,98.2,94.66,1259.9,75.23,0.0012489723151425,0.0039248369542459,0.0066265230272204,0.0013415450023535,0.004022446410171,-0.0071180306862856,0.0733413870482362,-0.4929012097212943,-0.3299316341716292,-0.4377872094176833,0.0,0.5199666677326295
1954,2018-06-27,2699.63,-0.008641521386802,28.260268490471532,1.64,811144.0,496108.0,1307252.0,17.91,24117.59,7445.08,2.827,6.25,1640.45,106.55,2076.300049,98.2,95.27,1256.1,77.41,-0.006839597165035,-0.0155333638718886,-0.0169724048275137,-0.0058106884949209,0.0064234412405861,-0.0030206700233765,0.0285658836444921,0.1807344429747974,0.2793450888636464,0.217022154976334,0.0,0.5183454767457479
1955,2018-06-28,2716.31,0.0061596150392206,28.443932041493987,1.5,773330.0,515222.0,1288552.0,16.85,24216.05,7503.68,2.847,6.35,1645.02,106.76,2079.600098,98.2,95.39,1251.0,73.45,0.0040741866821836,0.0078401553264075,0.0027819477562465,0.0015881275184073,0.0012587854384289,-0.0040684512262956,-0.0525110685967353,-0.0477397312852954,0.0378042307837223,-0.0144081167139447,0.0,0.5130643367408652
1956,2018-06-29,2718.37,0.0007580943491278,28.49628155785957,2.21,823009.0,371571.0,1194580.0,16.09,24271.41,7510.3,2.849,6.33,1643.07,106.77,2089.300049,98.2,94.64,1254.5,74.13,0.0022834779984428,0.0008818448444731,-0.0011860990597032,0.0046534904470298,-0.0078935314869852,0.0027938553395658,0.0092154060487414,0.0622612705806062,-0.3268579127516631,-0.0757244481300016,0.0,0.5158995776657684
1957,2018-07-02,2726.71,0.0030633182696382,28.09159003866925,1.44,585908.0,406036.0,991944.0,15.6,24307.18,7567.69,2.866,6.54,1655.09,106.32,2082.100098,97.9,95.03,1241.7,73.89,0.0014726654876007,0.0076124572497047,0.0072889448766693,-0.0034520582520247,0.0041124115530921,-0.0102556783836806,-0.0032428078680721,-0.3398043555540067,0.0887018626313871,-0.1858832840738475,-0.0030596658239554,0.5218149595776594
1958,2018-07-03,2713.22,-0.004959632808581,28.59220599497865,1.96,472693.0,241735.0,714428.0,16.14,24174.82,7502.67,2.838,6.5,1660.42,106.66,2082.100098,97.9,94.67,1253.5,74.19,-0.0054601843506443,-0.0086289117762827,0.0032151943993898,0.0,-0.0037954710824239,0.009458230175551,0.0040518694008788,-0.2147166515218312,-0.5185997407829532,-0.3281844315552789,0.0,0.5949656564382617
1959,2018-07-06,2759.82,0.0084455320847034,28.46555260378029,1.76,751835.0,427387.0,1179222.0,13.37,24456.48,7688.39,2.831,6.47,1694.05,108.26,2113.699951,97.9,94.04,1255.8,73.78,0.01158361587804,0.0244524415999585,0.0200515293183887,0.015062896279681,-0.0066769364689305,0.0018331810816611,-0.0055416780329053,0.4640707558383568,0.5698478411121979,0.5011279554542174,0.0,0.6107111828958932
1960,2018-07-09,2784.17,0.0087843436152743,29.1514400362654,1.56,898448.0,574253.0,1472701.0,12.69,24776.59,7756.2,2.86,6.41,1704.6,108.56,2131.100098,97.9,94.08,1259.6,73.93,0.0130040442738401,0.0087811247465623,0.0062083673731772,0.0081983812002279,0.0004252604784475,0.003021390546861,0.002031007400479,0.1781519453327469,0.2953801398102786,0.22224323077935,0.0,0.6110431754665216
1961,2018-07-10,2793.84,0.003467189799676,29.96599067647222,1.56,766875.0,490965.0,1257840.0,12.64,24919.66,7759.2,2.873,6.37,1695.62,108.75,2135.899902,97.9,94.15,1255.4,74.11,0.0057577944113234,0.0003867125613759,-0.0052820234445531,0.0022497333135396,0.0007437709528446,-0.0033399633434383,0.0024317763942587,-0.158345014848825,-0.1566972236030093,-0.1577021655947845,0.0,0.6258107939061447
1962,2018-07-11,2774.02,-0.0071194619539731,28.104249762155884,1.71,566391.0,330573.0,896964.0,13.63,24700.45,7716.61,2.842,6.4,1683.66,108.3,2117.300049,97.9,94.72,1244.4,70.47,-0.0088355880750103,-0.005504087672552,-0.0070784604634983,-0.0087463424178881,0.006035916032534,-0.0088007608599491,-0.0503633886243362,-0.3030391630424187,-0.3955453297977342,-0.3381355156878705,0.0,0.6405159921842323
1963,2018-07-12,2798.29,0.0087109846615289,28.81904264252252,1.25,710539.0,570372.0,1280911.0,12.58,24924.89,7823.92,2.853,6.37,1690.28,108.51,2130.899902,97.9,94.81,1246.6,70.28,0.0090454405069877,0.0138105593067212,0.0039242004868524,0.0064026644773438,0.0009497177941728,0.0017663593512677,-0.0026998240200342,0.2267391845298334,0.5454612671758632,0.3563110950378299,0.0,0.64052009024802
1964,2018-07-13,2801.31,0.0010786485794733,28.50057886049344,1.37,773783.0,564789.0,1338572.0,12.18,25019.41,7825.98,2.831,6.35,1687.08,109.07,2134.600098,97.9,94.75,1241.2,71.03,0.0037850210271894,0.000263260469639,-0.0018949717871814,0.0017349417081886,-0.0006330449673326,-0.0043411918005249,0.0106150596908216,0.0852676355713271,-0.0098365694674722,0.044031830559426,0.0,0.6245566746172875
1965,2018-07-16,2798.43,-0.0010286192765862,29.097657149503764,1.94,745331.0,383830.0,1129161.0,12.83,25064.36,7805.72,2.858,6.34,1678.54,108.79,2132.800049,97.9,94.51,1239.7,68.22,0.0017949931512379,-0.0025921699296294,-0.0050748559423654,-0.0008436279911672,-0.0025361949555708,-0.0012092387301239,-0.0403645460192185,-0.0374630575122765,-0.3862524638385665,-0.1701284950143371,0.0,0.5998567986037819
1966,2018-07-17,2809.55,0.0039657825363441,30.36204256306761,1.38,721855.0,521409.0,1243264.0,12.06,25119.89,7855.12,2.864,6.33,1687.26,108.78,2138.199951,97.9,94.94,1227.3,68.03,0.0022130458326472,0.0063087502132166,0.0051815434724726,0.0025286372639898,0.004539464116207,-0.0100527802406391,-0.0027889926335307,-0.0320041273129962,0.3063350163400926,0.0962653002827416,0.0,0.5965952595682331
1967,2018-07-18,2815.62,0.0021581578355824,31.788144556557867,1.47,783009.0,532857.0,1315866.0,12.1,25199.29,7854.44,2.875,6.32,1691.87,108.68,2142.199951,97.9,95.08,1227.9,68.78,0.0031558569077727,-8.657148900681477e-05,0.0027285146532038,0.0018689847939201,0.0014735293688215,0.0004887585630051,0.0109642206471507,0.0813199024789739,0.0217183329157766,0.0567548246528595,0.0,0.6029897941992932
1968,2018-07-19,2804.49,-0.0039607817464153,32.607158202958125,1.57,809378.0,514749.0,1324127.0,12.87,25064.5,7825.3,2.847,6.33,1701.31,108.66,2134.800049,97.9,95.15,1224.0,69.42,-0.0053633171356413,-0.0037169026461292,0.0055641164657984,-0.0034603270440882,0.0007359512501654,-0.0031812090941958,0.0092620054295204,0.0331218612671211,-0.0345736922706123,0.0062583703542653,0.0,0.5848589894260461
1969,2018-07-20,2801.83,-0.0009489291369755,33.27939462734227,2.18,752391.0,345161.0,1097552.0,12.86,25058.12,7820.2,2.895,6.32,1696.81,108.56,2139.199951,97.9,94.45,1231.1,70.31,-0.0002545756799801,-0.000651944671711,-0.0026485248493317,0.0020589160291599,-0.0073839997946398,0.005783894581298,0.0127390257774298,-0.0730099158118946,-0.399668428372383,-0.1876711291100026,0.0,0.5850850467231034
1970,2018-07-23,2806.98,0.0018363971848938,34.03335426812017,1.96,595709.0,304301.0,900010.0,12.62,25044.29,7841.87,2.965,6.32,1698.41,108.42,2139.399902,97.9,94.67,1225.6,67.9,-0.0005520692657796,0.0027671966512645,0.000942501586608,9.346562287504412e-05,0.0023265661932807,-0.0044775586672427,-0.0348780016464198,-0.2335038428363542,-0.1259936317147829,-0.1984316498632399,0.0,0.5884615188204756
1971,2018-07-24,2820.4,0.004769546552918,35.309620296711955,1.44,712585.0,495036.0,1207621.0,12.41,25241.94,7840.77,2.949,6.29,1680.19,108.32,2151.100098,97.9,94.61,1225.5,70.77,0.0078610394069933,-0.0001402825036862,-0.0107856370255863,0.0054540146850436,-0.0006339814244462,-8.159601815904693e-05,0.0413991475230428,0.1791469104764598,0.4866131440686985,0.2940017131719816,0.0,0.6090109280226808
1972,2018-07-25,2846.07,0.0090603764265413,37.933257957774245,1.22,740332.0,606454.0,1346786.0,12.29,25414.1,7932.24,2.936,6.29,1685.2,109.29,2161.800049,97.9,94.36,1231.8,71.13,0.0067972412707817,0.011598423560569,0.0029773688642453,0.0049618458985607,-0.0026459241768792,0.0051275902847747,0.0050740066577308,0.0381995309612008,0.2029983932984436,0.1090687046768206,0.0,0.6126289737127287
1973,2018-07-26,2837.44,-0.0030368580797848,39.857151695085165,0.93,602570.0,648209.0,1250779.0,12.14,25527.07,7852.18,2.975,6.27,1695.36,109.38,2161.899902,97.9,94.75,1225.7,71.59,0.0044353196126447,-0.0101442671386582,0.006010856538789,4.618868152306277e-05,0.0041245894230614,-0.0049644049058228,0.0064462106626699,-0.2058948930454001,0.0665842947192132,-0.0739544560346274,0.0,0.6209518887495155
1974,2018-07-27,2818.82,-0.0065838795461221,40.71520227227904,1.93,864002.0,447861.0,1311863.0,13.03,25451.06,7737.42,2.96,6.26,1663.34,109.57,2156.100098,97.9,94.67,1232.7,68.66,-0.002982065302433,-0.0147229015468361,-0.0190674785581954,-0.0026863397349785,-0.0008446838217359,0.0056947762103538,-0.0417886113785481,0.3603712424274405,-0.3697302587997608,0.0476817071322344,0.0,0.6301910262120323
1975,2018-07-30,2802.6,-0.0057707999094027,41.04570576028557,1.88,769213.0,410067.0,1179280.0,14.26,25306.83,7630.0,2.975,6.26,1653.13,109.26,2148.300049,97.9,94.32,1231.5,71.19,-0.0056830726488659,-0.0139804534040326,-0.0061571684686949,-0.0036242251052067,-0.0037039039116839,-0.000973946996881,0.0361855710862357,-0.116207169368355,-0.0881623554330293,-0.1065441815810803,0.0,0.6352608535344478
1976,2018-07-31,2816.29,0.0048728581939814,41.75009981381319,1.63,660411.0,406208.0,1066619.0,12.83,25415.19,7671.79,2.964,6.31,1670.81,109.06,2153.100098,97.9,94.49,1233.6,69.88,0.0042727069959696,0.0054621196473707,0.0106380781451607,0.0022318551301667,0.0018007525654191,0.0017037852484724,-0.0185728738499255,-0.1525055457688076,-0.0094552172977788,-0.1004102501178305,0.0,0.6340471500726862
1977,2018-08-01,2813.36,-0.0010409173801422,42.220401563006206,2.02,595156.0,294939.0,890095.0,13.15,25333.82,7707.29,3.003,6.31,1669.26,108.16,2149.399902,96.2,94.62,1227.6,68.8,-0.0032067648109634,0.0046166692744709,-0.0009281243274941,-0.0017200218069701,0.0013748614084674,-0.0048756800634839,-0.0155757403265583,-0.104038812423898,-0.3200967883870635,-0.1809209130184488,-0.0175171918648038,0.6331226546227705
1978,2018-08-02,2827.22,0.0049143981274095,43.12695015857884,2.15,652397.0,302783.0,955180.0,12.19,25326.16,7802.69,2.986,6.29,1682.1,108.07,2147.600098,96.2,95.16,1220.1,68.95,-0.0003024083332991,0.0123019118176035,0.0076625983633098,-0.0008377026321859,0.0056908152317545,-0.0061282211642925,0.002177859300013,0.091829716275269,0.0262478220218653,0.0705716057929404,0.0,0.6368464935421092
1979,2018-08-03,2840.35,0.0046333873211503,44.12979224581343,1.87,806920.0,431802.0,1238722.0,11.64,25462.58,7812.01,2.953,6.26,1673.37,108.31,2155.399902,96.2,95.14,1223.2,68.49,0.0053720697965768,0.0011937470597285,-0.0052034556695454,0.0036252905147851,-0.0002101944306209,0.002537553033564,-0.0066938550294972,0.2125712584357497,0.354950772525143,0.2599356775621757,0.0,0.6235612358681635
1980,2018-08-06,2850.4,0.00353205129311,45.488884806070864,1.35,674792.0,498547.0,1173339.0,11.27,25502.18,7859.68,2.938,6.25,1684.31,108.13,2157.300049,96.2,95.36,1217.7,69.01,0.0015540152830855,0.0060836000486084,0.0065164272431115,0.0008811867946025,0.0023097123129041,-0.0045065421018906,0.0075636724226972,-0.1788200355291636,0.1437307179621409,-0.0542266725000342,0.0,0.6241512268869448
1981,2018-08-07,2858.45,0.0028201845679713,45.45253869701185,1.31,723377.0,553966.0,1277343.0,10.93,25628.91,7883.66,2.973,6.2,1688.3,107.97,2166.899902,96.2,95.22,1218.3,69.17,0.0049570724780831,0.0030463698993052,0.0023661211118453,0.0044400670088764,-0.0014691995506668,0.0004926108473997,0.0023158209799829,0.0695260294708894,0.105405445216709,0.0849286087858676,0.0,0.5576266688391154
1982,2018-08-08,2857.7,-0.0002624143888114,45.215009281743136,1.33,675478.0,507557.0,1183035.0,10.85,25583.75,7888.33,2.971,6.22,1686.88,107.97,2166.199951,96.2,95.05,1221.0,66.92,-0.0017636268729415,0.0005921890815905,-0.0008414366545084,-0.0003230717176307,-0.0017869348319345,0.002213750750343,-0.0330693664938701,-0.0685099363057872,-0.0874942931428091,-0.0766989689041395,0.0,0.5604522317624263
1983,2018-08-09,2853.58,-0.001442759141442,42.690191859661454,1.32,539537.0,408203.0,947740.0,11.27,25509.23,7891.78,2.935,6.2,1690.89,107.59,2163.699951,96.2,95.5,1219.9,66.81,-0.0029170368548285,0.0004372593163122,0.0023743486879661,-0.0011547612343889,0.0047231785522461,-0.0009013069560124,-0.0016451061812379,-0.2247092240351484,-0.2178444201926925,-0.221758246304498,0.0,0.551708343024688
1984,2018-08-10,2833.28,-0.0071392952256221,40.03492127330179,2.17,1147389.0,529133.0,1676522.0,13.16,25313.14,7839.11,2.857,6.25,1686.8,106.37,2139.800049,96.2,96.36,1219.0,67.61,-0.0077167189589513,-0.0066964039311319,-0.0024217746442003,-0.011107306943149,0.0089649302599861,-0.0007380376734209,0.0119031311652006,0.7545328408627725,0.259475218340226,0.5703964853619254,0.0,0.5540621560812937
1985,2018-08-13,2821.93,-0.0040140031013784,36.72729733638564,2.64,855407.0,324419.0,1179826.0,14.78,25187.7,7819.71,2.877,6.28,1675.32,105.9,2127.5,96.2,96.39,1198.9,67.25,-0.0049678483757151,-0.0024778380396242,-0.006829051083848,-0.0057648081563126,0.0003112840492063,-0.0166263807676632,-0.0053388826206379,-0.2936668261643316,-0.4892039278343247,-0.3513544394373333,0.0,0.5616941674191338
1986,2018-08-14,2839.96,0.006368919546678,33.852523192987725,2.48,561619.0,226665.0,788284.0,13.31,25299.92,7870.89,2.895,6.26,1692.58,106.59,2137.399902,96.2,96.73,1200.7,67.04,0.0044454535511118,0.0065236742394976,0.0102498002367887,0.0046425097931672,0.0035211303985791,0.0015002503230645,-0.0031275623081201,-0.4207536950172343,-0.3585627336593653,-0.4032638179410721,0.0,0.5845749522756911
1987,2018-08-15,2818.37,-0.007631263915858,28.35512112076217,1.79,1167242.0,651957.0,1819199.0,14.64,25162.41,7774.12,2.852,6.29,1670.67,106.37,2115.699951,96.2,96.7,1185.0,65.07,-0.0054500194647424,-0.0123708753302516,-0.0130292484679941,-0.0102043874116084,-0.0003101897352077,-0.0131619454674414,-0.0298258426669351,0.7315752960634132,1.0565054522977153,0.8362931422853741,0.0,0.5857307870040721
1988,2018-08-16,2840.69,0.0078882767591137,24.58726103162784,1.8,852294.0,472884.0,1325178.0,13.45,25558.73,7806.52,2.871,6.24,1685.75,106.59,2131.100098,96.2,96.64,1184.0,65.44,0.0156277270555431,0.0041590135839015,0.0089858250573398,0.0072526204798322,-0.0006206682727434,-0.0008442381252802,0.0056700787875989,-0.3144674423828135,-0.3211284935455936,-0.3168495042837431,0.0,0.5076933562956922
1989,2018-08-17,2850.13,0.0033176268652184,22.648255878713968,1.81,917607.0,507785.0,1425392.0,12.64,25669.32,7816.33,2.873,6.24,1692.95,107.02,2138.100098,96.2,96.1,1184.2,65.93,0.0043175632020169,0.001255852970404,0.0042620007096143,0.0032793057021001,-0.0056034182102582,0.0001689046537247,0.0074598808307166,0.0738376566536551,0.0712080143596747,0.0729000735721534,0.0,0.48709642643821977
1990,2018-08-20,2857.05,0.0024250166951826,22.44871730412534,1.81,710757.0,392048.0,1102805.0,12.49,25758.69,7821.01,2.823,6.23,1698.69,106.88,2145.199951,96.2,95.9,1194.6,66.5,0.003475541439819,0.0005985672933803,0.0033847964289783,0.0033151352560558,-0.002083334086854,0.0087439602005296,0.0086083745365996,-0.2554385951484725,-0.2586738483718402,-0.2565899295393219,0.0,0.4851823299053434
1991,2018-08-21,2862.96,0.0020664306891218,22.831185772379676,1.15,740613.0,646478.0,1387091.0,12.86,25822.29,7859.17,2.844,6.21,1718.05,107.18,2151.800049,96.2,95.26,1200.0,67.32,0.0024660265171707,0.0048673006733501,0.0113325609762622,0.003071958664365,-0.0066959865166777,0.0045101554778863,0.0122554216607966,0.04114762242666,0.5001548869700905,0.2293518143381536,0.0,0.462353709052922
1992,2018-08-22,2861.82,-0.0003982685850179,21.539892850307982,1.54,771386.0,501062.0,1272448.0,12.25,25733.6,7889.1,2.823,6.19,1722.54,107.65,2156.0,96.2,95.15,1203.3,67.85,-0.0034405414197173,0.0038010570095377,0.0026100189495972,0.0019499290974458,-0.0011554016305561,0.0027462256680248,0.0078420169582731,0.0407106751285208,-0.2548093223207139,-0.0862661442415664,0.0,0.44120997803841827
1993,2018-08-23,2856.98,-0.0016926632005294,21.333248519471205,1.36,547123.0,401335.0,948458.0,12.41,25656.98,7878.46,2.821,6.19,1717.05,107.12,2149.199951,96.2,95.67,1194.0,69.13,-0.0029818716493412,-0.0013496066119316,-0.0031922436465485,-0.0031589959734024,0.0054501759479173,-0.0077587674915688,0.0186894036762952,-0.3435152567565165,-0.2219333559072129,-0.2938603751977684,0.0,0.45247834419668365
1994,2018-08-24,2874.69,0.0061797194745913,22.030549541106176,2.09,843236.0,404369.0,1247605.0,11.99,25790.35,7945.98,2.826,6.19,1725.67,107.4,2161.600098,96.2,95.15,1213.3,69.71,0.0051847315988879,0.008533687101071,0.0050076788199611,0.0057530764872355,-0.0054501759479173,0.0160349051052799,0.0083549895411341,0.4325732313402746,0.0075313374166121,0.2741434844685351,0.0,0.4675020535146743
1995,2018-08-27,2896.74,0.0076411243957235,23.90483095700693,0.99,918061.0,929068.0,1847129.0,12.16,26049.64,8017.9,2.848,6.18,1728.41,107.54,2180.0,96.2,94.78,1216.0,69.97,0.0100035575733734,0.0090104018048418,0.0015865298862403,0.0084761432404141,-0.0038961772027166,0.002222863468285,0.0037227992594974,0.0850169658417421,0.8318541056885103,0.3924068283285713,0.0,0.4647037810992119
1996,2018-08-28,2897.52,0.0002692319656736,25.80201100560962,1.2,824289.0,684526.0,1508815.0,12.5,26064.02,8030.04,2.884,6.18,1728.42,107.34,2182.5,96.2,94.72,1214.4,68.54,0.0005518706751725,0.0015129670619131,5.785647544165329e-06,0.0011461319306222,-0.0006332454037467,-0.0013166558847474,-0.0206490623113424,-0.1077426406405397,-0.3054553051840685,-0.2023079672436836,0.0,0.4720895688093529
1997,2018-08-29,2914.04,0.0056852358046608,28.75463493637756,0.91,746036.0,818314.0,1564350.0,12.25,26124.57,8109.69,2.884,6.18,1734.75,107.02,2190.800049,96.2,94.6,1211.5,69.68,0.0023204316180542,0.0098701337161326,0.0036556143933177,0.0037957875620682,-0.0012676950778631,-0.0023908663847844,0.0164958160977848,-0.0997473401620041,0.178519498089841,0.0361458277300528,0.0,0.47394784096253767
1998,2018-08-30,2901.13,-0.0044401182457844,29.71905715429711,1.29,839475.0,652559.0,1492034.0,13.53,25986.92,8088.36,2.86,6.19,1732.35,106.43,2181.600098,96.2,94.72,1205.0,70.25,-0.0052829163066228,-0.0026336518690772,-0.0013844425504521,-0.0042081988232887,0.0012676950778631,-0.0053796943318253,0.0081469756696082,0.1180028400313748,-0.2263445694618351,-0.0473301125275202,0.0,0.4727125183383261
1999,2018-08-31,2901.52,0.0001344213421754,30.18435775311288,1.77,825737.0,467044.0,1292781.0,12.86,25964.82,8109.54,2.853,6.25,1740.75,106.1,2175.5,96.2,95.14,1206.7,69.84,-0.0008507896495117,0.002615155306664,0.0048371865934502,-0.0028000742918017,0.0044243198684403,0.0014097941547994,-0.0058533966825082,-0.0165003755601684,-0.3344780849189757,-0.1433445778311579,0.0,0.48350835369199263
2000,2018-09-05,2888.6,-0.0028071067225425,30.37853213713419,1.57,801461.0,510339.0,1311800.0,13.91,25974.99,7995.17,2.902,6.28,1727.64,105.41,2152.800049,100.1,95.18,1201.3,68.69,0.0003916071364127,-0.0142035370706192,-0.0075597394963926,-0.0104891799869832,0.0004203446888286,-0.004485057352225,-0.0166032833055567,-0.0298400087823562,0.0886517391355798,0.014604527982982,0.0397403286495139,0.4850833559870603
2001,2018-09-06,2878.05,-0.003658974194848,30.63086229853323,1.87,882000.0,470926.0,1352926.0,14.65,25995.87,7922.73,2.879,6.28,1714.47,105.88,2144.0,100.1,95.02,1204.3,67.81,0.0008035272505946,-0.0091017659477348,-0.0076523203891509,-0.0040960999830588,-0.0016824399341892,0.0024941815391041,-0.0128939515300396,0.095755743905876,-0.0803742416352051,0.0308694145412147,0.0,0.4607735677865274
2002,2018-09-07,2871.68,-0.0022157571246541,30.56821277533446,2.27,954079.0,420920.0,1374999.0,14.88,25916.54,7902.54,2.942,6.31,1713.18,105.6,2137.600098,100.1,95.36,1200.4,67.73,-0.0030563043307658,-0.0025516166175147,-0.0007527023242772,-0.0029894930025591,0.0035718075582646,-0.003243650700222,-0.0011804634689385,0.0785544212373192,-0.1122581772738016,0.0161833494268304,0.0,0.45722430327769364
2003,2018-09-10,2877.13,0.0018960451407243,29.919934699010117,2.47,754604.0,305972.0,1060576.0,14.16,25857.07,7924.16,2.937,6.3,1717.47,105.4,2142.600098,100.1,95.15,1199.8,67.55,-0.0022973103924979,0.0027320936706001,0.0025009850822064,0.0023363403791449,-0.0022046095748811,-0.0004999583472189,-0.0026611488206045,-0.2345533689063224,-0.3189491973748843,-0.2596408470814193,0.0,0.4409595362121181
2004,2018-09-11,2887.89,0.0037328621563785,28.420233242628253,1.8,669694.0,372674.0,1042368.0,13.22,25971.06,7972.47,2.977,6.28,1718.4,105.2,2147.699951,100.1,95.25,1202.2,69.29,0.0043987766412385,0.0060780365051424,0.0005413476195039,0.0023773886878659,0.0010504202646517,0.0019983353860686,0.0254325312330818,-0.119372216697398,0.1972104483520205,-0.0173171087951651,0.0,0.42332120939002
2005,2018-09-12,2888.92,0.0003565981955144,27.51156464006834,1.83,761583.0,416703.0,1178286.0,13.14,25998.92,7954.23,2.963,6.24,1715.7,105.54,2152.699951,100.1,94.8,1210.9,70.37,0.0010721575289736,-0.0022904943239314,-0.0015724647251653,0.0023253661831432,-0.004735604745834,0.0072106731552592,0.0154664403391677,0.1285782701590658,0.1116696949767916,0.1225657921733827,0.0,0.424632662827558
2006,2018-09-13,2904.18,0.0052683486546838,26.73734453199803,1.78,812965.0,456312.0,1269277.0,12.37,26145.99,8013.71,2.963,6.22,1714.32,106.57,2162.699951,100.1,94.52,1208.2,68.6,0.0056408339747164,0.0074499622499022,-0.0008046600745537,0.0046345729834902,-0.0029579569422697,-0.0022322360556801,-0.0254745012466175,0.0652888963911539,0.0908030482488548,0.0743866068817347,0.0,0.4230933304862497
2007,2018-09-14,2904.98,0.0002754270858638,26.51728073257708,1.73,870404.0,502949.0,1373353.0,12.07,26154.67,8010.04,2.994,6.19,1721.72,106.69,2166.600098,100.1,94.93,1201.1,68.98,0.0003319269806425,-0.0004580700602758,0.0043072906257553,0.001801745321849,0.0043283255750008,-0.0058938451441958,0.005524072776855,0.0682694134887427,0.0973119872337644,0.0788077479550626,0.0,0.4334388945801092
2008,2018-09-17,2888.8,-0.0055853146174813,26.148421654786,1.75,802554.0,458078.0,1260632.0,13.68,26062.12,7895.79,3.001,6.19,1703.55,106.36,2160.5,100.1,94.5,1205.8,68.86,-0.0035448405355609,-0.014366048792775,-0.010609482134817,-0.0028194873716396,-0.0045399433940103,0.0039054434948599,-0.0017411495983168,-0.0811583292194075,-0.0934492980184824,-0.0856420124670265,0.0,0.435892600783836
2009,2018-09-18,2904.31,0.0053546495954313,26.519745321797515,1.6,703649.0,440351.0,1144000.0,12.79,26246.96,7956.11,3.048,6.17,1710.97,106.03,2172.300049,100.1,94.64,1202.9,69.87,0.007067253690387,0.0076104809065586,0.0043461521266348,0.005446860247634,0.0014803851704341,-0.0024079390552778,0.0145609146539813,-0.1315194901794676,-0.039467339120927,-0.0970822895545069,0.0,0.4328412502310121
2010,2018-09-19,2907.95,0.0012525249991828,27.1168575041152,2.39,838593.0,350423.0,1189016.0,11.75,26405.76,7950.04,3.083,6.2,1702.93,106.41,2177.699951,100.1,94.54,1208.3,71.08,0.0060319953648786,-0.0007632268392612,-0.0047101642487348,0.0024827148384796,-0.0010571943050408,0.0044791050332353,0.0171696307220914,0.1754458351759371,-0.2284311399922689,0.038595181346789,0.0,0.4507470633084033
2011,2018-09-20,2930.75,0.0078099973940757,28.77223255277319,1.6,1337539.0,837461.0,2175000.0,11.8,26656.98,8028.23,3.078,6.21,1720.18,107.01,2195.699951,100.1,93.91,1211.3,70.77,0.0094688618422491,0.0097871201495323,0.0100786396110734,0.0082316285008436,-0.0066861485485683,0.0024797499894937,-0.0043708211987576,0.4668611497671389,0.8712336992732777,0.6039025902362525,0.0,0.4508409446646408
2012,2018-09-21,2929.67,-0.0003685742701806,29.95866217839331,1.68,1067725.0,635802.0,1703527.0,11.68,26743.5,7986.96,3.068,6.2,1712.32,107.24,2200.0,100.1,94.22,1201.3,70.8,0.0032404231462876,-0.0051538684651699,-0.0045797603717989,0.0019564803874621,0.0032955964553726,-0.0082898592954263,0.0004238186119804,-0.2253011414965247,-0.2754875013357178,-0.2443278568262066,0.0,0.4560198048070326
2013,2018-09-24,2919.37,-0.0035219491222058,29.486792681173277,1.89,864249.0,457220.0,1321469.0,12.2,26562.05,7993.25,3.078,6.24,1705.32,107.13,2193.0,100.1,94.19,1204.4,73.23,-0.0068079477961369,0.0007872237379658,-0.0040963997311695,-0.0031868909285188,-0.0003184544371688,0.0025772138802491,0.0337461723733047,-0.2114245739985705,-0.3297225186192154,-0.2539568111188313,0.0,0.4331485365960128
2014,2018-09-25,2915.56,-0.0013059284486631,27.76105591878464,2.04,589966.0,289385.0,879351.0,12.42,26492.21,8007.47,3.102,6.24,1708.81,107.21,2194.199951,100.1,94.13,1205.1,73.4,-0.0026327778520105,0.0017774204840375,0.0020444454169075,0.0005470236339011,-0.0006372132755974,0.0005810334257674,0.0023187625474916,-0.3817960136078433,-0.4574066940169921,-0.407315140192404,0.0,0.43050254599824955
2015,2018-09-26,2905.97,-0.0032946695026323,26.610595333470307,1.71,688739.0,403422.0,1092161.0,12.89,26385.28,7990.37,3.061,6.21,1691.61,107.7,2189.300049,100.1,94.19,1199.1,72.22,-0.0040444486211246,-0.0021377894156273,-0.0101164836647997,-0.002235612656916,0.0006372132755974,-0.004991275647959,-0.0162069197711582,0.1547974812570842,0.332225178994479,0.2167294459493405,0.0,0.41977060410448386
2016,2018-09-27,2914.0,0.0027594661468945,23.558865719759392,2.22,885386.0,398439.0,1283825.0,12.41,26439.93,8041.97,3.056,6.2,1690.53,108.08,2188.699951,100.1,94.89,1187.4,72.18,0.0020690885846725,0.0064370114619425,-0.0006386489244736,-0.0002741425325529,0.0074043071509413,-0.0098052325488122,-0.0005540166346689,0.2511613187329846,-0.0124287479876699,0.1616856007916194,0.0,0.3886838227739034
2017,2018-09-28,2913.98,-6.863441535109871e-06,21.904572421463254,2.13,958057.0,450217.0,1408274.0,12.12,26458.31,8046.35,3.056,6.19,1696.57,107.81,2184.0,100.1,95.13,1196.2,73.16,0.0006949191783949,0.0005444944044139,0.0035664765742238,-0.0021496799975242,0.0025260512326985,0.0073838227738818,0.013485824308022,0.0788835670463417,0.122175276269175,0.0925209379318463,0.0,0.37028888919493547
2018,2018-10-01,2924.59,0.0036344555873064,21.02937290294754,1.65,728253.0,441363.0,1169616.0,12.0,26651.21,8037.3,3.08,6.18,1672.99,107.36,2188.199951,98.6,95.3,1191.7,75.37,0.0072642663036681,-0.0011253665623307,-0.0139961211109804,0.0019212077850587,0.0017854334417908,-0.0037690065136963,0.0297604943327138,-0.2742587598614978,-0.0198620226413659,-0.1856893512656423,-0.0150984247125851,0.36838603273473264
2019,2018-10-02,2923.43,-0.0003967154747126,20.277445317377424,1.96,513930.0,262294.0,776224.0,12.05,26773.94,7999.55,3.056,6.17,1656.04,107.47,2183.600098,98.6,95.51,1207.0,75.16,0.0045944734228786,-0.0047079157971428,-0.010183234439788,-0.0021043298622389,0.0022011433864896,0.0127570830007712,-0.002790143310114,-0.3485614458850516,-0.5204016540733516,-0.4099896304696955,0.0,0.36718710385126585
2020,2018-10-03,2925.51,0.0007112400153479,19.74515437665193,1.63,711395.0,437193.0,1148588.0,11.61,26828.39,8025.09,3.161,6.19,1671.29,106.91,2183.600098,98.6,95.76,1202.9,76.4,0.0020316288015305,0.0031875938087182,0.009166573067878,0.0,0.0026141072030716,-0.0034026340975046,0.0163635216272099,0.3251407616844641,0.5109087331551514,0.3918475025515029,0.0,0.40097559795374454
2021,2018-10-04,2901.61,-0.0082030691043888,18.36523903169052,2.11,1192188.0,565056.0,1757244.0,14.22,26627.48,7879.51,3.197,6.35,1646.91,106.16,2165.399902,98.6,95.75,1201.6,74.44,-0.007516889950951,-0.0183071647112189,-0.0146949784349219,-0.0083698791680459,-0.0001044331889623,-0.0010813059901568,-0.0259892643984249,0.5163177222149642,0.2565500960838669,0.4252133107499212,0.0,0.4154164777128331
2022,2018-10-05,2885.57,-0.0055433012532271,16.633209143615414,2.17,1131250.0,521446.0,1652696.0,14.82,26447.05,7788.45,3.225,6.4,1632.11,105.84,2151.399902,98.6,95.62,1205.6,74.26,-0.0067991443384034,-0.0116238521527112,-0.0090271486623887,-0.0064863091733995,-0.0013586248627985,0.0033233663024159,-0.0024209830251153,-0.05246705829577,-0.0803191196589505,-0.0613387787623462,0.0,0.41396293869463363
2023,2018-10-08,2884.43,-0.0003951473188328,16.160086206000315,1.75,999583.0,571215.0,1570798.0,15.69,26486.78,7735.95,3.233,6.4,1629.52,105.81,2143.600098,98.6,95.76,1188.6,74.27,0.0015011196983287,-0.0067635722009473,-0.0015881633075416,-0.0036320431079914,0.0014630580517609,-0.0142012243797262,0.0001346529322709,-0.1237403030006767,0.0911599495646093,-0.0508241233954116,0.0,0.39982445416942497
2024,2018-10-09,2880.34,-0.001418964047569,16.643028846152852,1.88,628969.0,334930.0,963899.0,15.95,26430.57,7738.02,3.208,6.48,1621.87,105.85,2138.5,98.6,95.67,1191.5,74.95,-0.0021244458061833,0.0002675460805914,-0.0047056884080216,-0.002382055671215,-0.0009402915596421,0.0024368736062374,0.0091141228674009,-0.4632562211062385,-0.5338441164177752,-0.4883525321291113,0.0,0.7036789673051826
2025,2018-10-10,2785.68,-0.033416333989062,27.02948169865778,1.9,1777815.0,935724.0,2713539.0,22.96,25598.74,7422.05,3.225,6.58,1575.41,105.41,2089.100098,98.6,95.51,1193.4,73.18,-0.0319781632612272,-0.0416905415778181,-0.0290642486545236,-0.0233712505518086,-0.0016738156434294,0.0015933585491847,-0.0238990649575452,1.0390583902592925,1.0273990064324838,1.0350224486443462,0.0,0.7859548447629818
2026,2018-10-11,2728.37,-0.0207876474635746,41.0036336892935,2.46,2104206.0,855703.0,2959909.0,24.98,25052.83,7329.06,3.133,6.58,1545.38,105.57,2045.0,98.6,95.02,1227.6,70.97,-0.0215563363225523,-0.0126080317784058,-0.0192457210608338,-0.0213356086382532,-0.0051435582878713,0.0282546676575989,-0.0306649070541693,0.1685531166435865,-0.0893972078800207,0.0869048376205672,0.0,0.8287629196372632
2027,2018-10-12,2767.13,0.0141063207096809,46.89083628439543,2.12,1600828.0,755451.0,2356279.0,21.31,25339.99,7496.89,3.141,6.54,1546.68,105.81,2063.399902,98.6,95.22,1222.0,71.41,0.0113969850582424,0.0226410003116477,0.0008408634221828,0.0089572706949461,0.0021026080075978,-0.0045721830140399,0.0061806630241267,-0.2734172034391715,-0.1246084314201478,-0.2280748447893898,0.0,0.8308795360757424
2028,2018-10-15,2750.79,-0.0059225388416024,53.050717485496094,1.63,1013876.0,621066.0,1634942.0,21.3,25250.55,7430.74,3.163,6.51,1553.1,105.83,2055.100098,98.6,95.06,1230.3,71.84,-0.0035358425975662,-0.0088628178758138,0.0041422353712761,-0.0040305039387309,-0.0016817325805096,0.0067691813345822,0.0060035084329257,-0.4567403856660235,-0.1958775654199396,-0.3654763501168698,0.0,0.9327654287805472
2029,2018-10-16,2809.92,0.0212678700386499,54.61303011104472,1.57,1114539.0,711315.0,1825854.0,17.62,25798.42,7645.49,3.156,6.46,1596.84,106.23,2091.199951,98.6,95.05,1231.0,71.93,0.0214653120798722,0.0284904815044964,0.0277737427676862,0.0174134842053179,-0.0001052022514249,0.0005688051183305,0.0012519998853202,0.094660256779294,0.1356780131862027,0.1104404930738383,0.0,0.9305946479374172
2030,2018-10-17,2809.21,-0.0002527081607928,56.08418381020667,2.24,1193254.0,533186.0,1726440.0,17.4,25706.68,7642.7,3.179,6.49,1589.6,105.98,2089.5,98.6,95.58,1227.4,69.63,-0.0035623694359845,-0.0003649876186742,-0.0045442641060438,-0.0008132375504645,0.005560524215574,-0.0029287362294567,-0.032497914924809,0.0682431625855883,-0.288245038269876,-0.0559863379329161,0.0,0.9617378017999251
2031,2018-10-18,2768.78,-0.014496515061646,59.48087895196647,1.74,1111645.0,637704.0,1749349.0,20.06,25379.45,7485.14,3.175,6.53,1560.75,105.58,2064.5,98.6,95.9,1230.1,68.63,-0.0128110888615928,-0.0208312221161204,-0.0183159372957542,-0.012036736561825,0.0033423887393801,0.0021973559197423,-0.0144657520339119,-0.0708431288329816,0.1790038944477974,0.0131822338714542,0.0,0.961688806170492
2032,2018-10-19,2767.78,-0.0003612351391018,62.5473437787098,1.8,1031211.0,573326.0,1604537.0,19.89,25444.34,7449.03,3.198,6.56,1542.04,105.46,2062.300049,98.6,95.71,1228.7,69.16,0.0025535299614496,-0.0048358991992323,-0.0120602598177983,-0.0010661777562646,-0.0019831956815776,-0.0011387670012137,0.0076929038945463,-0.0751070604848571,-0.1064197354835876,-0.0864084772810187,0.0,0.9614997656872153
2033,2018-10-22,2755.88,-0.0043087439887896,65.91236910135898,1.74,881179.0,506505.0,1387684.0,19.64,25317.41,7468.63,3.196,6.57,1539.5,105.35,2053.399902,98.6,96.01,1224.6,69.25,-0.0050010200414796,0.0026277594848469,-0.0016485267594994,-0.0043249804307405,0.0031295665017179,-0.0033424398296713,0.0013004842523578,-0.1572283352470815,-0.1239202950515867,-0.1451990709864503,0.0,0.9593161937218526
2034,2018-10-23,2740.69,-0.0055270973242134,69.61530638668827,1.45,1237681.0,851376.0,2089057.0,20.71,25191.43,7437.54,3.166,6.66,1526.59,105.38,2033.900024,98.6,95.96,1236.8,66.49,-0.0049884440524259,-0.0041714330485564,-0.0084211985260287,-0.0095417641477002,-0.0005209147380389,0.0099131387893027,-0.0406715846530838,0.3397339628689071,0.5193196688230142,0.4090765975260595,0.0,1.0958907747345148
2035,2018-10-24,2656.1,-0.0313508320071189,78.79842893353315,1.86,1227405.0,659025.0,1886430.0,25.23,24583.42,7108.4,3.124,6.65,1468.7,104.97,1988.599976,98.6,96.43,1231.1,66.56,-0.0244316253428635,-0.0452629656793526,-0.0386588340787099,-0.0225242825142588,0.0048859185507987,-0.0046193201795876,0.0010522360985891,-0.0083372827754519,-0.2560923940813229,-0.1020266140024475,0.0,1.155042962589489
2036,2018-10-25,2705.57,0.0184537294793321,82.64400330500843,1.42,1326761.0,935466.0,2262227.0,24.22,24984.55,7318.34,3.136,6.7,1500.4,105.3,2006.300049,98.6,96.68,1232.4,67.25,0.0161854018581539,0.0291063429701861,0.0213540834479157,0.0088613926320411,0.0025891993129896,0.0010554090689431,0.0103132219689952,0.0778384490118124,0.3502833308026982,0.1816635723457533,0.0,1.1858424692724328
2037,2018-10-26,2658.69,-0.0174790907052599,88.68659827019047,2.21,1638137.0,740093.0,2378230.0,24.16,24688.31,7167.21,3.077,6.77,1483.82,105.44,1981.900024,98.6,96.36,1235.8,67.58,-0.0119277815778051,-0.0208670687541161,-0.0111118956376339,-0.0122362614693285,-0.0033153780886117,0.0027550459043661,0.0048950628041959,0.2108189868890093,-0.2342689468753498,0.0500067871960805,0.0,1.1867539847921018
2038,2018-10-29,2641.25,-0.006581230333774,95.1438935989855,1.81,1213345.0,671916.0,1885261.0,24.7,24442.92,7050.29,3.087,6.77,1477.31,104.99,1975.699951,98.6,96.58,1227.6,67.0,-0.0099892488145965,-0.0164477068153239,-0.0043969771596454,-0.0031332515218709,0.0022805026987251,-0.0066574898812978,-0.0086194618951784,-0.3001786121980778,-0.096642521267368,-0.2322902406707143,0.0,1.2257868854506753
2039,2018-10-30,2682.63,0.0155453666556892,97.77995648206728,1.66,1217530.0,733579.0,1951109.0,23.35,24874.64,7161.65,3.11,6.83,1506.64,105.1,1997.199951,98.6,97.01,1225.3,66.18,0.0175082071430363,0.015671650621174,0.0196591394760385,0.0108234339740835,0.0044423855277964,-0.0018753317901802,-0.0123143168974992,0.0034432080091875,0.0878019618683279,0.0343316560120889,0.0,1.2484262709833045
2040,2018-10-31,2711.74,0.0107928386719988,98.4643082361152,1.33,1048745.0,785929.0,1834674.0,21.23,25115.76,7305.9,3.159,6.82,1511.41,104.66,2022.0,98.6,97.13,1215.0,65.31,0.0096467269663556,0.0199418395480677,0.0031609840604023,0.0123409454883107,0.0012362214410472,-0.0084416351807519,-0.0132331385789008,-0.1492300051206534,0.0689311629820057,-0.0615311198176424,0.0,1.2569560690711818
2041,2018-11-01,2740.37,0.0105024525039052,96.97063471183849,1.43,766330.0,537508.0,1303838.0,19.34,25380.74,7434.06,3.144,6.81,1544.98,104.7,2040.900024,97.5,96.28,1238.6,63.67,0.0104950811331026,0.0173899019683272,0.021967975317346,0.0093037781982259,-0.0087896744993685,0.019237632729312,-0.0254316698856316,-0.3137366038212548,-0.3799228139483439,-0.3415545863899147,-0.0112188836047879,1.2587236275806355
2042,2018-11-02,2723.06,-0.0063366998101068,95.51566863087514,1.34,856235.0,636990.0,1493225.0,19.51,25270.83,7356.99,3.214,6.78,1547.98,104.58,2036.699951,97.5,96.54,1233.3,63.12,-0.0043398525457991,-0.0104212611680001,0.0019398899053291,-0.0020600718614582,0.0026968173174761,-0.0042882059320179,-0.0086758174913148,0.11093198480647,0.1698103132498243,0.1356259878263834,0.0,1.2668093123753725
2043,2018-11-05,2738.31,0.0055846938170285,93.6281479828204,1.63,811866.0,499118.0,1310984.0,19.96,25461.7,7328.85,3.201,6.77,1547.51,104.83,2040.699951,97.5,96.28,1232.3,63.12,0.0075245961744947,-0.0038322676046185,-0.0003036675961558,0.0019620353064864,-0.0026968173174761,-0.0008111616278654,0.0,-0.0532095692617407,-0.2439114161197206,-0.1301602102014527,0.0,1.2758470554390255
2044,2018-11-06,2755.45,0.0062398268627488,91.18192730339702,1.29,666501.0,516499.0,1183000.0,19.91,25635.01,7375.96,3.214,6.75,1556.1,104.7,2050.699951,97.5,96.32,1226.3,62.16,0.0067836330209836,0.0064074491512045,0.0055355034520507,0.0048883121437723,0.0004153686456396,-0.0048808361760972,-0.0153259704782273,-0.1972936619203427,0.0342308117073066,-0.1027244152867332,0.0,1.342649107388859
2045,2018-11-07,2813.89,0.0209870990157892,88.7262546280708,1.44,1259483.0,877256.0,2136739.0,16.36,26180.3,7570.75,3.213,6.68,1582.16,104.95,2084.5,97.5,96.0,1228.7,61.69,0.0210482242179459,0.0260660745928547,0.016608310988305,0.0163478439534081,-0.0033277900926744,0.0019551941055455,-0.0075898628378441,0.6364149582892313,0.5297255015459665,0.5912272500493412,0.0,1.3410230450043144
2046,2018-11-08,2806.83,-0.0025121349979597,85.61555046998966,1.52,782174.0,513240.0,1295414.0,16.72,26191.22,7530.88,3.234,6.67,1578.21,104.56,2082.5,97.5,96.72,1225.1,60.71,0.0004170205546163,-0.0052802369855768,-0.002499708614378,-0.0009599232798533,0.0074720148387008,-0.0029342265734007,-0.0160134140792047,-0.4763793760936661,-0.5360552819685473,-0.5004504998647175,0.0,1.3487742945385495
2047,2018-11-09,2781.01,-0.0092415615930212,82.09089967962623,1.44,911437.0,632990.0,1544427.0,17.36,25989.3,7406.9,3.189,6.78,1549.49,104.61,2063.199951,97.5,96.91,1208.6,60.19,-0.0077393252450708,-0.0165999026558978,-0.0183654488871534,-0.0093109432233786,0.0019625064399217,-0.0135598083726673,-0.0086022035826633,0.1529452527013699,0.2097110522042626,0.1758226325917355,0.0,1.385128533620246
2048,2018-11-12,2726.22,-0.0198981367275923,77.99830884095921,1.41,885809.0,629948.0,1515757.0,20.45,25387.18,7200.87,3.186,6.78,1518.79,104.23,2028.599976,97.5,97.54,1203.5,59.85,-0.0234405926559482,-0.0282101461418911,-0.0200118793216441,-0.0169122637065433,0.0064798375354477,-0.004228686704331,-0.005664793555697,-0.0285211231451167,-0.0048173479346278,-0.0187379836377505,0.0,1.3847707221887327
2049,2018-11-13,2722.18,-0.0014830044565128,73.23038861775385,1.41,907955.0,644034.0,1551989.0,20.02,25286.49,7200.87,3.145,6.9,1514.8,104.1,2026.5,97.5,97.3,1201.4,55.63,-0.0039740611847438,0.0,-0.002630548162954,-0.0010357210427125,-0.0024635610899474,-0.0017464348070657,-0.0731188079167806,0.0246934661572666,0.0221142434453494,0.0236223499721841,0.0,1.386848179169999
2050,2018-11-14,2701.58,-0.0075962428487095,67.77871030460572,1.91,1073694.0,563222.0,1636916.0,21.25,25080.5,7136.39,3.12,6.96,1502.51,104.3,2015.099976,97.5,96.8,1210.1,56.16,-0.0081796092439159,-0.0089948058048996,-0.0081463740663814,-0.005641357037514,-0.0051519949094274,0.0072154573879457,0.0094821356303533,0.1676655003695444,-0.1340776531608885,0.0532766495872465,0.0,1.4028832125281747
2051,2018-11-15,2730.2,0.0105380795453537,62.44778089321355,1.42,1061706.0,745796.0,1807502.0,19.98,25289.27,7259.03,3.118,7.07,1524.12,103.87,2026.300049,97.5,96.93,1215.0,56.45,0.0082895433310277,0.0170391648441405,0.0142801513429704,0.0055426840224397,0.0013420742219851,0.0040410759706421,0.0051505308781161,-0.0112279909538717,0.2807782377812291,0.0991317978565717,0.0,1.4031699922459218
2052,2018-11-16,2736.27,0.0022208125151239,57.37017011432571,1.43,948055.0,664824.0,1612879.0,18.14,25413.22,7247.87,3.074,7.1,1527.53,104.025,2031.800049,97.5,96.47,1223.0,56.49,0.0048893159654621,-0.0015385784973389,0.0022348574831942,0.0027106297207017,-0.0047569893220549,0.0065627799125236,0.0007083407414993,-0.1132198098677434,-0.1149297603894989,-0.1139250007206627,0.0,1.4291808227794438
2053,2018-11-19,2690.73,-0.0167831468390931,52.32058367810952,1.47,870832.0,592235.0,1463067.0,20.1,25017.44,7028.48,3.057,7.15,1496.54,103.66,2009.599976,97.5,96.19,1225.3,57.16,-0.0156963294082093,-0.0307371663692244,-0.0204962748174697,-0.0109864384427869,-0.002906677017938,0.0018788552682282,0.0117907217244956,-0.0849634409464386,-0.1156188283967392,-0.097485863531876,0.0,1.4583176389455461
2054,2018-11-20,2641.89,-0.0183179621543088,48.70682293048305,1.25,1058543.0,845331.0,1903874.0,22.48,24465.64,6908.82,3.048,7.23,1469.01,102.82,1976.900024,97.5,96.84,1221.2,53.39,-0.0223034974393474,-0.0171716100353691,-0.0185670724673059,-0.0164057119890932,0.0067347299053341,-0.0033517300946774,-0.0682308905495716,0.1951996367703543,0.355824751056927,0.2633558404105027,0.0,1.3458465909032515
2055,2018-11-21,2649.93,0.0030386544464438,50.11578564355917,1.85,996592.0,538004.0,1534596.0,20.8,24464.69,6972.25,3.061,7.16,1488.28,103.29,1984.699951,97.5,96.71,1228.0,54.41,-3.883072115584696e-05,0.0091391285385906,0.0130323862312629,0.0039377711672319,-0.0013433223409862,0.0055528478463644,0.018924497985739,-0.0603072547513701,-0.4518622715544467,-0.215623603493217,0.0,1.3094128002463485
2056,2018-11-26,2673.45,0.0154130163667813,53.53301403102579,1.57,1148375.0,730560.0,1878935.0,18.9,24640.24,7081.85,3.072,7.19,1505.96,103.08,1999.199951,97.5,97.07,1222.4,51.46,0.0071500253797029,0.0155971882764216,0.011809477848228,0.0072793315015955,0.003715557995263,-0.0045706902948312,-0.0557431536442356,0.1417617200693399,0.3059453682630462,0.2024379727488252,0.0,1.2817072631405224
2057,2018-11-27,2682.17,0.0032563952280595,53.81845381053225,1.4,772566.0,550275.0,1322841.0,19.02,24748.73,7082.7,3.055,7.23,1492.86,102.36,2000.099976,97.5,97.37,1213.4,51.31,0.0043932956891996,0.000120017932236,-0.008736825370728,0.0004500912817855,0.0030857872665297,-0.0073898029040586,-0.0029191418997247,-0.3963857365760503,-0.2833932100732621,-0.3509234304598756,0.0,1.3499151218257057
2058,2018-11-28,2743.79,0.0227140079388847,51.3844553273854,1.18,950968.0,809169.0,1760137.0,18.49,25366.43,7291.59,3.044,7.14,1530.38,103.64,2029.800049,97.5,96.79,1223.6,50.06,0.024652471760012,0.0290664382944374,0.0248223273504111,0.0147401228623031,-0.005974471829667,0.0083709967685505,-0.0246633789502452,0.2077629711729294,0.3855896418501725,0.2856099504251475,0.0,1.2877132740946475
2059,2018-11-29,2737.76,-0.0022001085212544,48.67243394087553,1.18,771575.0,653760.0,1425335.0,18.79,25338.84,7273.08,3.035,7.11,1525.39,103.46,2034.900024,97.5,96.78,1230.4,51.46,-0.001088249908653,-0.0025417685351545,-0.0032659555107033,0.0025093992593072,-0.0001033217958248,0.0055419864746308,0.02758252084997,-0.2090465328891948,-0.2132674834890835,-0.2109847731185823,0.0,1.2980933674242314
2060,2018-11-30,2760.17,0.008152204233589,48.38247709875608,1.09,978527.0,896879.0,1875406.0,18.07,25538.46,7330.54,3.013,7.19,1533.27,103.69,2041.400024,97.5,97.27,1226.0,50.78,0.0078471547958045,0.0078693223355781,0.0051525945570842,0.0031891693117014,0.0050502555161759,-0.0035824822552221,-0.0133022305770658,0.2376144994111122,0.3161806472390971,0.2744182955046259,0.0,1.2869939284423821
2061,2018-12-03,2790.37,0.0108819314928281,49.36681244071232,1.46,915618.0,626448.0,1542066.0,16.44,25826.43,7441.51,2.992,7.08,1548.96,103.96,2066.600098,98.3,97.04,1239.6,52.98,0.0112128349595757,0.0150246022062621,0.0101810283635597,0.0122689334751022,-0.002367352245554,0.0110319094174364,0.0424119075673914,-0.0664491325854133,-0.3588551887750721,-0.1957020935341518,0.0081716491493191,1.4188815088766646
2062,2018-12-04,2700.06,-0.0329002085423448,48.92781811739531,1.57,1343879.0,855466.0,2199345.0,20.74,25027.07,7158.43,2.924,7.13,1480.75,103.66,2016.900024,98.3,96.97,1246.6,53.21,-0.0314403471104469,-0.0387831020557278,-0.0450350218146873,-0.0243431011585881,-0.0007216123193396,0.0056310984611567,0.0043318647643539,0.3837162401432543,0.3115805796087549,0.3550365129803818,0.0,1.4173758548157023
2063,2018-12-06,2695.95,-0.0015233481015792,48.825707751686345,1.77,1321158.0,745576.0,2066734.0,21.19,24947.67,7188.26,2.876,7.3,1477.41,103.97,1990.900024,98.3,96.81,1243.6,51.54,-0.0031776079999517,0.0041584564783789,-0.0022581614377203,-0.0129748812019494,-0.0016513575844747,-0.0024094461901515,-0.0318881433840587,-0.0170515835393931,-0.1374892756899282,-0.06219000526462,0.0,1.4746396140777316
2064,2018-12-07,2633.08,-0.0235963832385559,49.94070196828718,1.9,1383416.0,727325.0,2110741.0,23.23,24388.95,6969.25,2.85,7.25,1448.09,104.07,1965.199951,98.3,96.51,1252.6,52.76,-0.0226502701925355,-0.0309415246984272,-0.0200451080090831,-0.0129928134799568,-0.0031036648129356,0.0072109919067138,0.0233951226248949,0.0460471780784033,-0.0247836537313901,0.0210694871737793,0.0,1.3647540145927906
2065,2018-12-10,2637.72,0.0017606440003854,51.81671195471564,1.38,1310756.0,952035.0,2262791.0,22.64,24423.26,7020.52,2.856,7.32,1443.1,104.07,1952.800049,98.3,97.22,1249.4,51.07,0.0014057960354776,0.0073296744029569,-0.0034518692682388,-0.0063297311897185,0.0073298216982644,-0.0025579550318424,-0.0325560871895613,-0.0539517328331662,0.2692283785407241,0.0695599364346488,0.0,1.31794974800577
2066,2018-12-11,2636.78,-0.000356431893052,52.73029849424557,1.49,865877.0,582103.0,1447980.0,21.76,24370.24,7031.83,2.879,7.28,1440.13,104.14,1954.699951,98.3,97.39,1247.2,51.65,-0.0021732411434989,0.0016096955231166,-0.0020601901690016,0.0009724387202654,0.0017470843557987,-0.0017623973159031,0.0112929549060951,-0.4146164828317875,-0.4919543908033823,-0.4464295253923485,0.0,1.28443837172999
2067,2018-12-12,2651.07,0.005404856335625,52.31391447595923,1.51,1061216.0,704798.0,1766014.0,21.46,24527.27,7098.31,2.906,7.21,1455.32,104.33,1975.900024,98.3,97.04,1250.0,51.04,0.0064228440191946,0.009409742653494,0.010492420422703,0.0107872989949449,-0.0036002713373131,0.0022425125527796,-0.0118805565291131,0.2034278332786137,0.1912638289154333,0.198555547956726,0.0,1.2784997016078372
2068,2018-12-13,2650.54,-0.0001999392643989,53.23205721216657,1.36,740537.0,544910.0,1285447.0,20.65,24597.38,7070.33,2.911,7.2,1432.7,104.63,1974.400024,98.3,97.06,1247.4,52.69,0.0028543734195149,-0.003949572629688,-0.0156650317964066,-0.0007594360194751,0.0002060793412752,-0.0020821662043237,0.0318160451846596,-0.3597951007223283,-0.2572905935216454,-0.3176185118900374,0.0,1.2908798237260644
2069,2018-12-14,2599.95,-0.0192711787507278,56.88191614520196,1.7,1285705.0,757496.0,2043201.0,21.63,24100.51,6910.66,2.891,7.24,1410.81,104.65,1942.599976,98.3,97.44,1241.4,51.26,-0.0204069311028884,-0.0228420079487445,-0.0153967683856297,-0.0162372972530064,0.003907459984517,-0.0048216101124705,-0.0275149632852693,0.5516868863161299,0.3293976134296805,0.4634111779442378,0.0,1.3198848866085213
2070,2018-12-17,2545.94,-0.0209922805944016,63.53172384210823,1.82,1389444.0,762469.0,2151913.0,24.52,23592.98,6753.73,2.857,7.32,1378.14,104.79,1914.300049,98.3,97.1,1251.8,49.8,-0.0212837919432775,-0.0229702021126545,-0.0234292435839789,-0.0146752234744198,-0.0034954286643076,0.0083427405110487,-0.0288957369053175,0.0775964610886585,0.0065435950758665,0.0518395182486646,0.0,1.2991695382370558
2071,2018-12-18,2546.16,8.640835809892167e-05,69.23552797769372,1.61,1237985.0,766691.0,2004676.0,25.58,23675.64,6783.91,2.825,7.42,1377.18,103.61,1908.199951,98.3,97.1,1253.6,46.12,0.0034974612865656,0.0044586870381984,-0.0006968337897932,-0.0031916825001383,0.0,0.0014368965512101,-0.0767682886297489,-0.1154186092489002,0.0055219999584945,-0.0708747622825143,0.0,1.3191132625586544
2072,2018-12-19,2506.96,-0.01551547811321,76.59261931658578,1.89,1723252.0,909543.0,2632795.0,25.58,23323.66,6636.83,2.778,7.51,1349.23,103.47,1892.699951,98.3,97.03,1256.4,47.96,-0.0149783754475318,-0.0219191920386432,-0.0205038708008782,-0.008156008483164,-0.000721166260071,0.0022310766226807,0.0391206347584551,0.3307281455082975,0.1708584236892569,0.2725635678358653,0.0,1.3305827922321285
2073,2018-12-20,2467.42,-0.0158977934030968,85.16265610876476,2.04,1973115.0,966684.0,2939799.0,28.38,22859.6,6528.41,2.789,7.81,1326.0,103.28,1862.800049,98.3,96.28,1267.9,45.64,-0.0200971355933816,-0.0164710177914066,-0.0173671675932389,-0.0159235967432218,-0.0077595961223373,0.0091114998694106,-0.0495828051654387,0.1354003088339883,0.0609293826150327,0.110295192140116,0.0,1.3536000365188003
2074,2018-12-21,2416.62,-0.020803200653483,93.52589789707434,2.06,1730160.0,841424.0,2571584.0,30.11,22445.37,6332.99,2.792,7.91,1292.09,102.95,1835.0,98.3,96.96,1258.1,45.38,-0.0182868035623027,-0.0303909435595457,-0.0259058293866427,-0.0150362769240395,0.007037909406133,-0.0077593421768176,-0.005713045642179,-0.131399622432351,-0.1387759635418,-0.1338191602078939,0.0,1.353133705797621
2075,2018-12-26,2467.7,0.0484032389941093,107.48483522860823,1.77,1485004.0,840229.0,2325233.0,30.41,22878.45,6554.36,2.797,8.05,1329.81,103.05,1850.699951,98.3,97.05,1273.0,46.04,0.0191110626230734,0.0343579985536166,0.0287750125087233,0.0085194379185633,0.0009277872940156,0.0117736732003219,0.014439104501986,-0.1527964239285673,-0.0014212209072219,-0.1007018023867125,0.0,1.3730750915300651
2076,2018-12-27,2488.83,0.0085261777916683,109.4517147625656,1.25,1108632.0,889621.0,1998253.0,29.96,23138.82,6579.49,2.743,8.0,1331.82,103.48,1862.400024,98.3,96.48,1281.1,44.48,0.0113163070538515,0.0038267576783841,0.0015103529657354,0.0063020720164832,-0.0058905766361441,0.0063427643049811,-0.0344709339113551,-0.2922906430313219,0.0571210556016481,-0.1515469502353763,0.0,1.370185610037419
2077,2018-12-28,2485.74,-0.0012423185913208,111.05862044762895,1.28,1029718.0,806581.0,1836299.0,28.34,23062.4,6584.52,2.736,7.91,1337.92,103.55,1870.800049,98.3,96.4,1283.0,45.15,-0.0033081407674391,0.0007642048653568,0.0045697413345759,0.0045001816200169,-0.0008295313623758,0.0014820017532484,0.0149506299206678,-0.0738418444749697,-0.0979912028367344,-0.0845211658669917,0.0,1.3566725804644022
2078,2019-01-02,2510.03,0.0012677203464646,111.33938354174084,1.57,1166433.0,742831.0,1909264.0,23.22,23346.24,6665.94,2.661,7.89,1355.91,103.91,1881.199951,91.2,96.82,1284.1,46.31,0.0122323575632865,0.012289539345021,0.0133566464480274,0.0055436719799546,0.0043473828950482,0.0008569982215913,0.0253676406296659,0.1246653957056729,-0.0823357639088229,0.0389656945122229,-0.0749691300728345,1.4149942246042793
2079,2019-01-03,2447.89,-0.0250682762635356,112.32048924602547,1.75,966551.0,551831.0,1518382.0,25.45,22686.22,6463.5,2.554,7.86,1330.83,104.35,1853.199951,91.2,96.31,1294.8,46.92,-0.0286782516105823,-0.0308400122030843,-0.0186700078946122,-0.0149959969219466,-0.0052814289387752,0.0082981592148616,0.0130861032926143,-0.1879715880604564,-0.2972267226068066,-0.2290725332622578,0.0,1.5710267004027696
2080,2019-01-04,2531.94,0.0337593783187291,111.55375526833066,1.43,1105177.0,775459.0,1880636.0,21.38,23433.16,6738.86,2.659,7.58,1380.75,105.14,1904.199951,91.2,96.18,1285.8,47.76,0.0323944215499079,0.041719804410782,0.0368240220596813,0.0271480990172579,-0.0013507197232556,-0.0069751503445028,0.0177444452990718,0.1340267171449323,0.3402132721218311,0.2139647232848869,0.0,1.562428756962224
2081,2019-01-07,2549.69,0.0069859758341248,111.43077538531448,1.62,756053.0,465318.0,1221371.0,21.4,23531.35,6823.47,2.682,7.4,1405.37,105.59,1919.800049,91.2,95.67,1289.9,48.27,0.0041814614085335,0.0124773689630437,0.0176737835130191,0.008159092333928,-0.005316666159441,0.0031836032635039,0.010621780588055,-0.3796493025773824,-0.5107340692803692,-0.4316360192248094,0.0,1.5755564155749664
2082,2019-01-08,2574.41,0.0096485984958665,110.880501980845,1.59,897810.0,566393.0,1464203.0,20.47,23787.45,6897.0,2.716,7.26,1426.55,105.51,1935.800049,91.2,95.9,1285.9,49.58,0.0108245560166295,0.0107183943334625,0.0149583285686674,0.0082996635745926,0.0024012121993166,-0.0031058336946969,0.0267772769346428,0.1718469850816202,0.1965671407241735,0.1813370688491637,0.0,1.5540380522825565
2083,2019-01-09,2584.96,0.0040896523041702,110.55242318125975,1.39,792543.0,570474.0,1363017.0,19.98,23879.12,6957.08,2.728,7.13,1438.81,105.7,1951.0,91.2,95.22,1292.0,52.19,0.0038463062483558,0.0086733116356647,0.008557441170641,0.0078213585955904,-0.0071159781230196,0.0047325430661535,0.051303379048277,-0.1247117016693941,0.0071794106596794,-0.0716104420049532,0.0,1.5236845477402607
2084,2019-01-10,2596.64,0.0045082676325787,109.33612623405436,1.62,850812.0,525459.0,1376271.0,19.5,24001.92,6986.07,2.731,7.15,1445.43,105.51,1957.699951,91.2,95.54,1287.4,52.42,0.005129390223999,0.0041583202897008,0.0045904721000713,0.0034282281300148,0.0033550041954431,-0.003566724724032,0.0043972922399384,0.0709444246444057,-0.0821954278649883,0.0096770426701482,0.0,1.5222655590985066
2085,2019-01-11,2596.26,-0.0001463536754711,107.77048844110634,1.74,1042203.0,598834.0,1641037.0,18.19,23995.95,6971.48,2.701,7.13,1447.38,105.52,1957.199951,91.2,95.67,1289.5,51.44,-0.0002487610400532,-0.0020906255487602,0.0013481703225268,-0.0002554343739227,0.0013597617282599,0.0016298657028839,-0.0188721179658961,0.2029008333981945,0.1307122648198895,0.1759506912871451,0.0,1.5138731239714642
2086,2019-01-14,2582.61,-0.0052714324201366,103.2684108991676,1.56,604569.0,387326.0,991895.0,19.07,23909.84,6905.92,2.71,7.16,1432.81,105.4,1948.199951,91.2,95.61,1291.3,50.31,-0.0035949764209881,-0.0094485260547969,-0.0101174743929259,-0.0046090111937697,-0.0006273525927209,0.0013949165312068,-0.0222122154261366,-0.5445762135356453,-0.4357177154704956,-0.5034663831546915,0.0,1.5272515682422816
2087,2019-01-15,2610.3,0.0106646417681242,98.87130439428766,1.55,906510.0,584332.0,1490842.0,18.6,24065.59,7023.83,2.711,7.12,1445.22,105.76,1963.599976,91.2,96.04,1288.4,51.8,0.0064929297007694,0.016929638535478,0.0086240080294608,0.0078736667760157,0.0044873542556977,-0.0022483243955617,0.0291862847622099,0.4050862541121418,0.4112025987577343,0.4074790850928735,0.0,1.4614768312840052
2088,2019-01-16,2616.1,0.0022195019060893,92.65941228583688,1.82,1038265.0,570177.0,1608442.0,19.04,24207.16,7034.69,2.731,7.03,1454.7,105.85,1966.5,91.2,96.06,1293.8,52.08,0.0058654377831555,0.001544970901655,0.006538134686659,0.0014758019104155,0.0002082248836252,0.0041824861528407,0.0053908486348763,0.1357042682202678,-0.0245224755068296,0.0759249475880317,0.0,1.4707266556896752
2089,2019-01-17,2635.96,0.0075627828542579,83.61273481613097,1.29,718279.0,557944.0,1276223.0,18.06,24370.1,7084.46,2.749,7.01,1467.25,106.21,1975.599976,91.2,96.06,1292.3,51.83,0.0067085138635238,0.0070500286692372,0.0085902066590275,0.0046168246463969,0.0,-0.0011600480787388,-0.0048118656986986,-0.3684482568359382,-0.021688240018939,-0.2313610740640062,0.0,1.4844403393435546
2090,2019-01-18,2670.71,0.013096912647037,82.08536454376765,1.37,1169947.0,856156.0,2026103.0,17.8,24706.35,7157.23,2.784,6.93,1482.5,106.72,2000.800049,91.2,96.34,1282.6,53.6,0.0137033245789606,0.0102193817327531,0.010339951433437,0.0126749875353517,0.0029106049653968,-0.0075343088163837,0.0335799358751414,0.4878556546624732,0.4281940036060323,0.462209309082759,0.0,1.4799019912872546
2091,2019-01-23,2638.7,0.0022004713333094,79.4293476524273,1.9,674880.0,354380.0,1029260.0,19.52,24575.62,7025.77,2.755,7.01,1454.26,107.28,1980.199951,91.2,96.12,1284.0,52.44,-0.0053054010073481,-0.0185382168559282,-0.0192326717078845,-0.0103493001101746,-0.0022861903338062,0.0010909375351442,-0.0218794091812575,-0.5501788303300561,-0.8820828187982368,-0.6772741461928717,0.0,1.3628332434903605
2092,2019-01-24,2642.33,0.0013747320396557,79.59328641536422,1.84,520523.0,283621.0,804144.0,18.89,24553.24,7073.46,2.712,7.03,1464.41,107.8,1983.199951,91.2,96.6,1279.8,52.94,-0.0009110735135333,0.0067649342375375,0.0069552507940873,0.0015138520699986,0.0049813303502039,-0.0032763895445464,0.0094895379034563,-0.25970082193116,-0.2227309438584992,-0.2468170187960154,0.0,1.3727940290388447
2093,2019-01-25,2664.76,0.0084528936024961,80.70320152095282,1.23,661276.0,536833.0,1198109.0,17.42,24737.2,7164.86,2.753,6.96,1482.85,107.7,2001.900024,91.2,95.79,1298.1,53.53,0.0074643624255053,0.01283876966977,0.0125134807391971,0.0093850645528439,-0.0084204458236722,0.0141978411935888,0.0110830476063346,0.239337226510969,0.6380482193063486,0.3987214018921854,0.0,1.3109851142761402
2094,2019-01-28,2643.85,-0.0078778091211164,80.42958161186877,1.64,676850.0,413741.0,1090591.0,18.87,24528.22,7085.68,2.744,7.03,1473.54,107.21,1989.199951,91.2,95.75,1303.1,51.79,-0.0084838920877121,-0.011112675707281,-0.0062982426375599,-0.0063642183587164,-0.0004176673340445,0.0038443842519111,-0.0330451639694899,0.0232783807615764,-0.2604468849889461,-0.0940247293917231,0.0,1.3109956615842049
2095,2019-01-29,2640.0,-0.001457270997978,80.03706346097205,1.81,431359.0,238176.0,669535.0,19.13,24579.96,7028.29,2.712,6.98,1471.45,107.3,1989.599976,91.2,95.82,1308.9,53.07,0.002107185366869,-0.00813241296329,-0.0014193598965519,0.0002010782189039,0.0007308033942203,0.0044410486468136,0.0244147164040038,-0.450508992599854,-0.5522302780113275,-0.4878915885356907,0.0,1.340859224050572
2096,2019-01-30,2681.05,0.0154295916792461,82.80894321799377,1.29,693251.0,539373.0,1232624.0,17.66,25014.86,7183.08,2.695,6.91,1486.94,108.06,2011.0,91.2,95.34,1315.5,54.18,0.0175385714852271,0.0217848274475187,0.0104720077855384,0.0106985093461835,-0.0050219816782961,0.0050297316826739,0.0207000398171453,0.4744514369439727,0.8173974576579539,0.6103170677913603,0.0,1.346009048654882
2097,2019-01-31,2704.1,0.0085606309079411,86.74830795717322,1.29,801481.0,621764.0,1423245.0,16.57,24999.67,7281.74,2.635,6.86,1499.42,108.88,2028.5,91.2,95.58,1325.2,53.84,-0.0006074235014121,0.0136415842006165,0.0083580497000959,0.0086644928738497,0.0025141433733324,0.0073465699453931,-0.0062951513204767,0.145069139240622,0.1421532456834171,0.143794245363356,0.0,1.3458917196300801
2098,2019-02-01,2706.53,0.0008982318744328,90.32435417297938,1.87,1010246.0,540647.0,1550893.0,16.14,25063.89,7263.87,2.691,6.85,1502.05,108.59,2029.599976,93.8,95.58,1322.1,55.29,0.0025655400944177,-0.0024570999759525,0.0017524750692814,0.0005421138135801,0.0,-0.0023420099096895,0.026575375013369,0.231487878318223,-0.1397940290190717,0.0858914183081616,0.0281099589318927,1.2961307465354721
2099,2019-02-04,2724.87,0.0067533489353568,93.63446028190128,1.52,559798.0,367489.0,927287.0,15.73,25239.37,7347.54,2.724,6.83,1517.54,108.22,2037.800049,93.8,95.85,1319.3,54.57,0.0069769121056513,0.0114528186616205,0.0102597610115005,0.0040321011256416,0.0028208763416408,-0.0021200886263201,-0.0131077791517006,-0.590373140164326,-0.3860731842676674,-0.5143230545345379,0.0,1.225721181153231
2100,2019-02-05,2737.7,0.0046974312794425,95.50955675890668,1.48,660039.0,447280.0,1107319.0,15.57,25411.52,7402.08,2.702,6.72,1520.22,108.94,2051.399902,93.8,96.07,1319.2,53.69,0.0067975375307511,0.007395478470622,0.0017644584794762,0.006651620515333,0.0022926229299935,-7.580064434176137e-05,-0.0162575167636624,0.1647229198133306,0.1964914104862583,0.1774339388993269,0.0,1.228011729522987
2101,2019-02-06,2731.61,-0.0022269728784429,93.30371171723928,1.72,770362.0,447716.0,1218078.0,15.38,25390.3,7375.28,2.702,6.69,1518.02,108.38,2047.099976,93.8,96.39,1314.4,53.94,-0.0008354031896544,-0.0036271741884341,-0.0014482071097123,-0.002098293378383,0.0033253693742301,-0.0036452045223311,0.0046455532771059,0.154561610057673,0.0009743061074924,0.0953324282165493,0.0,1.2024879052479363
2102,2019-02-07,2706.05,-0.0094011719208095,82.75347382426692,1.62,828900.0,513148.0,1342048.0,16.37,25169.53,7288.35,2.652,6.8,1505.63,108.18,2026.900024,93.8,96.51,1314.2,52.68,-0.0087330753728043,-0.0118566846530629,-0.0081954388556937,-0.0099166016380127,0.0012441681231676,-0.0001521722592903,-0.0236364408365035,0.0732389863560438,0.1364051997623878,0.0969225987748885,0.0,1.1521815578726484
2103,2019-02-08,2707.88,0.0006760338865472,80.04891951488632,2.26,834624.0,370096.0,1204720.0,15.72,25106.33,7298.2,2.632,6.82,1506.39,107.7,2020.5,93.8,96.64,1318.5,52.75,-0.002514130371507,0.0013505594533604,0.0005046447341836,-0.0031625385661326,0.0013461042674602,0.0032666113295736,0.0013278954810953,0.0068818034369559,-0.3268018711443243,-0.1079496306245975,0.0,1.0756610257449757
2104,2019-02-12,2744.73,0.0128078780378357,76.13474948522952,1.43,617626.0,432791.0,1050417.0,15.43,25425.76,7414.62,2.684,6.71,1538.23,107.85,2045.099976,93.8,96.71,1314.0,53.14,0.012642827748678,0.0158259843981749,0.0209163447704909,0.0121016707829531,0.0007240755423669,-0.0034188067487859,0.0073661679754915,-0.3010982277643883,0.1564925010477118,-0.1370599466102042,0.0,1.0277110569104462
2105,2019-02-13,2753.03,0.0030194138361174,75.17689233566047,2.0,988510.0,494137.0,1482647.0,15.65,25543.27,7420.38,2.708,6.7,1542.94,107.86,2052.800049,93.8,97.13,1315.1,53.84,0.0046110435378245,0.0007765420005991,0.0030572825703796,0.0037580624297266,0.0043334776853676,0.0008367883033635,0.0130867450048048,0.470315662627339,0.1325578741832043,0.344641775617486,0.0,1.0298246406659917
2106,2019-02-14,2745.73,-0.0026551456286965,73.13524314257265,1.42,764561.0,539908.0,1304469.0,16.22,25439.39,7426.95,2.657,6.69,1545.11,108.14,2047.599976,93.8,96.98,1313.9,54.4,-0.0040751166674137,0.0008850076651931,0.0014054178897238,-0.0025363748688187,-0.0015455157370336,-0.0009128947001428,0.0103474685254245,-0.2568969459984966,0.0885859479984088,-0.1280329423856407,0.0,1.0350292541343427
2107,2019-02-15,2775.6,0.0108199623678064,65.96113834976322,1.35,724357.0,535097.0,1259454.0,14.91,25883.25,7472.41,2.666,6.65,1569.25,108.23,2066.600098,93.8,96.9,1322.1,55.58,0.0172972811493643,0.006102294470347,0.0155026929892079,0.0092364283387489,-0.0008252527804852,0.0062215678682751,0.0214592704524609,-0.0540174481213817,-0.0089507158004327,-0.0351177677040368,0.0,1.0287400387623338
2108,2019-02-20,2784.7,0.0017755546082875,63.90079723644937,1.41,538335.0,382660.0,920995.0,14.02,25954.44,7489.07,2.654,6.59,1581.66,108.17,2083.600098,93.8,96.45,1347.9,56.9,0.0027466518957677,0.0022270533243791,0.0078771302062756,0.0081924217038764,-0.0046547795449827,0.0193264442281728,0.0234719168179271,-0.2968033218184214,-0.3353011724159813,-0.3129789653372476,0.0,0.8913782834284931
2109,2019-02-21,2774.88,-0.0035326446287138,63.23193847780252,1.62,722711.0,446819.0,1169530.0,14.46,25850.63,7459.71,2.688,6.59,1575.55,108.1,2077.399902,93.8,96.61,1327.8,56.95,-0.0040077212113871,-0.0039280848004583,-0.0038705107533232,-0.0029801492856575,0.0016575161776808,-0.0150243884591647,0.0008783487609065,0.294528375914167,0.1550067244535604,0.2389026303243344,0.0,0.6889287452151839
2110,2019-02-22,2792.67,0.0063906244381746,63.369584158483406,1.82,749419.0,412075.0,1161494.0,13.51,26031.81,7527.54,2.655,6.56,1590.06,108.77,2087.0,93.8,96.51,1332.8,57.01,0.0069842797099983,0.0090517557434353,0.0091673337007609,0.0046105634578434,-0.001035625610374,0.0037585551275185,0.0010530011502991,0.0362888207811611,-0.0809482192929973,-0.0068948512200979,0.0,0.6862564909008326
2111,2019-02-25,2796.11,0.0012310380564022,63.58523434814611,2.03,773569.0,380585.0,1154154.0,14.85,26091.95,7554.46,2.673,6.53,1588.81,108.59,2091.800049,93.8,96.41,1329.5,55.32,0.002307585895064,0.0035698221175177,-0.0007864430218456,0.0022973346677686,-0.0010366992427552,-0.0024790607295033,-0.030092184246933,0.0317166312929177,-0.0794958289876177,-0.0063394994251382,0.0,0.6781765246768551
2112,2019-02-26,2793.9,-0.0007906963011299,62.94715999349365,1.8,692160.0,384302.0,1076462.0,15.17,26057.98,7549.3,2.636,6.5,1577.48,108.91,2091.699951,93.8,96.0,1328.5,55.4,-0.0013027823739975,-0.0006832735955484,-0.0071566712829422,-4.7853711016898615e-05,-0.0042617392084531,-0.0007524454832061,0.0014450869566804,-0.1111977281826401,0.0097191591949545,-0.0696878704386243,0.0,0.6802947074150275
2113,2019-02-27,2792.38,-0.00054419042279,60.56970077184798,2.02,592151.0,293641.0,885792.0,14.7,25985.16,7554.51,2.693,6.48,1581.05,108.94,2092.100098,93.8,96.15,1321.2,56.92,-0.0027984494218848,0.0006898921804019,0.0022605462162754,0.000191283998534,0.0015612805669524,-0.0055100716832336,0.0270671794684131,-0.1560554728373215,-0.269070769057393,-0.1949528565351403,0.0,0.6863340822048786
2114,2019-02-28,2784.49,-0.00282954605869,58.88034087920071,1.82,725962.0,398079.0,1124041.0,14.7,25916.0,7532.53,2.711,6.49,1575.55,108.87,2085.800049,93.8,96.16,1316.1,57.21,-0.0026650672522379,-0.0029137611553817,-0.0034847656122485,-0.0030158948531893,0.0001039987521087,-0.0038675966763568,0.0050819350587865,0.2037360019297587,0.3042925452823635,0.238203346592444,0.0,0.6895231341553124
2115,2019-03-01,2803.69,0.0068716739803607,57.73460991213104,1.94,799903.0,412851.0,1212754.0,13.57,26026.32,7595.35,2.755,6.48,1589.64,108.04,2096.399902,98.4,96.53,1299.2,55.76,0.0042477950881778,0.0083052431794161,0.0089031578335765,0.0050690430019093,0.0038403700736262,-0.0129241274328641,-0.0256719418281692,0.0969927984594214,0.036436274998012,0.0759635787522015,0.0478759480460286,0.6845607645821675
2116,2019-03-04,2792.81,-0.0038881492742657,56.63957413454512,1.93,932500.0,484236.0,1416736.0,14.63,25819.65,7577.57,2.722,6.49,1575.44,107.98,2090.399902,98.4,96.68,1287.5,56.6,-0.0079725037326898,-0.0023436501528184,-0.0089729771602291,-0.002866152855784,0.0015527149747587,-0.0090463368695221,0.0149522187568686,0.1533786812014188,0.1594856381348162,0.1554618278203428,0.0,0.6703315256383455
2117,2019-03-05,2789.65,-0.0011321175028617,56.61207507342915,1.88,612075.0,326279.0,938354.0,14.74,25806.63,7576.36,2.722,6.51,1568.28,108.03,2087.5,98.4,96.87,1284.7,56.55,-0.0005043942843077,-0.0001596945482216,-0.0045551209269962,-0.0013882106004121,0.0019633176030113,-0.0021771255003271,-0.0008837826470076,-0.4210143274945537,-0.3948195476071454,-0.4119836366993201,0.0,0.6891632716660103
2118,2019-03-06,2771.45,-0.0065454909924973,53.783832494511415,1.7,687229.0,404557.0,1091786.0,15.74,25673.46,7505.92,2.692,6.55,1536.82,107.94,2078.699951,98.4,96.87,1287.6,56.22,-0.0051736621689748,-0.009340830718342,-0.0202641309721007,-0.0042245029959904,0.0,0.002254792387089,-0.0058526370837439,0.1158127459890518,0.2150397977051099,0.1514428898741915,0.0,0.7043530227460224
2119,2019-03-07,2748.93,-0.0081589038889609,50.4898025027145,1.6,863033.0,540517.0,1403550.0,16.59,25473.23,7421.46,2.636,6.61,1523.63,107.69,2061.399902,98.4,97.67,1286.1,56.6,-0.0078296766772041,-0.0113162391937269,-0.0086197008068413,-0.008357358666835,0.0082245760210923,-0.0011656371526127,0.0067364197307515,0.2277853590420804,0.2897334476630551,0.2511898539859167,0.0,0.6708896032335044
2120,2019-03-08,2743.07,-0.0021340139198384,46.93756931621815,1.64,961429.0,585696.0,1547125.0,16.05,25450.24,7408.14,2.625,6.68,1521.88,107.99,2051.100098,98.4,97.31,1299.3,55.77,-0.000902923605242,-0.0017964076687242,-0.0011492329315005,-0.0050090336950878,-0.0036926906254883,0.0102112746166502,-0.0147728948076748,0.1079677902940421,0.0802747946939774,0.0973936284701562,0.0,0.6706542544203679
2121,2019-03-11,2783.3,0.0145595429409954,44.96833020427486,1.58,743601.0,471790.0,1215391.0,14.33,25650.88,7558.06,2.643,6.64,1548.88,108.39,2074.699951,98.4,97.22,1291.1,56.79,0.007852705813006,0.020035147850459,0.0175856763944075,0.0114402589141242,-0.0009253072165886,-0.0063310897080182,0.0181241634878785,-0.2569161186931694,-0.2162669123103917,-0.2413325341559069,0.0,0.6709272413341512
2122,2019-03-12,2791.52,0.0029489762744177,41.07173241189911,1.54,653129.0,423265.0,1076394.0,13.77,25554.66,7591.03,2.605,6.56,1549.84,108.73,2083.399902,98.4,96.94,1298.1,56.89,-0.0037581915257973,0.0043527435714167,0.0006196106977807,0.0041845862306315,-0.0028842212000794,0.0054070887182762,0.0017593248732152,-0.1297299411190859,-0.1085355108946455,-0.1214492700030742,0.0,0.6662512766992675
2123,2019-03-13,2810.92,0.0069255815470476,36.44031099460484,1.72,1028993.0,599361.0,1628354.0,13.41,25702.89,7643.41,2.611,6.48,1555.88,108.76,2095.699951,98.4,96.55,1309.3,58.27,0.0057837494461825,0.0068765516037903,0.0038896021630607,0.0058864755328356,-0.0040312215427062,0.0085909863347586,0.023967802392427,0.4545612735534856,0.3478656272681597,0.4139531229410487,0.0,0.6431806512233925
2124,2019-03-14,2808.48,-0.0008684201706037,34.44136013280026,1.61,704976.0,437844.0,1142820.0,13.5,25709.94,7630.91,2.63,6.45,1549.63,108.6,2096.300049,98.4,96.78,1295.1,58.59,0.0002742506119268,-0.0016367344393106,-0.0040251092015681,0.0002863062996656,0.0023793524906494,-0.0109047310041656,0.0054766524017138,-0.3781721734102046,-0.3140014051493889,-0.3540707965637306,0.0,0.6418721727455707
2125,2019-03-15,2822.48,0.0049725193739353,34.23995497606116,1.71,935904.0,548305.0,1484209.0,12.88,25848.87,7688.53,2.593,6.42,1553.54,109.04,2108.800049,98.4,96.59,1302.9,58.51,0.005389198713102,0.0075225036576735,0.0025200050717044,0.0059451791997977,-0.0019651451739681,0.0060046369793438,-0.001366353756552,0.283349147435354,0.2249690189125246,0.2613830783119173,0.0,0.591718564747141
2126,2019-03-18,2832.94,0.0036991105620369,34.32525011559652,1.44,694181.0,482539.0,1176720.0,13.1,25914.1,7714.48,2.602,6.43,1563.93,109.14,2118.0,98.4,96.52,1301.5,59.09,0.0025203358512442,0.00336947447955,0.0066656862584952,0.0043531586172003,-0.0007249754343732,-0.0010751037742657,0.0098640255574382,-0.2987801736959525,-0.1277699549357152,-0.2321510633793533,0.0,0.5787415065819006
2127,2019-03-19,2832.57,-0.0001306148962845,34.94225417074121,1.9,879918.0,464286.0,1344204.0,13.56,25887.38,7723.95,2.614,6.4,1554.98,109.22,2121.5,98.4,96.38,1306.5,59.12,-0.00103163084799,0.0012268088384299,-0.0057392002760954,0.0016511384810273,-0.0014515295446448,0.0038343605260475,0.0005075712823634,0.2370959878933565,-0.0385610048751985,0.1330711092680072,0.0,0.584490630745805
2128,2019-03-20,2824.23,-0.0029486656918287,35.34653840833883,1.57,739639.0,472454.0,1212093.0,13.91,25745.67,7728.97,2.535,6.38,1543.16,110.19,2112.100098,98.4,95.76,1301.7,60.12,-0.005489133638898,0.0006497154164524,-0.0076304217045901,-0.0044406260529656,-0.0064536499624683,-0.0036807034882526,0.0167732882448268,-0.1736664919835888,0.0174396460442896,-0.1034533989203687,0.0,0.6018135457795479
2129,2019-03-21,2854.88,0.0107940496272238,36.93955031003053,1.49,560740.0,377114.0,937854.0,13.63,25962.51,7838.96,2.537,6.33,1562.41,110.16,2127.899902,98.4,96.5,1307.3,59.98,0.0083871167428313,0.0141305658700101,0.012397238861916,0.0074527722319404,0.007697947095222,0.0042928390953997,-0.0023313915639109,-0.2769048893465111,-0.2253928586910856,-0.2565096097870984,0.0,0.7056326794206494
2130,2019-03-22,2800.71,-0.019156854235053,34.190575579924584,1.72,946061.0,549845.0,1495906.0,16.48,25502.32,7642.67,2.455,6.37,1505.92,109.43,2094.800049,98.4,96.65,1312.3,58.87,-0.0178841459550049,-0.0253591539363444,-0.0368254938526702,-0.0156774250247675,0.0015531973093994,0.0038173813344259,-0.0186795502806926,0.5230497090203254,0.3770888913203922,0.466893035764043,0.0,0.7040481936108732
2131,2019-03-25,2798.36,-0.0008394251681052,31.00351622778433,1.66,673509.0,405005.0,1078514.0,16.33,25516.83,7637.54,2.42,6.41,1512.86,110.04,2087.100098,98.4,96.57,1322.6,58.71,0.0005688060420929,-0.0006714567656782,0.0045978920135389,-0.0036825172437771,-0.0008280716755129,0.0078181733383209,-0.0027215529640756,-0.339805690212513,-0.3057370076171484,-0.3271478755985928,0.0,0.6860623273612619
2132,2019-03-26,2818.46,0.0071571051948922,27.736743796225653,1.96,633310.0,323716.0,957026.0,14.68,25657.73,7691.52,2.414,6.37,1528.17,110.14,2102.600098,98.4,96.74,1315.0,59.87,0.0055066562778645,0.007042861483443,0.0100690419699365,0.0073991311978804,0.0017588334160105,-0.0057628306286963,0.0195654748611664,-0.0615413250876155,-0.2240328245155289,-0.1195088874191085,0.0,0.6947672912088418
2133,2019-03-27,2805.37,-0.004655198908682,26.383818884804462,1.74,678930.0,391191.0,1070121.0,15.15,25625.59,7643.38,2.374,6.33,1522.23,109.73,2094.0,98.4,96.77,1310.4,59.39,-0.0012534291542696,-0.0062785095616568,-0.0038945761264237,-0.0040986083202074,0.0003100614980136,-0.0035042315130597,-0.0080496829094922,0.0695579957582932,0.1893293435672323,0.1116964458566052,0.0,0.6560829000220155
2134,2019-03-28,2815.44,0.0035831172994038,25.52359799662376,1.28,508709.0,398360.0,907069.0,14.43,25717.46,7669.17,2.389,6.34,1535.1,109.96,2095.199951,98.4,97.2,1295.3,59.29,0.003578677076943,0.0033684819818891,0.0084191605231609,0.0005728783762304,0.0044336825735422,-0.011590105562595,-0.001685204308492,-0.2886418856320727,0.0181601873023904,-0.1653084829805546,0.0,0.6637376695025687
2135,2019-03-29,2834.4,0.006711719685688,24.663083503722685,1.69,769926.0,455788.0,1225714.0,13.71,25928.68,7729.32,2.414,6.29,1539.74,110.06,2107.699951,98.4,97.28,1298.5,60.19,0.0081795533079453,0.0078124940741517,0.0030180455061019,0.005948291488198,0.0008227067514638,0.0024674235665926,0.015065567840403,0.4144182625046575,0.1346716700650247,0.3010602881324136,0.0,0.6871769475134767
2136,2019-04-01,2867.19,0.0115021815000524,27.25031532840957,1.37,798928.0,583105.0,1382033.0,13.4,26258.42,7828.91,2.497,6.31,1556.06,109.8,2131.800049,97.2,97.23,1294.2,61.59,0.0126370075406452,0.0128024023609629,0.0105434144209564,0.0113694339453962,-0.0005141123962912,-0.0033170084796374,0.0229932941392725,0.036976422731735,0.2463394839213979,0.120032072153144,-0.0122700925918142,0.6641038144817888
2137,2019-04-02,2867.24,1.7438524841040248e-05,29.42037501778927,1.74,584173.0,336430.0,920603.0,13.36,26179.13,7848.69,2.481,6.3,1553.33,109.87,2131.699951,97.2,97.36,1295.4,62.53,-0.0030241710541254,0.002523346748914,-0.0017559718796817,-4.695578750713025e-05,0.0013361428577063,0.0009267841256512,0.0151469218802544,-0.3130736572284416,-0.5499771693791704,-0.4062819923574494,0.0,0.6631479956647697
2138,2019-04-03,2873.4,0.002146103000463,31.721297961278747,1.47,860852.0,587047.0,1447899.0,13.74,26218.13,7895.55,2.517,6.28,1560.91,109.62,2143.0,97.2,97.09,1295.3,62.46,0.001488627733666,0.0059526707381021,0.0048679709776315,0.0052869560207771,-0.0027770652972183,-7.719921260651574e-05,-0.0011200897242735,0.3877254246682646,0.5567147810952235,0.4528399290095777,0.0,0.6576357093705714
2139,2019-04-04,2879.39,0.0020824685638523,33.689557031354035,1.45,535018.0,368716.0,903734.0,13.58,26384.63,7891.78,2.512,6.28,1567.49,109.59,2142.800049,97.2,97.31,1294.3,62.12,0.0063304874512759,-0.0004775981843252,0.0042066293972355,-9.3308599495856e-05,0.0022633754518439,-0.000772320087818,-0.005458353574447,-0.475622205315064,-0.4650781847527092,-0.4713337498265151,0.0,0.6536227924452424
2140,2019-04-05,2892.74,0.0046256836918425,36.63584602235076,1.35,663280.0,490636.0,1153916.0,12.82,26424.99,7938.69,2.501,6.23,1582.56,110.02,2149.899902,97.2,97.39,1295.6,63.1,0.0015285096866026,0.0059265628002282,0.0095681750901315,0.0033078759545039,0.00082177713921,0.001003899848782,0.0156527712666818,0.2148968326181197,0.2856758086543003,0.2443815848188837,0.0,0.6536278696430287
2141,2019-04-08,2895.77,0.0010469016298637,39.34323737158373,1.36,550813.0,405847.0,956660.0,13.18,26341.02,7953.88,2.519,6.23,1579.01,109.58,2152.899902,97.2,97.05,1301.9,64.37,-0.0031827333877707,0.0019115856813041,-0.0022457206337138,0.001394441118701,-0.0034972263580881,0.0048508276061767,0.019926916517357,-0.1858018551985818,-0.1897262673811965,-0.1874686027039143,0.0,0.6661191816183877
2142,2019-04-09,2878.2,-0.0060859527261047,40.5779230274488,1.5,631057.0,420970.0,1052027.0,14.28,26150.58,7909.28,2.499,6.23,1559.68,109.65,2143.199951,97.2,97.01,1308.3,64.05,-0.0072560499416631,-0.0056231063064906,-0.0123173963610305,-0.0045157085798965,-0.0004122436418274,0.0049038486134795,-0.0049836577217812,0.1360008226571398,0.0365853309496735,0.0950260069473838,0.0,0.6669244900686738
2143,2019-04-10,2888.21,0.0034718343145003,42.03517160175892,2.14,529212.0,247624.0,776836.0,13.3,26157.16,7964.24,2.477,6.21,1581.55,109.87,2148.0,97.2,96.95,1313.9,64.62,0.0002515880072326,0.0069247677417312,0.0139247068040084,0.002237160261366,-0.0006186842845314,0.0042712291309454,0.0088599320536086,-0.1760070835458496,-0.5306501055898831,-0.3032447984889952,0.0,0.6630810249096214
2144,2019-04-11,2888.32,3.808514800862639e-05,42.96172843200234,2.16,453781.0,209948.0,663729.0,13.02,26143.05,7947.36,2.504,6.17,1579.14,109.47,2147.600098,97.2,97.18,1293.3,63.61,-0.0005395771964344,-0.0021217233128538,-0.0015249837643374,-0.0001861914480087,0.0023695472890965,-0.0158027222265779,-0.0157532697056392,-0.1537744049160583,-0.1650515856389081,-0.1573553262409852,0.0,0.6622604182595235
2145,2019-04-12,2907.41,0.0065876322869362,45.128522270054965,1.55,715908.0,461482.0,1177390.0,12.01,26412.3,7984.16,2.56,6.11,1584.8,109.46,2159.399902,97.2,96.97,1295.2,63.86,0.0102464299331614,0.0046197808432495,0.0035778213478838,0.0054793747493153,-0.0021632766613022,0.0014680319422275,0.0039224965959228,0.4559369642801645,0.7875831689247992,0.573181469630228,0.0,0.6562369552576739
2146,2019-04-15,2905.58,-0.0006296243621459,46.54702438583298,1.67,651390.0,388972.0,1040362.0,12.32,26384.77,7976.01,2.553,6.1,1579.17,109.53,2161.100098,97.2,96.94,1291.3,63.43,-0.001042860995696,-0.0010212924684882,-0.0035588238460553,0.0007870367261944,-0.0003094218992254,-0.0030156605108198,-0.0067562516408301,-0.0944431259109883,-0.1709356883386341,-0.1237313947740155,0.0,0.6547871897354985
2147,2019-04-16,2907.06,0.0005092350573869,47.58311363255205,2.11,663387.0,314483.0,977870.0,12.18,26452.66,8000.23,2.592,6.09,1582.79,109.32,2163.100098,97.2,97.04,1277.2,64.01,0.002569770609984,0.0030320048465277,0.0022897200354101,0.0009250266185469,0.001031034218565,-0.0109792810119788,0.0091023855081067,0.0182499891266569,-0.2125773409678881,-0.0619472716295597,0.0,0.6415234539370748
2148,2019-04-17,2900.45,-0.0022763638303944,47.163638970072206,1.39,957254.0,689825.0,1647079.0,12.6,26449.54,7996.08,2.592,6.12,1567.6,109.42,2160.899902,97.2,97.01,1276.8,63.74,-0.0001179535067965,-0.0005188696759574,-0.0096433252482199,-0.0010176670628512,-0.0003091986626024,-0.0003132341450831,-0.0042270121647218,0.3667102386849468,0.7855079216096321,0.5213819581618786,0.0,0.6150370951278178
2149,2019-04-18,2905.03,0.0015778199046989,45.03992504207535,1.79,812506.0,453137.0,1265643.0,12.09,26559.54,7998.06,2.56,6.14,1565.75,109.51,2160.199951,97.2,97.47,1276.0,64.02,0.0041502383324143,0.0002475906813508,-0.0011808449199541,-0.0003239689106635,0.0047305723759265,-0.0006267627908087,0.0043832255525266,-0.1639454701933829,-0.420243434218202,-0.2634231226101029,0.0,0.6106620685446214
2150,2019-04-22,2907.97,0.0010115259764935,41.764768350631016,1.46,616588.0,420961.0,1037549.0,12.42,26511.05,8015.27,2.59,6.17,1560.05,109.43,2161.600098,97.2,97.29,1277.6,65.66,-0.0018273779693647,0.0021494600593516,-0.0036470703935194,0.0006479462414317,-0.0018484293617824,0.0012531329960676,0.0252943775317291,-0.2759222450927527,-0.0736543152051218,-0.1987190925107267,0.0,0.5772343633726894
2151,2019-04-23,2933.68,0.0088023644018919,42.10067769108288,1.54,736314.0,478832.0,1215146.0,12.28,26656.39,8120.82,2.57,6.13,1585.09,109.76,2174.399902,97.2,97.64,1273.2,66.24,0.0054672695179629,0.0130826619652886,0.0159233160217073,0.0059039857842533,0.0035910365374229,-0.003449901492865,0.0087945980035577,0.1774556044835122,0.1288096123898103,0.1580030332592485,0.0,0.5812321154294544
2152,2019-04-24,2927.25,-0.0021941919046151,41.97183798694528,1.84,687941.0,372980.0,1060921.0,13.14,26597.05,8102.01,2.522,6.1,1588.13,109.45,2168.800049,97.2,98.17,1279.4,65.96,-0.0022285893478386,-0.002318955253715,0.0019160354025471,-0.002578677549379,0.0054134241796708,0.0048578016080993,-0.004236012385606,-0.067953579740621,-0.2498250062982858,-0.1357268353811047,0.0,0.5733101662219752
2153,2019-04-25,2926.17,-0.0003690150415502,42.33197695693851,1.79,599675.0,334206.0,933881.0,13.25,26462.08,8106.29,2.534,6.13,1575.61,109.6,2165.399902,97.2,98.2,1279.7,65.23,-0.0050875425631708,0.0005281244917085,-0.0079147245711226,-0.0015689851580251,0.0003055456559897,0.0002344574275134,-0.0111290118833933,-0.1373152366470549,-0.1097672295818021,-0.1275436566653578,0.0,0.5748439960628455
2154,2019-04-26,2939.88,0.0046743634859041,42.90016281594299,1.87,690361.0,369993.0,1060354.0,12.73,26543.33,8133.96,2.505,6.11,1591.82,109.53,2173.800049,97.2,98.01,1288.8,63.29,0.003065727201692,0.0034075863086489,0.0102355168201944,0.0038717540506887,-0.0019367010793311,0.0070858774192137,-0.0301921470207906,0.1408268073866718,0.1017265172188874,0.1270090724992272,0.0,0.5711889109760176
2155,2019-04-29,2943.03,0.0010708986882486,43.83186800682441,1.58,742111.0,469695.0,1211806.0,13.11,26554.39,8149.39,2.536,6.1,1598.36,109.64,2175.600098,97.2,97.86,1281.5,63.39,0.0004165903982293,0.0018951879826172,0.0041000878708041,0.0008277229235913,-0.0015316284201114,-0.0056802860586389,0.0015787815088605,0.0722841784846259,0.2385994613432913,0.1335089941934502,0.0,0.5695841331090171
2156,2019-04-30,2945.83,0.0009509481329157,44.92475609131516,1.97,857230.0,434733.0,1291963.0,13.12,26592.91,8095.39,2.509,6.08,1591.21,109.8,2178.699951,97.2,97.48,1285.7,63.83,0.0014495564871559,-0.0066483139691904,-0.0044833704710107,0.0014238125479622,-0.0038906571039714,0.0032720502860774,0.0069171789718911,0.1442074329874483,-0.0773514983465446,0.064050958350851,0.0,0.5915312546609878
2157,2019-05-01,2923.73,-0.0075304126495012,44.77219261665866,1.7,827139.0,486485.0,1313624.0,14.8,26430.14,8049.64,2.511,6.08,1576.38,109.32,2170.0,100.0,97.69,1284.2,63.55,-0.0061396132926692,-0.0056673939230798,-0.0093636539800012,-0.0040011786073064,0.0021519709078452,-0.0011673607302551,-0.0043963016325028,-0.0357335023654208,0.1124740191367212,0.0166269627716317,0.0283994745216986,0.5897970488014128
2158,2019-05-02,2917.52,-0.0021262580234031,43.8629754073773,1.52,795629.0,522551.0,1318180.0,14.42,26307.79,8036.77,2.552,6.15,1582.65,109.15,2161.100098,100.0,97.83,1272.0,61.75,-0.0046399325686756,-0.0016001087558965,0.0039695781510893,-0.0041097708782489,0.0014320788044868,-0.00954549145988,-0.0287330221273762,-0.0388397614952786,0.0715165180572974,0.0034622673657871,0.0,0.5832547313848909
2159,2019-05-03,2945.64,0.0095921706414809,44.836223451883306,1.88,814878.0,433061.0,1247939.0,12.87,26504.95,8164.0,2.531,6.11,1614.02,109.77,2177.800049,100.0,97.49,1281.3,61.98,0.0074664149570029,0.0157069837699079,0.0196273040706387,0.0076978187554743,-0.0034814698281575,0.0072847226154628,0.0037177768515155,0.0239054119910342,-0.1878439910528264,-0.054758606769333,0.0,0.45815613799856897
2160,2019-05-06,2932.47,-0.004481039666655,42.37870107095795,2.13,1000611.0,469637.0,1470248.0,15.44,26438.48,8123.29,2.5,6.18,1614.98,109.75,2166.699951,100.0,97.55,1283.8,62.3,-0.0025109833240737,-0.0049990004203959,0.0005946113522981,-0.0051099653141069,0.0006152584279401,0.0019492423621469,0.005149673433805,0.2053276836134596,0.0810814601917222,0.163937703496602,0.0,0.5635056129261167
2161,2019-05-07,2884.05,-0.0166495150098189,38.53737271883953,2.31,1268961.0,549524.0,1818485.0,19.32,25965.09,7963.76,2.448,6.21,1582.31,109.17,2135.5,100.0,97.56,1285.6,61.41,-0.0180675811826134,-0.0198339943895842,-0.0204367680601311,-0.014504438816103,0.0001025062785986,0.0014011055456251,-0.0143887374520996,0.2375876419839677,0.1570923930890106,0.2125726428102545,0.0,0.5531174323935752
2162,2019-05-08,2879.42,-0.001606671326817,35.86434092331578,1.99,876192.0,440940.0,1317132.0,19.4,25967.33,7943.32,2.482,6.22,1574.97,109.29,2131.899902,100.0,97.62,1281.4,62.13,8.626595877458954e-05,-0.0025699262529261,-0.0046495801597385,-0.0016872563794105,0.0006148171112823,-0.0032723052183811,0.0116562757342952,-0.3703684893790271,-0.2201436371902225,-0.3225470913252781,0.0,0.5484554255451922
2163,2019-05-09,2870.72,-0.0030260155887189,31.850593398927145,2.54,1234842.0,487027.0,1721869.0,19.1,25828.36,7910.59,2.457,6.31,1570.06,108.96,2119.300049,100.0,97.43,1285.2,61.58,-0.0053660964250052,-0.0041289557590733,-0.0031223892866485,-0.0059276863187402,-0.0019482190217514,0.0029611180367821,-0.0088918215792483,0.3431130606524206,0.0994107512553714,0.267953683250461,0.0,0.5486913792218043
2164,2019-05-10,2881.4,0.0037134177564537,27.88140538191425,1.93,1185289.0,614127.0,1799416.0,16.04,25942.37,7916.94,2.455,6.32,1572.99,109.33,2126.300049,100.0,97.33,1287.4,61.65,0.0044044263739895,0.0008023994066927,0.0018644315863562,0.0032975344740107,-0.0010269049988478,0.0017103323768115,0.0011360871139984,-0.0409563999635711,0.2318821841252916,0.0440518390346209,0.0,0.7014348277612117
2165,2019-05-13,2811.87,-0.0244265447064444,29.97944720456571,1.72,1154530.0,670039.0,1824569.0,20.55,25324.99,7647.02,2.405,6.46,1523.0,108.45,2086.5,100.0,97.37,1301.8,60.97,-0.0240858841346032,-0.0346887380689082,-0.0322961928638232,-0.0188953820257733,0.0004108885522624,0.0111232415197717,-0.0110912896906283,-0.026293291959476,0.0871341724966612,0.0138816269455048,0.0,0.6835796700593011
2166,2019-05-14,2834.41,0.0079840602076552,31.79251611461824,1.95,870323.0,446088.0,1316411.0,18.06,25532.05,7734.49,2.419,6.39,1543.06,108.79,2098.800049,100.0,97.53,1296.3,61.82,0.0081428704507615,0.0113735183219461,0.0130853840003846,0.0058777551276234,0.0016418679932588,-0.0042338695322898,0.013844996784246,-0.2825842066170665,-0.4068196776719972,-0.3264347005847998,0.0,0.6928888952173952
2167,2019-05-15,2850.96,0.0058219770208101,32.49845729992858,1.9,809699.0,425732.0,1235431.0,16.44,25648.02,7822.15,2.379,6.39,1548.27,109.19,2110.399902,100.0,97.57,1297.8,62.03,0.0045318499360931,0.0112699050452587,0.0033707206496202,0.0055116803671237,0.0004100461359355,0.0011564705810709,0.0033912022810556,-0.0722018334488954,-0.0467062016574733,-0.0634891971227986,0.0,0.7113642485807895
2168,2019-05-16,2876.32,0.0088559196487123,32.42264459105053,1.32,855392.0,648108.0,1503500.0,15.29,25862.68,7898.05,2.405,6.32,1557.24,109.21,2126.100098,100.0,97.86,1286.2,62.93,0.0083346272766515,0.0096564407304491,0.0057768449919723,0.0074119050517511,0.0029678167411182,-0.0089783884863052,0.0144048585538163,0.0548972697333098,0.4202473088149059,0.1963758263943518,0.0,0.7182538324802062
2169,2019-05-17,2859.53,-0.0058544236531279,33.04107453481985,1.98,936388.0,471744.0,1408132.0,15.96,25764.0,7816.28,2.393,6.32,1535.76,108.96,2116.5,100.0,98.02,1275.7,62.77,-0.0038228342467991,-0.010407155511368,-0.0138896510378252,-0.0045255806171278,0.0016336536204244,-0.0081970871565184,-0.0025457452094022,0.0904700770990363,-0.3176208835647713,-0.0655317201048539,0.0,0.7218587625314401
2170,2019-05-20,2840.23,-0.0067722408534152,34.715416742910406,1.8,625694.0,347180.0,972874.0,16.31,25679.9,7702.38,2.416,6.34,1524.96,109.45,2104.600098,100.0,97.93,1277.3,63.12,-0.0032695839514627,-0.0146793660397133,-0.0070571923099986,-0.0056383090895995,-0.0009186017486983,0.001253427504487,0.0055604242081788,-0.4031684868000216,-0.3065930881264194,-0.369764704925986,0.0,0.7402423264272766
2171,2019-05-21,2864.36,0.0084599047136233,35.2217886127641,1.87,586304.0,314042.0,900346.0,14.95,25877.33,7785.72,2.426,6.29,1545.25,109.58,2117.699951,100.0,98.02,1273.2,63.02,0.0076587111074246,0.0107619145485955,0.0132175293500669,0.006205099059847,0.0009186017486983,-0.0032150586407935,-0.0015855402084907,-0.0650230073055677,-0.1003166425151658,-0.0774754435088205,0.0,0.733925944822419
2172,2019-05-22,2856.27,-0.0028283616990023,35.82401182282983,1.73,714987.0,412141.0,1127128.0,14.75,25776.61,7750.84,2.393,6.29,1531.63,109.52,2111.800049,100.0,98.08,1274.2,61.42,-0.0038998042608078,-0.0044900619699976,-0.0088531817684485,-0.0027898833558568,0.0006119327064997,0.0007851142744499,-0.0257166213164516,0.1984259343177896,0.2718387888856384,0.2246489495667312,0.0,0.7604423538281747
2173,2019-05-23,2822.24,-0.0119856819430168,38.21051434978855,1.6,911879.0,568671.0,1480550.0,16.92,25490.47,7628.28,2.296,6.37,1501.38,109.37,2087.5,100.0,97.86,1285.4,57.65,-0.0111628347583891,-0.0159388306546528,-0.0199478426212484,-0.0115735098503586,-0.0022455863269241,0.0087514232547984,-0.063345268297609,0.2432429451230362,0.3219365357077315,0.2727408358899144,0.0,0.7612863290399187
2174,2019-05-24,2826.06,0.0013526195784274,40.114546740662135,1.81,709908.0,393089.0,1102997.0,15.85,25585.69,7637.01,2.324,6.35,1514.11,109.48,2095.0,100.0,97.61,1283.6,58.4,0.0037285539990961,0.001143771386161,0.0084431224264118,0.0035863756312277,-0.0025579386741032,-0.0014013237014847,0.0129256431191135,-0.250371921658882,-0.3692660101839191,-0.2943826199507064,0.0,0.7927672629190847
2175,2019-05-29,2783.02,-0.0069359555174735,46.94705746941431,2.06,1362498.0,660667.0,2023165.0,17.9,25126.41,7547.31,2.236,6.45,1489.95,109.56,2064.800049,100.0,98.14,1281.0,58.84,-0.0181137266129152,-0.0118149569367336,-0.0160852452466224,-0.0145201602207221,0.0054150834748831,-0.0020276073389675,0.0075060058990557,0.6519396744717252,0.5192138814278753,0.6066320964834606,0.0,0.7952727506255939
2176,2019-05-30,2788.86,0.0020962411748,49.759806777697605,1.76,766728.0,436588.0,1203316.0,17.3,25169.88,7567.72,2.227,6.42,1485.53,109.89,2066.5,100.0,98.14,1292.4,56.47,0.0017285573478176,0.0027006247959562,-0.0029709514102682,0.0008229618162713,0.0,0.0088599320536095,-0.0411123720484916,-0.574942948597112,-0.4142599721366746,-0.5195820377553844,0.0,0.8231849111454851
2177,2019-05-31,2752.06,-0.0132831880231201,54.7191048197796,1.64,1254971.0,765966.0,2020937.0,18.71,24815.04,7453.15,2.142,6.6,1465.49,109.89,2046.300049,100.0,97.61,1311.1,53.49,-0.0141981205890324,-0.0152550713585668,-0.0135819534012302,-0.0098230466773463,-0.0054150834748831,0.0143655245550124,-0.0542148031415865,0.492735633679878,0.5621478237066189,0.5184801861080146,0.0,0.8233330114556544
2178,2019-06-03,2744.45,-0.0027690315718498,59.28437251082497,1.88,994491.0,528380.0,1522871.0,18.86,24819.78,7333.02,2.081,6.63,1469.98,109.39,2045.099976,98.2,97.14,1327.9,53.25,0.0001909949513017,-0.0162493253160942,0.0030591377200739,-0.0005866319729594,-0.0048267102692749,0.012732267490926,-0.0044969159536241,-0.232636695249857,-0.3713220605142222,-0.282963896170683,-0.0181639706276719,0.9250077444192085
2179,2019-06-04,2803.27,0.0212059023221797,59.99233603238842,1.52,754685.0,497267.0,1251952.0,16.97,25332.18,7527.12,2.119,6.49,1508.56,110.05,2077.699951,98.2,97.07,1328.7,53.5,0.0204346083484008,0.0261250620272868,0.0259067581806169,0.0158148127654884,-0.0007208691934641,0.0006022736009798,0.0046838493124261,-0.2759306048332171,-0.0606886166344136,-0.1958934357933195,0.0,0.939852441885739
2180,2019-06-05,2826.15,0.008128768500641,58.9864976794278,1.6,787692.0,490872.0,1278564.0,16.09,25539.57,7575.48,2.123,6.43,1506.79,110.4,2095.800049,98.2,97.32,1333.6,51.57,0.0081534898614226,0.0064042171925748,-0.0011739932036372,0.0086738763539644,0.0025721501911872,0.0036810318393225,-0.0367415458390931,0.0428067068607802,-0.0129437038398982,0.0210336398738917,0.0,0.9314348525356961
2181,2019-06-06,2843.49,0.0061168095558663,57.76036795006217,1.41,648601.0,459180.0,1107781.0,15.93,25720.66,7615.55,2.124,6.39,1503.54,110.82,2104.199951,98.2,97.04,1342.7,52.59,0.0070655458769124,0.0052754938844508,-0.0021592325510502,0.0039999586664931,-0.0028812532795274,0.0068004596420783,0.0195858795383854,-0.1942894148525553,-0.066741111294089,-0.1433786577992304,0.0,0.9543584098137731
2182,2019-06-07,2873.34,0.0104429452245673,56.43817604278991,1.48,1005062.0,677857.0,1682919.0,16.3,25983.94,7742.1,2.084,6.3,1514.39,111.49,2126.899902,98.2,96.54,1346.1,53.95,0.0101840948588876,0.0164807590221123,0.0071903899341068,0.0107301503566219,-0.0051658344034475,0.0025290105713846,0.0255317041028906,0.4379867744782899,0.3894940611906516,0.4181708703487423,0.0,0.9591381408293324
2183,2019-06-10,2886.73,0.0046492574289516,54.5638933241768,1.06,632220.0,594174.0,1226394.0,15.94,26062.68,7823.17,2.143,6.21,1523.56,111.35,2135.5,98.2,96.76,1329.3,53.33,0.0030257511466906,0.0104168746295787,0.0060369840518585,0.0040353368374717,0.0022762555094795,-0.0125590347764941,-0.011558667091633,-0.4635670752931293,-0.1317641454803713,-0.316451629512624,0.0,0.9543120675435081
2184,2019-06-11,2885.72,-0.0003499380714622,52.35818847004344,1.43,618645.0,433131.0,1051776.0,15.99,26048.51,7822.57,2.14,6.18,1519.11,111.2,2139.699951,98.2,96.69,1331.2,53.3,-0.0005438371432031,-7.669819392219779e-05,-0.0029250646128895,0.0019647980909773,-0.0007237012463701,0.001428303193391,-0.0005626934407119,-0.0217058323264467,-0.316131983098094,-0.1535979923090629,0.0,0.9541500230960912
2185,2019-06-12,2879.84,-0.0020396984988728,49.67371704470124,1.55,630528.0,406398.0,1036926.0,15.91,26004.83,7792.72,2.127,6.19,1519.79,111.11,2134.399902,98.2,97.0,1336.8,51.13,-0.0016782788675033,-0.0038231805312687,0.0004475303638482,-0.0024800785657372,0.0032009940079262,0.0041979072142392,-0.0415649220798908,0.0190259611049192,-0.0637072476697522,-0.0142195968767815,0.0,0.9577260568036357
2186,2019-06-13,2891.64,0.0040890781712414,48.39486994378785,1.83,548496.0,299093.0,847589.0,15.82,26106.77,7837.13,2.091,6.15,1535.8,111.36,2137.0,98.2,97.01,1343.7,52.38,0.0039123776675591,0.0056827313777869,0.0104792504955391,0.0012174455123865,0.0001030874698093,0.0051483046001807,0.024153429987658,-0.1393775765454954,-0.3065784131742504,-0.2016199975016821,0.0,0.9490317254787713
2187,2019-06-14,2886.98,-0.0016128421699832,47.24357260769161,1.87,693966.0,371757.0,1065723.0,15.28,26089.61,7796.66,2.093,6.15,1522.5,111.27,2131.0,98.2,97.45,1344.5,52.47,-0.000657516885969,-0.0051772590518979,-0.0086976973123906,-0.0028116232205306,0.004525359980378,0.0005951938275545,0.0017167386190544,0.2352429808797538,0.2174858532036925,0.2290128725625582,0.0,0.9487328460084988
2188,2019-06-17,2889.67,0.000931335703024,44.32982400226283,1.97,683650.0,346774.0,1030424.0,15.35,26112.53,7845.02,2.086,6.15,1532.75,111.32,2130.899902,98.2,97.56,1342.9,51.94,0.000878124976209,0.00618349871492,0.0067097870587451,-4.697341670123478e-05,0.0011281473941489,-0.0011907421217891,-0.0101523714640179,-0.0149768771971299,-0.0695671440907901,-0.0336830740484597,0.0,0.949018754895437
2189,2019-06-18,2917.75,0.0096704625570112,43.43035251434052,1.48,917393.0,620876.0,1538269.0,15.15,26465.54,7953.88,2.06,6.05,1550.23,112.45,2150.899902,98.2,97.64,1350.7,53.86,0.013428233652279,0.0137809243466229,0.0113397993589927,0.0093419339381473,0.0008196721770401,0.0057915219795887,0.0362988811488502,0.2940898611194402,0.582458113125405,0.4006873902383745,0.0,0.9474086997457194
2190,2019-06-19,2926.46,0.0029807301410622,45.323305299955365,1.52,934526.0,613091.0,1547617.0,14.33,26504.0,7987.32,2.029,6.01,1555.58,113.43,2161.600098,98.2,97.12,1348.8,53.74,0.0014521555882325,0.0041954243155757,0.0034451594216324,0.0049624199226574,-0.0053399182135711,-0.0014076683191275,-0.0022304841961076,0.0185034969989512,-0.0126180088931135,0.0060585702739306,0.0,0.9095025573863097
2191,2019-06-20,2954.18,0.0094276151277163,48.98794078774144,1.24,1184418.0,955367.0,2139785.0,14.75,26753.17,8051.34,2.001,5.85,1563.49,113.94,2183.0,98.2,96.63,1396.9,56.88,0.0093573059961933,0.007983252966472,0.0050720355473998,0.0098513440072229,-0.0050580752999707,0.0350401874859143,0.0567861823076407,0.2369673448068603,0.4435821846894683,0.3239890281623943,0.0,0.9092033714715586
2192,2019-06-21,2950.46,-0.001260026180148,52.15501737892176,1.77,978334.0,552460.0,1530794.0,15.4,26719.13,8031.71,2.068,5.83,1549.63,112.83,2178.199951,98.2,96.09,1400.1,57.35,-0.0012731827356677,-0.0024410804850738,-0.0089043092306395,-0.0022012524039967,-0.0056039997220409,0.0022881668903744,0.0082290580803938,-0.1911556686554831,-0.5477145272717436,-0.3349188016543412,0.0,0.9076120430495226
2193,2019-06-24,2945.35,-0.0017334348561242,54.578047904656216,1.39,582845.0,420647.0,1003492.0,15.26,26727.54,8005.7,2.021,5.83,1530.08,113.05,2178.199951,98.2,95.98,1418.2,57.73,0.0003147062321904,-0.0032436687476469,-0.0126961711389501,0.0,-0.0011454158590771,0.0128447992460163,0.0066041254974624,-0.5179298402323163,-0.2725870304293991,-0.4223006379177043,0.0,0.9253327802598533
2194,2019-06-25,2917.38,-0.0095417023155635,55.04696642629872,1.75,870817.0,498980.0,1369797.0,16.28,26548.22,7884.72,1.994,5.9,1521.04,112.47,2163.699951,98.2,96.14,1418.7,57.63,-0.0067317923643681,-0.0152270786506285,-0.0059257101999019,-0.0066791285989555,0.0016656260357148,0.0003524974480439,-0.001733703624267,0.4015105666556557,0.1707720126363785,0.3111766365537054,0.0,0.8017248311035569
2195,2019-06-26,2913.78,-0.0012347459021464,55.71183324624628,1.62,657138.0,406823.0,1063961.0,16.21,26536.82,7909.97,2.049,5.93,1517.78,112.66,2158.399902,98.2,96.21,1415.4,59.17,-0.0004294995416866,0.0031972797832757,-0.0021455704849975,-0.002452535497504,0.0007278399073591,-0.0023287826762556,0.0263713912400271,-0.2815378093579905,-0.2041878133720978,-0.252663817566189,0.0,0.7930742739769652
2196,2019-06-27,2924.92,0.0038159225573179,56.83320356592223,1.7,581867.0,342030.0,923897.0,15.82,26526.58,7967.76,2.005,5.92,1546.55,113.12,2166.5,98.2,96.21,1412.0,59.18,-0.000385953411472,0.0072794102418765,0.0187779027563115,0.0037458011304769,0.0,-0.0024050375884971,0.0001689902834609,-0.1216521428107491,-0.1734797489021318,-0.1411534215277097,0.0,0.7929068952719001
2197,2019-06-28,2941.76,0.0057409118108129,58.535632574516974,1.36,812329.0,597086.0,1409415.0,15.08,26599.96,8006.24,2.0,5.89,1566.57,113.29,2178.399902,98.2,96.11,1413.7,58.2,0.0027624628543403,0.0048178382911885,0.0128618723260816,0.005477655192438,-0.0010399335379807,0.0012032418197991,-0.016698292234671,0.3336635312358336,0.5571627041054814,0.4223294100962587,0.0,0.7890531648400977
2198,2019-07-01,2964.33,0.0076429955755799,61.16649954922785,1.52,896680.0,588392.0,1485072.0,14.06,26717.43,8091.16,2.034,5.86,1569.66,113.43,2192.199951,98.4,96.84,1389.3,58.91,0.0044064493807436,0.0105508700509595,0.0019705193814596,0.0063149660572454,0.0075667632346654,-0.0174103577181705,0.0121255007962037,0.0987936231904011,-0.0146677641774317,0.0522885312469103,0.0020345886977874,0.7788906057993378
2199,2019-07-02,2973.01,0.0029238703472564,63.68245765760391,1.53,622888.0,406692.0,1029580.0,12.93,26786.68,8109.09,1.976,5.86,1560.54,113.63,2198.600098,98.4,96.73,1408.0,56.0,0.0025885876307114,0.0022135469910775,-0.0058271201878703,0.0029152552889346,-0.0011365398754019,0.0133702345631716,-0.0506591647984464,-0.3643323263606532,-0.3693372502408856,-0.3663123038361089,0.0,0.7717951570336722
2200,2019-07-03,2995.82,0.0076430761271932,67.3743553960747,1.09,537018.0,491688.0,1028706.0,12.57,26966.0,8170.23,1.953,5.83,1572.12,113.94,2213.399902,98.4,96.77,1420.9,57.06,0.0066720641733031,0.0075114055704794,0.0073931117612637,0.006708911836327,0.0004134366983947,0.0091202159260417,0.0187516550502042,-0.1483351138448725,0.1897882267941053,-0.0008492503495904,0.0,0.7760038703191188
2201,2019-07-08,2975.95,-0.0048471859933751,71.19698422905478,1.62,818527.0,505744.0,1324271.0,13.96,26806.14,8098.38,2.034,5.92,1561.39,113.19,2194.600098,98.4,97.38,1400.0,57.35,-0.0059458474578821,-0.0088330185747178,-0.0068485767966723,-0.0085299083431493,0.0062838218617038,-0.0148182370406795,0.0050694977900258,0.4214747699386105,0.0281862434135184,0.2525604176075138,0.0,0.7720864227638631
2202,2019-07-09,2979.63,0.0012358159804266,72.06767654280041,2.14,510456.0,238098.0,748554.0,14.09,26783.49,8141.73,2.054,5.96,1562.59,112.92,2193.699951,98.4,97.49,1400.5,57.57,-0.0008453128468595,0.0053386464698022,0.0007682507948327,-0.0004102486168102,0.0011289578866255,0.0003570790968137,0.0038287551123383,-0.4722019395584258,-0.7533482587829905,-0.5704740527857606,0.0,0.7312884528483612
2203,2019-07-10,2993.07,0.0045004847673171,72.15205093891224,1.72,751693.0,437856.0,1189549.0,13.03,26860.2,8202.53,2.061,5.91,1565.05,113.1,2201.100098,98.4,97.1,1412.5,60.28,0.0028599841766112,0.0074399551224217,0.0015730713939481,0.0033676863163005,-0.0040084333439009,0.0085318683204329,0.0459987750705765,0.3870235520340888,0.6092077355718644,0.4631861771274845,0.0,0.7312081288550328
2204,2019-07-11,2999.91,0.0022826717159194,70.8832939162353,1.82,628855.0,346209.0,975064.0,12.93,27088.08,8196.04,2.12,5.95,1557.92,112.77,2205.399902,98.4,97.05,1406.7,59.93,0.0084481416399366,-0.0007915324737268,-0.0045661741152418,0.0019515739769433,-0.0005150656822596,-0.0041146482569462,-0.0058231592882007,-0.1784272904311805,-0.234847450259398,-0.1988264128042605,0.0,0.6556633983474672
2205,2019-07-12,3013.77,0.0046094985236422,69.81994344717702,1.87,806351.0,432342.0,1238693.0,12.39,27332.03,8244.14,2.106,5.95,1570.0,113.0,2212.699951,98.4,96.81,1412.2,59.99,0.0089654958087574,0.0058515341373457,0.0077240211119073,0.0033046132438006,-0.0024760148830393,0.0039022363185967,0.0010006671949076,0.2486184260987531,0.2221743027700107,0.2393089605891614,0.0,0.6571886468614572
2206,2019-07-15,3014.3,0.0001758440102275,65.00426473702578,1.82,769254.0,423250.0,1192504.0,12.68,27359.16,8258.19,2.092,5.92,1561.82,113.23,2214.300049,98.4,96.93,1413.5,59.3,0.0009921159962082,0.0017027902599,-0.0052238114588014,0.0007228814410114,0.0012387737725365,0.0009201260513984,-0.0115685756613217,-0.0470979175233807,-0.0212539206947663,-0.0380014934038062,0.0,0.5975689707224694
2207,2019-07-16,3004.04,-0.0034095813595058,57.15925975487542,1.72,764459.0,445669.0,1210128.0,12.86,27335.63,8222.8,2.122,5.91,1561.99,113.17,2208.100098,98.4,97.39,1411.2,57.44,-0.0008604110721179,-0.0042946515220876,0.0001088414469307,-0.0028038869644548,0.0047344674685909,-0.0016284918811182,-0.0318683812637115,-0.0062528199510616,0.0516135030089763,0.0146708410653371,0.0,0.61370881670708
2208,2019-07-17,2984.42,-0.0065526262851545,52.45467313568157,1.99,843354.0,422817.0,1266171.0,13.97,27219.85,8185.21,2.061,5.92,1550.78,113.3,2197.899902,98.4,97.22,1423.3,56.5,-0.0042444929023321,-0.0045819164863445,-0.0072026191863825,-0.0046301471733398,-0.0017470843557987,0.0085377128240526,-0.0165002865875729,0.0982184045744727,-0.0526370626982295,0.0452712465529874,0.0,0.50366078844063
2209,2019-07-18,2995.11,0.0035755356654512,48.97038215343897,1.74,868223.0,498787.0,1367010.0,13.53,27222.97,8207.24,2.038,5.97,1555.62,113.51,2198.399902,98.4,96.79,1428.1,55.08,0.0001146156647813,0.0026878243658252,0.0031161498303644,0.0002274640149435,-0.0044327684563114,0.0033667703823079,-0.0254539642919411,0.0290617954243508,0.1652396895921342,0.0766284873132576,0.0,0.5132836651193985
2210,2019-07-19,2976.61,-0.0061958896877554,45.47658584599108,2.43,1116852.0,459129.0,1575981.0,14.45,27154.2,8146.49,2.048,5.95,1547.9,113.34,2194.600098,98.4,97.15,1426.7,55.42,-0.0025293716706578,-0.0074295319097643,-0.0049750063946332,-0.0017299362383944,0.0037124926624514,-0.0009808043381189,0.0061538655743778,0.251820698422339,-0.0828479345899069,0.1422520625214414,0.0,0.5070385560275154
2211,2019-07-22,2985.03,0.0028247279603137,43.67179778680826,1.8,650902.0,362096.0,1012998.0,13.53,27171.9,8204.14,2.043,5.93,1544.78,113.74,2197.699951,98.4,97.26,1426.9,55.87,0.0006516205148656,0.0070517452718501,-0.0020176682090973,0.0014114944243681,0.0011316291521907,0.0001401738157609,0.0080870240362251,-0.539910199286501,-0.2374218462878286,-0.4419636845945174,0.0,0.48909487606774815
2212,2019-07-23,3005.47,0.0068241647017259,42.933003676547294,1.61,493915.0,307064.0,800979.0,12.61,27349.19,8251.4,2.074,5.89,1554.96,114.09,2209.600098,98.4,97.7,1421.7,56.58,0.00650356127848,0.0057439780084376,0.0065683164390772,0.0054002113708175,0.0045137540730975,-0.0036509202948771,0.0126280024023639,-0.275995655636482,-0.1648531751224737,-0.2348348004168539,0.0,0.4891573809219915
2213,2019-07-24,3019.56,0.0046771636608937,42.33949484819927,1.53,727622.0,474025.0,1201647.0,12.07,27269.97,8321.5,2.05,5.85,1580.42,114.35,2217.800049,98.4,97.73,1423.6,55.9,-0.002900815594792,0.00845964412526,0.0162408126713948,0.0037041876061367,0.000307015302007,0.0013355359943849,-0.012091185712368,0.387418244974727,0.4342038680043494,0.4056136652626811,0.0,0.5036147408269306
2214,2019-07-25,3003.67,-0.00527625106902,40.20167998977934,1.95,554199.0,284098.0,838297.0,12.74,27140.98,8238.54,2.074,5.84,1561.45,114.18,2206.899902,98.4,97.82,1414.7,55.88,-0.0047413339279636,-0.0100193832883057,-0.0120757577638555,-0.0049269641651497,0.0009204807604668,-0.0062713801711486,-0.0003578457722923,-0.2722578545559724,-0.5119408138596313,-0.3600759417926102,0.0,0.5111059079950354
2215,2019-07-26,3025.86,0.0073604742596646,39.2736016217685,1.63,653213.0,400541.0,1053754.0,12.16,27192.45,8330.21,2.081,5.82,1578.97,114.12,2215.699951,98.4,98.01,1419.3,56.04,0.0018945984229592,0.0110655221886766,0.0111578589911127,0.0039795870783896,0.0019404591698775,0.0032462978403229,0.0028591870800456,0.164379434894581,0.3434968842430752,0.2287418523093567,0.0,0.5123639142840061
2216,2019-07-29,3020.97,-0.0016173767299498,37.19342916384545,1.94,580589.0,299089.0,879678.0,12.83,27221.35,8293.33,2.055,5.84,1569.03,114.11,2212.5,98.4,98.04,1420.4,56.85,0.001062230636986,-0.0044370886714872,-0.0063151416993338,-0.0014452606442381,0.0003060443788234,0.0007747297637212,0.0143504987277385,-0.1178601574260511,-0.2920749453417581,-0.1805583738553693,0.0,0.5146700920322628
2217,2019-07-30,3013.18,-0.0025819723830942,34.32857297174268,2.19,639910.0,292379.0,932289.0,13.94,27198.02,8273.61,2.061,5.87,1585.6,113.92,2203.399902,98.4,98.05,1441.8,58.04,-0.0008574153441784,-0.0023806459507369,0.0105052905665932,-0.0041215204528386,0.0001019939824429,0.0149538109015452,0.0207162078194418,0.0972844359720586,-0.0226902820909113,0.0580869210355476,0.0,0.5617619866810311
2218,2019-07-31,2980.38,-0.0109451903192763,32.4184465879039,1.99,859131.0,430665.0,1289796.0,16.12,26864.27,8175.42,2.021,5.85,1574.61,113.68,2187.600098,98.4,98.52,1437.8,58.53,-0.0123470256246349,-0.0119388397123945,-0.0069552620262669,-0.0071964801586767,0.0047820206099817,-0.0027781654207075,0.0084070152871422,0.2945938718021335,0.3872796198268684,0.3245964928596354,0.0,0.5660524192782084
2219,2019-08-01,2953.56,-0.0090395867268044,31.242118507360157,2.55,1178395.0,462489.0,1640884.0,17.87,26583.42,8111.12,1.894,5.86,1550.76,113.75,2173.199951,89.8,98.37,1432.4,53.64,-0.0105094377304322,-0.0078961319084154,-0.015262489224356,-0.0066043841405969,-0.0015236937276705,-0.0037628084254928,-0.0872443848896513,0.3159872088307782,0.071292247187948,0.2407510546715645,-0.0914558287500533,0.5808695467188091
2220,2019-08-02,2932.05,-0.0073093853544552,32.1342430306019,2.53,1414228.0,558977.0,1973205.0,17.61,26485.01,8004.07,1.855,5.94,1533.66,113.68,2150.0,89.8,98.07,1457.5,55.67,-0.0037088006109886,-0.0132857973915516,-0.0110880977283018,-0.0107328710082637,-0.003054370120437,0.0173712801003693,0.0371463437819383,0.1824304560558811,0.1894855545211573,0.1844240033243451,0.0,0.7724580483569061
2221,2019-08-05,2844.74,-0.030230162083586,40.23714053704763,2.58,1878024.0,728398.0,2606422.0,24.59,25717.74,7726.04,1.735,6.15,1487.41,112.56,2097.300049,89.8,97.52,1476.5,54.63,-0.0293978864223127,-0.0353537207564187,-0.0306206832091469,-0.0248170155722871,-0.0056240242312126,0.0129517829593304,-0.0188582197877895,0.283636361085378,0.2647392746985719,0.2783192752619925,0.0,0.815061252920686
2222,2019-08-06,2881.77,0.0129330137007768,43.466593968723096,2.18,1187143.0,544902.0,1732045.0,20.17,26029.52,7833.27,1.739,6.09,1502.09,113.35,2109.199951,89.8,97.63,1484.2,53.6,0.0120502524288976,0.0137836057889249,0.0098211192478157,0.0056578788753363,0.0011273380645633,0.0052014843520558,-0.0190341143308701,-0.4586705801081496,-0.290241640125032,-0.4086756082642448,0.0,0.8153026273651499
2223,2019-08-07,2883.98,0.0007665958837028,45.3574008507047,1.85,969175.0,523650.0,1492825.0,19.49,26007.07,7862.83,1.684,6.11,1500.69,113.92,2114.100098,89.8,97.54,1519.6,51.14,-0.0008628544411877,0.0037665451859965,-0.0009324693127314,0.0023205309317511,-0.0009222729556732,0.0235712357774371,-0.0469820982137156,-0.2028596649910952,-0.0397824397613995,-0.148632493303749,0.0,0.8711329079182996
2224,2019-08-08,2938.09,0.0185884257803357,44.47075875224596,1.72,806755.0,467720.0,1274475.0,16.91,26378.19,8039.16,1.716,5.93,1532.13,114.49,2146.899902,89.8,97.62,1509.5,52.6,0.0141691082158992,0.0221780075918367,0.0207339217745676,0.0153956591717969,0.0008198401770949,-0.0066686721665769,0.0281491498806234,-0.1834251655203083,-0.1129536959470378,-0.1581359689170884,0.0,0.8798425575329292
2225,2019-08-09,2918.65,-0.0066385297600621,44.722644679221645,1.64,884223.0,538668.0,1422891.0,17.97,26287.44,7959.14,1.734,5.96,1513.04,114.43,2135.300049,89.8,97.49,1508.5,54.41,-0.0034462737773495,-0.0100036463022448,-0.0125380521171045,-0.0054177205668421,-0.0013325818178211,-0.0006626905477782,0.0338318407541695,0.0916892646485489,0.1412295993852748,0.1101563883326743,0.0,0.9036262367246183
2226,2019-08-12,2883.75,-0.0120296501003442,47.326690154837486,2.31,829628.0,359674.0,1189302.0,21.09,25907.37,7863.41,1.639,5.97,1494.27,113.23,2117.699951,89.8,97.38,1517.2,54.98,-0.0145637743609032,-0.0121005992205578,-0.0124830787242844,-0.0082766040302377,-0.0011289578866255,0.0057507512156282,0.010421522239266,-0.0637318857171038,-0.4039013600259196,-0.1793241370276863,0.0,0.9391534815834169
2227,2019-08-13,2926.32,0.0146541304321559,48.03438040265728,2.2,878361.0,399568.0,1277929.0,17.52,26279.91,8016.36,1.68,5.89,1510.58,113.07,2134.5,89.8,97.81,1514.1,57.05,0.0142772847413379,0.0192640989157517,0.0108558897635111,0.0079018562667911,0.0044059705478467,-0.0020453278004177,0.0369585935709846,0.0570802633113434,0.1051858978562645,0.0718742184453908,0.0,1.0670101910395582
2228,2019-08-14,2840.6,-0.0297303634730914,53.55567426584749,2.31,1509056.0,654281.0,2163337.0,22.1,25479.42,7773.94,1.581,6.04,1467.52,112.92,2086.300049,89.8,97.99,1527.8,55.16,-0.0309337014594621,-0.0307073391479448,-0.0289197817899404,-0.0228402415756336,0.0018386113453257,0.009007589092933,-0.0336900233829835,0.5411818978860801,0.4931529592990475,0.5264111381051855,0.0,1.066400068407299
2229,2019-08-15,2847.6,0.0024612367826906,57.41012154424352,2.3,1026377.0,446150.0,1472527.0,21.18,25579.39,7766.62,1.529,6.02,1461.65,113.37,2082.800049,89.8,98.14,1531.2,54.51,0.0039158816175319,-0.000942051063971,-0.0040079666648722,-0.001679019807617,0.0015295980140299,0.0022229495914309,-0.0118538818489115,-0.3854491641159985,-0.3828817044406243,-0.3846719644232195,0.0,1.092967936698198
2230,2019-08-16,2888.68,0.0143231161310461,58.60993895531338,2.22,1163128.0,524166.0,1687294.0,18.47,25886.01,7895.99,1.539,5.96,1493.64,114.02,2108.5,89.8,98.14,1523.6,54.83,0.0119157192182939,0.0165199723645432,0.0216501592362741,0.0122636283718486,0.0,-0.0049757860942412,0.0058533183397679,0.125077802019069,0.161153209699421,0.1361460897003414,0.0,1.1139281462002968
2231,2019-08-19,2923.65,0.0120331853019948,58.82551955777477,2.33,878611.0,376727.0,1255338.0,16.88,26135.79,8002.81,1.598,5.91,1508.85,113.56,2131.800049,89.8,98.35,1511.6,56.24,0.0096029710427156,0.0134376943396503,0.0101316774475703,0.0109899220536924,0.0021375141733113,-0.0079072631291152,0.025390758086452,-0.2805259552702956,-0.3302876408431192,-0.2957212032067673,0.0,1.1214273822810887
2232,2019-08-20,2900.51,-0.0079462520811492,59.4969063812845,2.21,600551.0,271203.0,871754.0,17.5,25962.44,7948.56,1.561,5.87,1498.01,113.59,2119.600098,89.8,98.19,1515.7,56.18,-0.0066547611980478,-0.0068019498216234,-0.0072102106261509,-0.0057392783865628,-0.0016281676538696,0.0027086859622773,-0.0010674258263119,-0.3804946842419561,-0.3286531692505026,-0.3646528639974988,0.0,1.1296139776193619
2233,2019-08-21,2924.43,0.0082130062995,59.234403644759226,2.87,954279.0,332304.0,1286583.0,15.8,26202.73,8020.21,1.577,5.75,1509.85,113.92,2135.5,89.8,98.3,1515.7,55.65,0.0092127256380081,0.0089738258898943,0.0078727475039981,0.0074733734277767,0.0011196499719217,0.0,-0.0094787439545438,0.463108514383082,0.2031825946518193,0.3892378717530569,0.0,1.128209635064746
2234,2019-08-22,2922.95,-0.000506209629477,58.70830736787497,2.04,596809.0,292688.0,889497.0,16.68,26252.24,7991.39,1.61,5.73,1506.0,113.98,2131.699951,89.8,98.17,1508.5,55.33,0.0018877149182348,-0.003599893967344,-0.0025531787664654,-0.001781050828721,-0.0013233574486903,-0.0047615988384954,-0.0057668208115355,-0.4693589523176857,-0.1269430173548364,-0.3690890113508356,0.0,1.2124156037489953
2235,2019-08-23,2847.11,-0.0262889355580666,60.18155254813907,1.92,1271822.0,663921.0,1935743.0,19.87,25628.9,7751.77,1.528,5.74,1459.48,114.03,2094.600098,89.8,97.64,1537.6,54.08,-0.0240306977302644,-0.0304435077212552,-0.0313769214826162,-0.0175571093267796,-0.0054134241796708,0.0191069796169127,-0.0228508251753094,0.7566086677962414,0.8190559712456835,0.777590376671931,0.0,1.234415116561682
2236,2019-08-26,2878.38,0.0109231911739486,59.735677373261865,2.22,915295.0,412296.0,1327591.0,19.32,25898.83,7853.74,1.545,5.73,1476.0,113.93,2105.199951,89.8,98.08,1537.2,53.54,0.0104771729399342,0.013068647071444,0.0112555182831952,0.0050478000779046,0.004496226663142,-0.0002601795253394,-0.0100353936425023,-0.3289593793150533,-0.4764216285023721,-0.3771252104183578,0.0,1.2343117787830171
2237,2019-08-27,2869.16,-0.0032083318806845,59.69850051430353,2.15,726819.0,337874.0,1064693.0,20.31,25777.9,7826.95,1.49,5.67,1456.04,114.25,2104.899902,89.8,98.0,1551.8,54.99,-0.0046802582417946,-0.0034169447984204,-0.013615304253677,-0.0001425377121604,-0.000815993517329,0.0094529677691603,0.0267223124275166,-0.2305689395133701,-0.1990684930744581,-0.2206795269955055,0.0,1.2388522254527041
2238,2019-08-28,2887.94,0.0065241411868015,59.480017260518046,2.1,880489.0,419498.0,1299987.0,19.35,26036.1,7856.88,1.466,5.62,1472.71,114.38,2111.899902,89.8,98.21,1549.1,55.76,0.0099665008403704,0.0038166744133967,0.0113838190515238,0.0033200563248509,0.0021405644991103,-0.0017414303475318,0.0139054159325455,0.1917999567838482,0.2163857133976474,0.1996677697226392,0.0,1.2614629653887557
2239,2019-08-29,2924.58,0.0126074354387411,58.225323598406455,2.26,832222.0,367755.0,1199977.0,17.88,26362.25,7973.39,1.516,5.58,1496.72,114.64,2133.100098,89.8,98.46,1536.9,56.67,0.0124490260540195,0.014720166340389,0.0161718062188986,0.0099883968236804,0.002542331160372,-0.0079067164990513,0.0161882037292597,-0.056378202804149,-0.1316418027332577,-0.0800518744738845,0.0,1.2574223530813322
2240,2019-08-30,2926.46,0.0006426208211518,57.50619916189228,2.38,1108930.0,465111.0,1574041.0,18.98,26403.28,7962.88,1.506,5.55,1494.84,115.02,2138.5,89.8,98.92,1529.4,55.07,0.0015551822665127,-0.001319003948069,-0.0012568694911614,0.0025282820266676,0.0046610683231609,-0.004891899003141,-0.0286398669071381,0.2870516332780433,0.234859131195968,0.2713438079969794,0.0,1.2585108665159066
2241,2019-09-04,2937.78,0.0107837220263515,54.48862872071007,2.25,868234.0,386065.0,1254299.0,17.33,26355.47,7976.88,1.459,5.62,1484.76,115.59,2149.800049,93.2,98.45,1560.4,56.22,-0.0018124012827147,0.0017566141020921,-0.0067660346721174,0.0052701886648174,-0.0047626375680813,0.0200666970223766,0.0206674622039955,-0.2446896018481261,-0.1862703377075796,-0.227069347149845,0.0371627463833919,1.2757510315328777
2242,2019-09-05,2976.0,0.0129259228942135,52.33008758601466,1.62,920801.0,568747.0,1489548.0,16.27,26728.15,8116.83,1.565,5.57,1510.74,114.97,2174.300049,93.2,98.41,1525.5,56.33,0.0140414735545473,0.0173923262948054,0.0173464539770167,0.0113319588452203,-0.0004063801742404,-0.022619973475777,0.0019546874282365,0.0587826798370159,0.3874299464554003,0.1718958674402806,0.0,1.272570101853576
2243,2019-09-06,2978.71,0.0009102039182753,51.14388927534016,2.26,946372.0,417866.0,1364238.0,15.0,26797.46,8103.07,1.55,5.54,1505.17,115.38,2178.899902,93.2,98.39,1515.5,56.45,0.0025897897749729,-0.0016966816442689,-0.0036937483764338,0.0021133211264068,-0.00020325203322,-0.0065768076588668,0.0021280376890491,0.0273917830084453,-0.3082748885587776,-0.0878766872272827,0.0,1.2692196775028772
2244,2019-09-09,2978.43,-9.400484131827368e-05,48.4012393635991,2.26,908147.0,401252.0,1309399.0,15.27,26835.51,8087.44,1.622,5.53,1524.23,114.43,2178.399902,93.2,98.28,1511.1,57.88,0.0014189035730733,-0.0019307612737975,0.0125835158802232,-0.0002294999310059,-0.001118625224695,-0.0029075550781429,0.0250166111676115,-0.0412294666567341,-0.0405711481117165,-0.041027777687745,0.0,1.2611790784344648
2245,2019-09-10,2979.39,0.0003222655294408,45.87719644879581,1.61,624056.0,388376.0,1012432.0,15.2,26909.43,8084.16,1.702,5.52,1542.99,113.58,2179.399902,93.2,98.33,1499.2,57.37,0.0027507723187021,-0.0004056494156401,0.0122327279660696,0.000458947203878,0.0005086211390858,-0.007906229935557,-0.008850383149503,-0.3751661518385027,-0.0326157163145559,-0.2572128960666298,0.0,1.2686489849827352
2246,2019-09-11,3000.93,0.0072036590507948,45.03381088018439,1.56,748289.0,480779.0,1229068.0,14.61,27137.04,8169.68,1.733,5.58,1575.71,113.7,2194.399902,93.2,98.64,1503.2,55.66,0.0084228015491447,0.0105231488905808,0.0209838718728345,0.0068590513879795,0.0031476900640239,0.0026645366150974,-0.0302597625160352,0.1815491590591751,0.2134337625215376,0.1939008013401206,0.0,1.2689497162987842
2247,2019-09-12,3009.57,0.0028749707848358,46.753164038005096,1.7,899791.0,529657.0,1429448.0,14.22,27182.45,8194.47,1.791,5.56,1575.07,113.92,2201.800049,93.2,98.31,1507.4,55.13,0.0016719601225432,0.0030297961047338,-0.0004062486170415,0.0033666139265617,-0.0033511074772558,0.002790143310114,-0.0095677234961524,0.1843732471427035,0.0968219221676083,0.1510321971737411,0.0,1.2522371984156166
2248,2019-09-13,3007.39,-0.0007246184436624,49.17235722472383,2.09,930004.0,445323.0,1375327.0,13.74,27219.52,8176.71,1.903,5.64,1578.14,112.61,2205.800049,93.2,98.26,1499.5,54.76,0.0013628185059264,-0.0021696673015654,0.001947222652495,0.0018150471953868,-0.0005087246383306,-0.0052545932203056,-0.0067340321813444,0.0330263730789877,-0.1734297656636094,-0.0385968347371328,0.0,1.2416296724972715
2249,2019-09-16,2997.96,-0.0031405356059668,51.212007881381794,2.28,840356.0,368293.0,1208649.0,14.67,27076.82,8153.54,1.841,5.57,1584.6,113.09,2195.899902,93.2,98.61,1511.5,63.1,-0.0052563516641264,-0.0028376804455412,0.004085071162093,-0.0044983364628894,0.0035556496037356,0.0079708160304488,0.14176076912692,-0.1013632756340428,-0.18992104454097,-0.1291883141258409,0.0,1.2331422166549926
2250,2019-09-17,3005.7,0.0025784285879453,51.37194341810488,1.78,681981.0,383912.0,1065893.0,14.44,27110.8,8186.02,1.812,5.55,1578.29,113.45,2201.800049,93.2,98.26,1513.4,59.26,0.0012541611701717,0.0039756324871191,-0.0039900270774069,0.0026832892675026,-0.0035556496037356,0.0012562400409086,-0.062786227401749,-0.2088238133614286,0.0415345426328777,-0.1256902614290513,0.0,1.08892733469958
2251,2019-09-18,3006.73,0.0003426235349355,52.67585581825021,1.83,1157630.0,633139.0,1790769.0,13.95,27147.08,8177.39,1.786,5.56,1568.34,113.46,2201.0,93.2,98.56,1515.8,58.19,0.0013373174700888,-0.0010547924668671,-0.0063242473143745,-0.00036342736436,0.003048473044708,0.0015845771175078,-0.0182210234768405,0.5291282924512473,0.5002766276371204,0.5188321910645133,0.0,1.0688648434142
2252,2019-09-19,3006.79,1.995503465579418e-05,53.6909523284151,1.85,1004037.0,542390.0,1546427.0,14.05,27094.79,8182.88,1.774,5.51,1561.47,113.96,2204.699951,93.2,98.27,1506.2,58.19,-0.0019280314708236,0.0006711380932049,-0.0043900498966547,0.0016796204512274,-0.0029467074108744,-0.0063534297106775,0.0,-0.1423459385068213,-0.1547046874174302,-0.1466980278692702,0.0,1.075134524301504
2253,2019-09-20,2992.07,-0.0049076089603001,54.70399740464178,1.95,1040919.0,532987.0,1573906.0,15.32,26935.07,8117.67,1.755,5.52,1559.77,114.47,2197.600098,93.2,98.27,1515.1,57.92,-0.0059123035023684,-0.0080009997053132,-0.0010893107662983,-0.0032255226025235,0.0,0.0058915206985385,-0.0046507705911169,0.0360751036270823,-0.0174882662535633,0.0176133190879976,0.0,1.0232961966772245
2254,2019-09-23,2991.78,-9.692756343504529e-05,55.50544191587793,2.29,785150.0,342329.0,1127479.0,14.91,26949.99,8112.46,1.708,5.5,1558.25,114.21,2193.699951,93.2,98.6,1531.5,58.69,0.0005537713192236,-0.0006420158284559,-0.0009749777874468,-0.0017763067802158,0.0033524692342536,0.0107662039070399,0.0132066064927816,-0.2819844734583956,-0.4427247706720099,-0.3335762608103589,0.0,1.028222095579159
2255,2019-09-24,2966.6,-0.0084520120896716,54.72133396489471,2.49,1078691.0,434013.0,1512704.0,17.05,26807.77,7993.63,1.635,5.49,1533.59,113.48,2182.100098,93.2,98.34,1540.2,57.22,-0.0052911554277184,-0.0147561768510691,-0.0159520045838963,-0.0053018328270022,-0.0026403996247958,0.00566463083232,-0.0253658669482783,0.3176287656393288,0.2373022246163607,0.2939146109168806,0.0,1.0048933761938323
2256,2019-09-25,2984.87,0.0061396789000376,55.19657989134927,2.03,878650.0,432089.0,1310739.0,15.96,26970.71,8077.38,1.732,5.6,1550.65,113.15,2184.600098,93.2,99.04,1512.3,56.38,0.0060596914823261,0.0104225880200292,0.0110628057422728,0.0011450295009654,0.0070929469524925,-0.0182806073484549,-0.0147890019359975,-0.2051169093294369,-0.0044429020251168,-0.1433076775675754,0.0,0.9734041007918481
2257,2019-09-26,2977.62,-0.0024318711052062,51.95038665881968,1.9,613227.0,322507.0,935734.0,16.07,26891.12,8030.66,1.685,5.59,1533.33,113.38,2183.5,93.2,99.13,1515.2,56.24,-0.0029553417672048,-0.005800846162522,-0.0112323569536663,-0.0005036963432969,0.0009083111085201,0.0019157726751188,-0.0024862381835575,-0.3596514613013912,-0.2925067441171034,-0.3370151312211913,0.0,0.8027599967581839
2258,2019-09-27,2961.79,-0.0053305084118475,48.38631038089867,2.31,1277097.0,552515.0,1829612.0,17.22,26820.25,7939.63,1.675,5.62,1520.48,113.23,2175.5,93.2,99.13,1506.4,55.95,-0.0026389213727995,-0.0114000416849009,-0.0084157664306649,-0.0036705707648811,0.0,-0.005824745088871,-0.0051698127444748,0.7336096350878769,0.5383557409180142,0.6705279534433988,0.0,0.8052949878277917
2259,2019-09-30,2976.74,0.0050349266847078,47.06511462649744,2.26,831789.0,368628.0,1200417.0,16.24,26916.83,7999.34,1.675,5.65,1523.37,113.35,2180.0,93.2,99.38,1472.9,54.09,0.0035945423156729,0.007492363599491,0.0018989114893388,0.0020663536223999,0.0025187661293681,-0.0224894518474449,-0.0338091088745988,-0.4287660095387444,-0.4046925768903318,-0.4214349260857801,0.0,0.8050930374292836
2260,2019-10-01,2940.25,-0.0123341302260575,46.7812490051676,2.07,818005.0,395722.0,1213727.0,18.56,26573.04,7908.68,1.644,5.66,1493.43,112.41,2158.5,95.5,99.13,1489.0,53.6,-0.012854573547365,-0.0113981477929563,-0.0198494981635999,-0.0099113407876023,-0.0025187661293681,0.0108715071885114,-0.0091002578065793,-0.0167103538350925,0.0709239390665832,0.0110267944774786,0.0243785257951385,0.8430165688518795
2261,2019-10-02,2887.61,-0.0180654413886065,47.35980504969981,1.82,1463102.0,804358.0,2267460.0,20.56,26078.62,7785.25,1.596,5.8,1479.63,112.39,2121.5,95.5,99.02,1507.9,52.67,-0.0187813464323127,-0.0157299726753237,-0.0092834312857927,-0.017290150353153,-0.0011102701115293,0.012613200687741,-0.0175030345814586,0.5814456692902414,0.7093324991850309,0.6249644713709461,0.0,0.8439430387713599
2262,2019-10-03,2910.63,0.0079403822367325,47.733179993340215,2.42,1094088.0,453028.0,1547116.0,19.12,26201.04,7872.26,1.536,5.84,1486.35,112.93,2131.399902,95.5,98.86,1513.8,52.41,0.0046832830877043,0.011114269851566,0.0045313936700663,0.0046556091653071,-0.0016171420544637,0.0039050915033165,-0.004948620681223,-0.2906376998399853,-0.5740905099785305,-0.3822677096587679,0.0,0.8703182997670065
